id,source_name,title,date,domain_primary,domain_secondary,reasoning_skills,puzzle_format,question,answer_only,explanation,difficulty,quality_status,requires_assets,evaluation,source,rights
dudeney-amusements-133,Dudeney Public Domain Puzzles,The Five Brigands,1917,combinatorics,algebra_equations | number_theory,diophantine_reasoning | combinatorial_counting | case_analysis,exact_value,"Five positive integer holdings A,B,C,D,E total 200 doubloons.  They also satisfy 12A + 3B + C + D/2 + E/3 = 200, and every displayed scaled holding must still be an integer (so D is even and E is divisible by 3).  How many ordered 5-tuples (A,B,C,D,E) satisfy all conditions?","6,627 ordered holdings","Clear denominators and combine the two equations:

    A+B+C+D+E=200,
    72A+18B+6C+3D+2E=1200.

For each A, enumerate positive B, even positive D, and positive E divisible by 3; C is forced by the first equation and the second equation is then a single check.  The counts for A=1 through 11 are respectively

    1005, 985, 977, 903, 832, 704, 570, 388, 200, 60, 3,

which sum to 6,627; no A>=12 is possible.  Dudeney also gives two affine parameter families for the A=6 case, producing 462+242=704 solutions and illustrating why a simple guessed count is unreliable.","{""bucket"": ""source_curated_hard_candidate"", ""evidence"": ""A contemporary source claimed 6,639; resolving the discrepancy requires a complete positive-integer enumeration with divisibility restrictions."", ""hard_core"": false, ""modern_empirical_pilot_pending"": true, ""selection_method"": ""manual_source_read_plus_exact_answer_verification""}",needs_review,False,"{""answer_only_scorable"": true, ""benchmark_core"": false, ""counts_toward_official_topic_score"": false, ""scoring_metric"": ""binary_accuracy"", ""time_limit_minutes"": 30, ""topic_scoring_group"": ""combinatorics"", ""track"": ""historical_difficulty_candidate""}","{""author"": ""Henry Ernest Dudeney"", ""book_title"": ""Amusements in Mathematics"", ""ebook_url"": ""https://www.gutenberg.org/ebooks/16713"", ""local_upstream_file"": ""research/gutenberg/upstream/pg16713.txt"", ""original_puzzle_number"": 133, ""original_section_title"": ""THE FIVE BRIGANDS."", ""plain_text_url"": ""https://www.gutenberg.org/cache/epub/16713/pg16713.txt"", ""publisher_of_digitization"": ""Project Gutenberg"", ""question_source_lines"": [2606, 2638], ""solution_source_lines"": [13499, 13560], ""upstream_sha256"": ""211a254547e147a9c0448121a4558ee9e8a05d550961dc9b6a434d802dee400d""}","{""jurisdiction_caveat"": ""Project Gutenberg's public-domain determination is for the United States. Re-check copyright status and any database/publication obligations in each target jurisdiction."", ""permission_required"": false, ""project_gutenberg_packaging_removed"": true, ""public_domain_us"": true, ""release_track"": ""open_commercial_core"", ""rights_status"": ""project_gutenberg_marks_ebook_public_domain_in_the_usa"", ""trademark_note"": ""Dataset rows do not include Project Gutenberg header/footer, licence boilerplate, or branding; source links and factual provenance are retained.""}"
dudeney-amusements-272,Dudeney Public Domain Puzzles,The Nine Schoolboys,1917,combinatorics,graph_network,combinatorial_counting | graph_modeling | constructive_search,construction_challenge | multi_part,"Nine boys A through I walk on six days.  Each day they form three ordered rows of three.  In a row X-Y-Z, only X-Y and Y-Z are side-by-side pairs; X and Z are not.  Construct six daily arrangements so that every unordered pair of boys walks side by side exactly once.","Day 1: ABC, DEF, GHI; Day 2: BFH, EIA, CGD; Day 3: FAG, IDB, HCE; Day 4: ADH, BEG, FIC; Day 5: GBI, CFD, HAE; Day 6: DCA, EHB, IGF","The six days are:

    ABC  DEF  GHI
    BFH  EIA  CGD
    FAG  IDB  HCE
    ADH  BEG  FIC
    GBI  CFD  HAE
    DCA  EHB  IGF

Each day contributes six side-by-side pairs, for 36 pair occurrences overall.  Since C(9,2)=36, it is enough to verify no pair repeats; direct checking shows every pair appears exactly once.  Each boy appears in the middle position twice (four neighbours) and at an end four times (four more neighbours), accounting for all eight partners.","{""bucket"": ""source_curated_hard_candidate"", ""evidence"": ""The source says even this smallest presented case has unquestionable difficulties; the construction is a complete decomposition of K9's 36 edges into constrained length-two paths."", ""hard_core"": false, ""modern_empirical_pilot_pending"": true, ""selection_method"": ""manual_source_read_plus_exact_answer_verification""}",needs_review,False,"{""answer_only_scorable"": true, ""benchmark_core"": false, ""counts_toward_official_topic_score"": false, ""scoring_metric"": ""binary_accuracy"", ""time_limit_minutes"": 30, ""topic_scoring_group"": ""combinatorics"", ""track"": ""historical_difficulty_candidate""}","{""author"": ""Henry Ernest Dudeney"", ""book_title"": ""Amusements in Mathematics"", ""ebook_url"": ""https://www.gutenberg.org/ebooks/16713"", ""local_upstream_file"": ""research/gutenberg/upstream/pg16713.txt"", ""original_puzzle_number"": 272, ""original_section_title"": ""THE NINE SCHOOLBOYS."", ""plain_text_url"": ""https://www.gutenberg.org/cache/epub/16713/pg16713.txt"", ""publisher_of_digitization"": ""Project Gutenberg"", ""question_source_lines"": [6267, 6290], ""solution_source_lines"": [16706, 16737], ""upstream_sha256"": ""211a254547e147a9c0448121a4558ee9e8a05d550961dc9b6a434d802dee400d""}","{""jurisdiction_caveat"": ""Project Gutenberg's public-domain determination is for the United States. Re-check copyright status and any database/publication obligations in each target jurisdiction."", ""permission_required"": false, ""project_gutenberg_packaging_removed"": true, ""public_domain_us"": true, ""release_track"": ""open_commercial_core"", ""rights_status"": ""project_gutenberg_marks_ebook_public_domain_in_the_usa"", ""trademark_note"": ""Dataset rows do not include Project Gutenberg header/footer, licence boilerplate, or branding; source links and factual provenance are retained.""}"
dudeney-amusements-408,Dudeney Public Domain Puzzles,Magic Squares of Two Degrees,1917,combinatorics,number_theory | algebra_equations,constraint_propagation | invariant | grouping_partition | constructive_search,construction_challenge | grid_fill,"Arrange the integers 1 through 64 in an 8-by-8 square so that every row, every column, and both main diagonals have the same sum; after replacing every entry x by x^2, those same 18 lines must again have a common sum.  Give one construction and both constants.","Linear constant 260; square constant 11,180; rows: 7 53 41 27 2 52 48 30 / 12 58 38 24 13 63 35 17 / 51 1 29 47 54 8 28 42 / 64 14 18 36 57 11 23 37 / 25 43 55 5 32 46 50 4 / 22 40 60 10 19 33 61 15 / 45 31 3 49 44 26 6 56 / 34 20 16 62 39 21 9 59","One valid square is:

     7 53 41 27  2 52 48 30
    12 58 38 24 13 63 35 17
    51  1 29 47 54  8 28 42
    64 14 18 36 57 11 23 37
    25 43 55  5 32 46 50  4
    22 40 60 10 19 33 61 15
    45 31  3 49 44 26  6 56
    34 20 16 62 39 21  9 59

Every row, column, and main diagonal sums to 260; the sums of squares on those same lines are all 11,180.  A key construction law pairs complements to 65.  If eight values sum to 260 and their squares to 11,180, replacing each x by 65-x preserves both totals: the linear sum becomes 8*65-260=260, and the quadratic sum becomes 8*65^2-130*260+11,180=11,180.  The 4-by-4 subsquares also use complementary pairings along their diagonals, coordinating the row, column, and diagonal constraints.","{""bucket"": ""source_curated_hard_candidate"", ""evidence"": ""Dudeney calls the problem a very hard nut and says the main difficulty is discovering the coupled complement and line conditions; order 8 is believed minimal in the source."", ""hard_core"": false, ""modern_empirical_pilot_pending"": true, ""selection_method"": ""manual_source_read_plus_exact_answer_verification""}",needs_review,False,"{""answer_only_scorable"": true, ""benchmark_core"": false, ""counts_toward_official_topic_score"": false, ""scoring_metric"": ""binary_accuracy"", ""time_limit_minutes"": 30, ""topic_scoring_group"": ""combinatorics"", ""track"": ""historical_difficulty_candidate""}","{""author"": ""Henry Ernest Dudeney"", ""book_title"": ""Amusements in Mathematics"", ""ebook_url"": ""https://www.gutenberg.org/ebooks/16713"", ""local_upstream_file"": ""research/gutenberg/upstream/pg16713.txt"", ""original_puzzle_number"": 408, ""original_section_title"": ""MAGIC SQUARES OF TWO DEGREES."", ""plain_text_url"": ""https://www.gutenberg.org/cache/epub/16713/pg16713.txt"", ""publisher_of_digitization"": ""Project Gutenberg"", ""question_source_lines"": [10010, 10081], ""solution_source_lines"": [20229, 20283], ""upstream_sha256"": ""211a254547e147a9c0448121a4558ee9e8a05d550961dc9b6a434d802dee400d""}","{""jurisdiction_caveat"": ""Project Gutenberg's public-domain determination is for the United States. Re-check copyright status and any database/publication obligations in each target jurisdiction."", ""permission_required"": false, ""project_gutenberg_packaging_removed"": true, ""public_domain_us"": true, ""release_track"": ""open_commercial_core"", ""rights_status"": ""project_gutenberg_marks_ebook_public_domain_in_the_usa"", ""trademark_note"": ""Dataset rows do not include Project Gutenberg header/footer, licence boilerplate, or branding; source links and factual provenance are retained.""}"
dudeney-canterbury-017,Dudeney Public Domain Puzzles,The Monk's Puzzle,1919,combinatorics,algebra_equations,combinatorial_counting | constraint_propagation,exact_value | grid_fill,"Eight kennels occupy the boundary cells of a 3-by-3 square; the centre cell is unused.  Write the occupancies as

    a  b  c
    d  .  e
    f  g  h

Each letter is a nonnegative integer, so a kennel may be empty.  In how many position-distinct arrangements is the total on every side exactly 10—that is, a+b+c = a+d+f = f+g+h = c+e+h = 10?  Rotations and reflections count as different arrangements.","2,926 arrangements","For a required side total n, Dudeney gives the labelled-position count

    (n^4 + 6n^3 + 14n^2 + 15n)/6 + 1.

Substituting n=10 gives (10,000 + 6,000 + 1,400 + 150)/6 + 1 = 2,926.  A direct check is also possible: choose a,b,d; then c=10-a-b and f=10-a-d.  For each admissible e, h=10-c-e and finally g=10-f-h; count precisely those choices for which all eight values are nonnegative.  This finite enumeration also gives 2,926.","{""bucket"": ""source_curated_hard_candidate"", ""evidence"": ""The original solution explicitly says the general solution is difficult and supplies a quartic counting formula; the labelled search space contains thousands of valid states."", ""hard_core"": false, ""modern_empirical_pilot_pending"": true, ""selection_method"": ""manual_source_read_plus_exact_answer_verification""}",needs_review,False,"{""answer_only_scorable"": true, ""benchmark_core"": false, ""counts_toward_official_topic_score"": false, ""scoring_metric"": ""binary_accuracy"", ""time_limit_minutes"": 30, ""topic_scoring_group"": ""combinatorics"", ""track"": ""historical_difficulty_candidate""}","{""author"": ""Henry Ernest Dudeney"", ""book_title"": ""The Canterbury Puzzles, and Other Curious Problems"", ""ebook_url"": ""https://www.gutenberg.org/ebooks/27635"", ""local_upstream_file"": ""research/gutenberg/upstream/pg27635.txt"", ""original_puzzle_number"": 17, ""original_section_title"": ""The Monk's Puzzle."", ""plain_text_url"": ""https://www.gutenberg.org/cache/epub/27635/pg27635.txt"", ""publisher_of_digitization"": ""Project Gutenberg"", ""question_source_lines"": [1068, 1091], ""solution_source_lines"": [4768, 4793], ""upstream_sha256"": ""02aa60bc6c3b5982246b0e1ef68428a5b9a7b83980938ceb189df51f26a0762a""}","{""jurisdiction_caveat"": ""Project Gutenberg's public-domain determination is for the United States. Re-check copyright status and any database/publication obligations in each target jurisdiction."", ""permission_required"": false, ""project_gutenberg_packaging_removed"": true, ""public_domain_us"": true, ""release_track"": ""open_commercial_core"", ""rights_status"": ""project_gutenberg_marks_ebook_public_domain_in_the_usa"", ""trademark_note"": ""Dataset rows do not include Project Gutenberg header/footer, licence boilerplate, or branding; source links and factual provenance are retained.""}"
dudeney-canterbury-030,Dudeney Public Domain Puzzles,The Puzzle of the Canon's Yeoman,1919,combinatorics,graph_network,combinatorial_counting | symmetry_reduction | recurrence_relations,exact_value | graph_problem,"The following staggered diamond contains the palindrome WASITARATISAW along every longest straight diagonal:

              W
            W A W
          W A S A W
        W A S I S A W
      W A S I T I S A W
    W A S I T A T I S A W
  W A S I T A R A T I S A W
    W A S I T A T I S A W
      W A S I T I S A W
        W A S I S A W
          W A S A W
            W A W
              W

Starting at any W, count the paths that spell “WAS IT A RAT I SAW”.  Each next letter must occupy a lattice-adjacent position—one step upward, downward, forward, or backward along an edge of the diamond.  A path may reverse direction and revisit a position later, but may not remain on the same position for two successive letters.  How many readings are there?","63,504 readings","The sentence has 2n+1 letters with n=6.  For this single-palindrome diamond, Dudeney's path count is [4(2^n-1)]^2.  The first half of a reading has 2^6-1 nonempty directional-choice patterns and four orientations; the second half has the symmetric independent count.  Hence

    [4(2^6-1)]^2 = (4*63)^2 = 252^2 = 63,504.","{""bucket"": ""source_curated_hard_candidate"", ""evidence"": ""The book develops four general diamond-letter formulas and describes the most general related form as the most difficult case; this instance still requires a non-obvious path-count formula."", ""hard_core"": false, ""modern_empirical_pilot_pending"": true, ""selection_method"": ""manual_source_read_plus_exact_answer_verification""}",needs_review,False,"{""answer_only_scorable"": true, ""benchmark_core"": false, ""counts_toward_official_topic_score"": false, ""scoring_metric"": ""binary_accuracy"", ""time_limit_minutes"": 30, ""topic_scoring_group"": ""combinatorics"", ""track"": ""historical_difficulty_candidate""}","{""author"": ""Henry Ernest Dudeney"", ""book_title"": ""The Canterbury Puzzles, and Other Curious Problems"", ""ebook_url"": ""https://www.gutenberg.org/ebooks/27635"", ""local_upstream_file"": ""research/gutenberg/upstream/pg27635.txt"", ""original_puzzle_number"": 30, ""original_section_title"": ""The Puzzle of the Canon's Yeoman."", ""plain_text_url"": ""https://www.gutenberg.org/cache/epub/27635/pg27635.txt"", ""publisher_of_digitization"": ""Project Gutenberg"", ""question_source_lines"": [1456, 1487], ""solution_source_lines"": [5039, 5121], ""upstream_sha256"": ""02aa60bc6c3b5982246b0e1ef68428a5b9a7b83980938ceb189df51f26a0762a""}","{""jurisdiction_caveat"": ""Project Gutenberg's public-domain determination is for the United States. Re-check copyright status and any database/publication obligations in each target jurisdiction."", ""permission_required"": false, ""project_gutenberg_packaging_removed"": true, ""public_domain_us"": true, ""release_track"": ""open_commercial_core"", ""rights_status"": ""project_gutenberg_marks_ebook_public_domain_in_the_usa"", ""trademark_note"": ""Dataset rows do not include Project Gutenberg header/footer, licence boilerplate, or branding; source links and factual provenance are retained.""}"
dudeney-canterbury-068,Dudeney Public Domain Puzzles,The Postage Stamps Puzzle (hard variant),1919,combinatorics,number_theory | optimization,constraint_propagation | integer_programming,construction_challenge | grid_fill,"Use a 3-by-3 array of cells.  Put any number of the following historical British postage stamps into the cells, but no two used stamps may have the same denomination: 1/2d, 1d, 1 1/2d, 2d, 2 1/2d, 3d, 4d, 5d, 6d, 9d, 10d, 1s, 2s 6d, 5s, 10s, £1, £5.  A cell may contain more than one stamp, and a cell may be empty.  Arrange the stamps so that the total value in each row, each column, and both main diagonals is the same.  Historical currency uses 12 pence (d) per shilling (s) and 20 shillings per pound (£), so £1=240d and £5=1,200d.","Common sum 1s 6d (18d): [{4d,3d}, empty, {1/2d,1 1/2d,9d}]; [10d,6d,2d]; [1d,1s,5d]","Treat each cell by its total value in pence.  The proposed array is

     7   0  11
    10   6   2
     1  12   5

Every row, column, and main diagonal sums to 18.  Realize 7 as two distinct stamps 4d+3d, 11 as three distinct stamps 1/2d+1 1/2d+9d, and 12 as the single 1s stamp; the other positive cells use 10d, 6d, 2d, 1d, and 5d.  Thus every physical stamp denomination is used at most once, and the zero cell is legitimately empty.  Dudeney explains the construction through a two-direction arithmetic progression: the nine cell totals are drawn from rows 0,1,2; 5,6,7; and 10,11,12 and then placed in magic order.","{""bucket"": ""source_curated_hard_candidate"", ""evidence"": ""The source explicitly calls this second stamp construction a hard nut; it combines distinct-denomination subset sums with eight simultaneous line constraints."", ""hard_core"": false, ""modern_empirical_pilot_pending"": true, ""selection_method"": ""manual_source_read_plus_exact_answer_verification""}",needs_review,False,"{""answer_only_scorable"": true, ""benchmark_core"": false, ""counts_toward_official_topic_score"": false, ""scoring_metric"": ""binary_accuracy"", ""time_limit_minutes"": 30, ""topic_scoring_group"": ""combinatorics"", ""track"": ""historical_difficulty_candidate""}","{""author"": ""Henry Ernest Dudeney"", ""book_title"": ""The Canterbury Puzzles, and Other Curious Problems"", ""ebook_url"": ""https://www.gutenberg.org/ebooks/27635"", ""local_upstream_file"": ""research/gutenberg/upstream/pg27635.txt"", ""original_puzzle_number"": 68, ""original_section_title"": ""The Postage Stamps Puzzles."", ""plain_text_url"": ""https://www.gutenberg.org/cache/epub/27635/pg27635.txt"", ""publisher_of_digitization"": ""Project Gutenberg"", ""question_source_lines"": [3046, 3078], ""solution_source_lines"": [6063, 6131], ""upstream_sha256"": ""02aa60bc6c3b5982246b0e1ef68428a5b9a7b83980938ceb189df51f26a0762a""}","{""jurisdiction_caveat"": ""Project Gutenberg's public-domain determination is for the United States. Re-check copyright status and any database/publication obligations in each target jurisdiction."", ""permission_required"": false, ""project_gutenberg_packaging_removed"": true, ""public_domain_us"": true, ""release_track"": ""open_commercial_core"", ""rights_status"": ""project_gutenberg_marks_ebook_public_domain_in_the_usa"", ""trademark_note"": ""Dataset rows do not include Project Gutenberg header/footer, licence boilerplate, or branding; source links and factual provenance are retained.""}"
harp-1983-aime-10,HARP,AIME 1983 #10,1983,combinatorics,,case_analysis | combinatorial_counting,numeric_answer,"The numbers $1447$, $1005$ and $1231$ have something in common: each is a $4$-digit number beginning with $1$ that has exactly two identical digits. How many such numbers are there?",$432$,"Suppose that the two identical digits are both $1$. Since the thousands digit must be $1$, only one of the other three digits can be $1$. This means the possible forms for the number are
$11xy,\qquad 1x1y,\qquad1xy1$
Because the number must have exactly two identical digits, $x\neq y$, $x\neq1$, and $y\neq1$. Hence, there are $3\cdot9\cdot8=216$ numbers of this form.
Now suppose that the two identical digits are not $1$. Reasoning similarly to before, we have the following possibilities:
$1xxy,\qquad1xyx,\qquad1yxx.$
Again, $x\neq y$, $x\neq 1$, and $y\neq 1$. There are $3\cdot9\cdot8=216$ numbers of this form.
Thus the answer is $216+216=\boxed{432}$.","{""bucket"": ""hard_candidate"", ""selection_rule"": ""HARP level in {5, 6}"", ""upstream_level"": 5}",needs_review,False,"{""answer_only_scorable"": true, ""benchmark_core"": true, ""counts_toward_official_topic_score"": true, ""scoring_metric"": ""binary_accuracy"", ""time_limit_minutes"": 30, ""topic_scoring_group"": ""combinatorics"", ""track"": ""answer_only_difficulty_selected_core""}","{""contest"": ""AIME"", ""problem_number"": 10, ""publisher"": ""HARP"", ""repository_url"": ""https://github.com/aadityasingh/HARP"", ""subject"": ""counting_and_probability"", ""year"": ""1983""}","{""note"": ""Repository license recorded; third-party competition question and solution rights require component-level confirmation before redistribution."", ""permission_required"": true, ""release_decision"": ""internal_only_pending_review"", ""release_track"": ""restricted_permission_required"", ""repository_license"": ""MIT""}"
harp-1983-aime-13,HARP,AIME 1983 #13,1983,combinatorics,,case_analysis | combinatorial_counting,numeric_answer,"For $\{1, 2, 3, \ldots, n\}$ and each of its non-empty subsets a unique <b>alternating sum</b> is defined as follows. Arrange the numbers in the subset in decreasing order and then, beginning with the largest, alternately add and subtract successive numbers. For example, the alternating sum for $\{1, 2, 3, 6,9\}$ is $9-6+3-2+1=5$ and for $\{5\}$ it is simply $5$. Find the sum of all such alternating sums for $n=7$.",$448$,"Let $S$ be a non- empty subset of $\{1,2,3,4,5,6\}$. 
Then the alternating sum of $S$, plus the alternating sum of $S \cup \{7\}$, is $7$. This is because, since $7$ is the largest element, when we take an alternating sum, each number in $S$ ends up with the opposite sign of each corresponding element of $S\cup \{7\}$.
Because there are $2^{6}=64$ of these pairs of sets, the sum of all possible subsets of our given set is $64 \cdot 7$, giving an answer of $\boxed{448}$.","{""bucket"": ""very_hard"", ""selection_rule"": ""HARP level in {5, 6}"", ""upstream_level"": 6}",needs_review,False,"{""answer_only_scorable"": true, ""benchmark_core"": true, ""counts_toward_official_topic_score"": true, ""scoring_metric"": ""binary_accuracy"", ""time_limit_minutes"": 30, ""topic_scoring_group"": ""combinatorics"", ""track"": ""answer_only_difficulty_selected_core""}","{""contest"": ""AIME"", ""problem_number"": 13, ""publisher"": ""HARP"", ""repository_url"": ""https://github.com/aadityasingh/HARP"", ""subject"": ""counting_and_probability"", ""year"": ""1983""}","{""note"": ""Repository license recorded; third-party competition question and solution rights require component-level confirmation before redistribution."", ""permission_required"": true, ""release_decision"": ""internal_only_pending_review"", ""release_track"": ""restricted_permission_required"", ""repository_license"": ""MIT""}"
harp-1985-aime-14,HARP,AIME 1985 #14,1985,combinatorics,,case_analysis | combinatorial_counting,numeric_answer,"In a tournament each player played exactly one game against each of the other players. In each game the winner was awarded $1$ point, the loser got $0$ points, and each of the two players earned $\frac{1}{2}$ point if the game was a tie. After the completion of the tournament, it was found that exactly half of the points earned by each player were earned against the ten players with the least number of points. (In particular, each of the ten lowest scoring players earned half of her/his points against the other nine of the ten). What was the total number of players in the tournament?",$25$,"Let us suppose for convenience that there were $n + 10$ players overall. Among the $n$ players not in the weakest 10 there were $n \choose 2$ games played and thus $n \choose 2$ points earned. By the givens, this means that these $n$ players also earned $n \choose 2$ points against our weakest 10. Now, the 10 weakest players playing amongst themselves played ${10 \choose 2} = 45$ games and so earned 45 points playing each other. Then they also earned 45 points playing against the stronger $n$ players. Since every point earned falls into one of these categories, It follows that the total number of points earned was $2{n \choose 2} + 90 = n^2 - n + 90$. However, there was one point earned per game, and there were a total of ${n + 10 \choose 2} = \frac{(n + 10)(n + 9)}{2}$ games played and thus $\frac{(n + 10)(n + 9)}{2}$ points earned. So we have $n^2 -n + 90 = \frac{(n + 10)(n + 9)}{2}$ so $2n^2 - 2n + 180 = n^2 + 19n + 90$ and $n^2 -21n + 90 = 0$ and $n = 6$ or $n = 15$. Now, note that the top $n$ players got $n(n - 1)$ points in total (by our previous calculation) for an average of $n - 1$, while the bottom 10 got 90 points total, for an average of 9. Thus we must have $n > 10$, so $n = 15$ and the answer is $15 + 10 = \boxed{25}$.","{""bucket"": ""very_hard"", ""selection_rule"": ""HARP level in {5, 6}"", ""upstream_level"": 6}",needs_review,False,"{""answer_only_scorable"": true, ""benchmark_core"": true, ""counts_toward_official_topic_score"": true, ""scoring_metric"": ""binary_accuracy"", ""time_limit_minutes"": 30, ""topic_scoring_group"": ""combinatorics"", ""track"": ""answer_only_difficulty_selected_core""}","{""contest"": ""AIME"", ""problem_number"": 14, ""publisher"": ""HARP"", ""repository_url"": ""https://github.com/aadityasingh/HARP"", ""subject"": ""counting_and_probability"", ""year"": ""1985""}","{""note"": ""Repository license recorded; third-party competition question and solution rights require component-level confirmation before redistribution."", ""permission_required"": true, ""release_decision"": ""internal_only_pending_review"", ""release_track"": ""restricted_permission_required"", ""repository_license"": ""MIT""}"
harp-1986-aime-12,HARP,AIME 1986 #12,1986,combinatorics,,case_analysis | combinatorial_counting,numeric_answer,"Let the sum of a set of numbers be the sum of its elements. Let $S$ be a set of positive integers, none greater than 15. Suppose no two disjoint subsets of $S$ have the same sum. What is the largest sum a set $S$ with these properties can have?",$61$,"By using the greedy algorithm, we obtain $\boxed{61}$, with $S=\{ 15,14,13,11,8\}$. We must now prove that no such set has sum greater than 61. Suppose such a set $S$ existed. Then $S$ must have more than 4 elements, otherwise its sum would be at most $15+14+13+12=54$. 
$S$ can't have more than 5 elements. To see why, note that at least $\dbinom{6}{0} + \dbinom{6}{1} + \dbinom{6}{2} + \dbinom{6}{3} + \dbinom{6}{4}=57$ of its subsets have at most four elements (the number of subsets with no elements plus the number of subsets with one element and so on), and each of them have sum at most 54. By the Pigeonhole Principle, two of these subsets would have the same sum. If those subsets were disjoint, we would directly arrive at a contradiction; if not, we could remove the common elements to get two disjoint subsets.
Thus, $S$ would have to have 5 elements. $S$ contains both 15 and 14 (otherwise its sum is at most $10+11+12+13+15=61$). It follows that $S$ cannot contain both $a$ and $a-1$ for any $a\leq 13$, or the subsets $\{a,14\}$ and $\{a-1,15\}$ would have the same sum. So now $S$ must contain 13 (otherwise its sum is at most $15+14+12+10+8=59$), and $S$ cannot contain 12, or the subsets $\{12,15\}$ and $\{13,14\}$ would have the same sum.
Now the only way $S$ could have sum at least $62=15+14+13+11+9$ would be if $S=\{ 15,14,13,11,9\}$. But the subsets $\{9,15\}$ and $\{11,13\}$ have the same sum, so this set does not work. Therefore no $S$ with sum greater than 61 is possible and 61 is indeed the maximum.","{""bucket"": ""hard_candidate"", ""selection_rule"": ""HARP level in {5, 6}"", ""upstream_level"": 5}",needs_review,False,"{""answer_only_scorable"": true, ""benchmark_core"": true, ""counts_toward_official_topic_score"": true, ""scoring_metric"": ""binary_accuracy"", ""time_limit_minutes"": 30, ""topic_scoring_group"": ""combinatorics"", ""track"": ""answer_only_difficulty_selected_core""}","{""contest"": ""AIME"", ""problem_number"": 12, ""publisher"": ""HARP"", ""repository_url"": ""https://github.com/aadityasingh/HARP"", ""subject"": ""counting_and_probability"", ""year"": ""1986""}","{""note"": ""Repository license recorded; third-party competition question and solution rights require component-level confirmation before redistribution."", ""permission_required"": true, ""release_decision"": ""internal_only_pending_review"", ""release_track"": ""restricted_permission_required"", ""repository_license"": ""MIT""}"
harp-1988-aime-15,HARP,AIME 1988 #15,1988,combinatorics,,case_analysis | combinatorial_counting,numeric_answer,"In an office at various times during the day, the boss gives the secretary a letter to type, each time putting the letter on top of the pile in the secretary's inbox. When there is time, the secretary takes the top letter off the pile and types it. There are nine letters to be typed during the day, and the boss delivers them in the order $1, 2, 3, 4, 5, 6, 7, 8, 9$. While leaving for lunch, the secretary tells a colleague that letter $8$ has already been typed but says nothing else about the morning's typing. The colleague wonders which of the nine letters remain to be typed after lunch and in what order they will be typed. Based on the above information, how many such after-lunch typing orders are possible? (That there are no letters left to be typed is one of the possibilities.)",$704$,"Re-stating the problem for clarity, let $S$ be a set arranged in increasing order. At any time an element can be appended to the end of $S$, or the last element of $S$ can be removed. The question asks for the number of different orders in which all of the remaining elements of $S$ can be removed, given that $8$ had been removed already. 
Since $8$ had already been added to the pile, the numbers $1 \ldots 7$ had already been added at some time to the pile; $9$ might or might not have been added yet. So currently $S$ is a subset of $\{1, 2, \ldots 7\}$, possibly with $9$ at the end. Given that $S$ has $k$ elements, there are $k+1$ intervals for $9$ to be inserted, or $9$ might have already been placed, giving $k+2$ different possibilities.
Thus, the answer is $\sum_{k=0}^{7} {7 \choose k}(k+2)$ $= 1 \cdot 2 + 7 \cdot 3 + 21 \cdot 4 + 35 \cdot 5 + 35 \cdot 6 + 21 \cdot 7 + 7 \cdot 8 + 1 \cdot 9$ $= \boxed{704}$.","{""bucket"": ""very_hard"", ""selection_rule"": ""HARP level in {5, 6}"", ""upstream_level"": 6}",needs_review,False,"{""answer_only_scorable"": true, ""benchmark_core"": true, ""counts_toward_official_topic_score"": true, ""scoring_metric"": ""binary_accuracy"", ""time_limit_minutes"": 30, ""topic_scoring_group"": ""combinatorics"", ""track"": ""answer_only_difficulty_selected_core""}","{""contest"": ""AIME"", ""problem_number"": 15, ""publisher"": ""HARP"", ""repository_url"": ""https://github.com/aadityasingh/HARP"", ""subject"": ""counting_and_probability"", ""year"": ""1988""}","{""note"": ""Repository license recorded; third-party competition question and solution rights require component-level confirmation before redistribution."", ""permission_required"": true, ""release_decision"": ""internal_only_pending_review"", ""release_track"": ""restricted_permission_required"", ""repository_license"": ""MIT""}"
harp-1990-aime-10,HARP,AIME 1990 #10,1990,combinatorics,,case_analysis | combinatorial_counting,numeric_answer,The sets $A = \{z : z^{18} = 1\}$ and $B = \{w : w^{48} = 1\}$ are both sets of complex roots of unity. The set $C = \{zw : z \in A ~ \mbox{and} ~ w \in B\}$ is also a set of complex roots of unity. How many distinct elements are in $C_{}^{}$?,$144$,"The least common multiple of $18$ and $48$ is $144$, so define $n = e^{2\pi i/144}$. We can write the numbers of set $A$ as $\{n^8, n^{16}, \ldots n^{144}\}$ and of set $B$ as $\{n^3, n^6, \ldots n^{144}\}$. $n^x$ can yield at most $144$ different values. All solutions for $zw$ will be in the form of $n^{8k_1 + 3k_2}$. 
$8$ and $3$ are relatively prime, and by the Chicken McNugget Theorem, for two relatively prime integers $a,b$, the largest number that cannot be expressed as the sum of multiples of $a,b$ is $a \cdot b - a - b$. For $3,8$, this is $13$; however, we can easily see that the numbers $145$ to $157$ can be written in terms of $3,8$. Since the exponents are of roots of unities, they reduce $\mod{144}$, so all numbers in the range are covered. Thus the answer is $\boxed{144}$.","{""bucket"": ""hard_candidate"", ""selection_rule"": ""HARP level in {5, 6}"", ""upstream_level"": 5}",needs_review,False,"{""answer_only_scorable"": true, ""benchmark_core"": true, ""counts_toward_official_topic_score"": true, ""scoring_metric"": ""binary_accuracy"", ""time_limit_minutes"": 30, ""topic_scoring_group"": ""combinatorics"", ""track"": ""answer_only_difficulty_selected_core""}","{""contest"": ""AIME"", ""problem_number"": 10, ""publisher"": ""HARP"", ""repository_url"": ""https://github.com/aadityasingh/HARP"", ""subject"": ""counting_and_probability"", ""year"": ""1990""}","{""note"": ""Repository license recorded; third-party competition question and solution rights require component-level confirmation before redistribution."", ""permission_required"": true, ""release_decision"": ""internal_only_pending_review"", ""release_track"": ""restricted_permission_required"", ""repository_license"": ""MIT""}"
harp-1992-aime-12,HARP,AIME 1992 #12,1992,combinatorics,,case_analysis | combinatorial_counting,numeric_answer,"In a game of <i>Chomp</i>, two players alternately take bites from a 5-by-7 grid of unit squares. To take a bite, a player chooses one of the remaining squares, then removes (""eats"") all squares in the quadrant defined by the left edge (extended upward) and the lower edge (extended rightward) of the chosen square. For example, the bite determined by the shaded square in the diagram would remove the shaded square and the four squares marked by $\times.$ (The squares with two or more dotted edges have been removed form the original board in previous moves.) The object of the game is to make one's opponent take the last bite. The diagram shows one of the many subsets of the set of 35 unit squares that can occur during the game of Chomp. How many different subsets are there in all? Include the full board and empty board in your count.",$792$,"By drawing possible examples of the subset, one can easily see that making one subset is the same as dividing the game board into two parts.
One can also see that it is the same as finding the shortest route from the upper left hand corner to the lower right hand corner; Such a route would require 5 lengths that go down, and 7 that go across, with the shape on the right ""carved"" out by the path a possible subset.
Therefore, the total number of such paths is $\binom{12}{5}=\boxed{792}$","{""bucket"": ""hard_candidate"", ""selection_rule"": ""HARP level in {5, 6}"", ""upstream_level"": 5}",needs_review,False,"{""answer_only_scorable"": true, ""benchmark_core"": true, ""counts_toward_official_topic_score"": true, ""scoring_metric"": ""binary_accuracy"", ""time_limit_minutes"": 30, ""topic_scoring_group"": ""combinatorics"", ""track"": ""answer_only_difficulty_selected_core""}","{""contest"": ""AIME"", ""problem_number"": 12, ""publisher"": ""HARP"", ""repository_url"": ""https://github.com/aadityasingh/HARP"", ""subject"": ""counting_and_probability"", ""year"": ""1992""}","{""note"": ""Repository license recorded; third-party competition question and solution rights require component-level confirmation before redistribution."", ""permission_required"": true, ""release_decision"": ""internal_only_pending_review"", ""release_track"": ""restricted_permission_required"", ""repository_license"": ""MIT""}"
harp-1993-aime-13,HARP,AIME 1993 #13,1993,combinatorics,,case_analysis | combinatorial_counting,numeric_answer,"Jenny and Kenny are walking in the same direction, Kenny at 3 feet per second and Jenny at 1 foot per second, on parallel paths that are 200 feet apart. A tall circular building 100 feet in diameter is centered midway between the paths. At the instant when the building first blocks the line of sight between Jenny and Kenny, they are 200 feet apart. Let $t\,$ be the amount of time, in seconds, before Jenny and Kenny can see each other again. If $t\,$ is written as a fraction in lowest terms, what is the sum of the numerator and denominator?",$163$,"Consider the unit cicle of radius 50. Assume that they start at points $(-50,100)$ and $(-50,-100).$ Then at time $t$, they end up at points $(-50+t,100)$ and $(-50+3t,-100).$
The equation of the line connecting these points and the equation of the circle are \begin{align}y&=-\frac{100}{t}x+200-\frac{5000}{t}\\50^2&=x^2+y^2\end{align}. When they see each other again, the line connecting the two points will be tangent to the circle at the point $(x,y).$ Since the radius is perpendicular to the tangent we get \[-\frac{x}{y}=-\frac{100}{t}\] or $xt=100y.$ Now substitute \[y= \frac{xt}{100}\] into $(2)$ and get \[x=\frac{5000}{\sqrt{100^2+t^2}}.\] Now substitute this and \[y=\frac{xt}{100}\] into $(1)$ and solve for $t$ to get \[t=\frac{160}{3}.\] Finally, the sum of the numerator and denominator is $160+3=\boxed{163}.$","{""bucket"": ""very_hard"", ""selection_rule"": ""HARP level in {5, 6}"", ""upstream_level"": 6}",needs_review,False,"{""answer_only_scorable"": true, ""benchmark_core"": true, ""counts_toward_official_topic_score"": true, ""scoring_metric"": ""binary_accuracy"", ""time_limit_minutes"": 30, ""topic_scoring_group"": ""combinatorics"", ""track"": ""answer_only_difficulty_selected_core""}","{""contest"": ""AIME"", ""problem_number"": 13, ""publisher"": ""HARP"", ""repository_url"": ""https://github.com/aadityasingh/HARP"", ""subject"": ""counting_and_probability"", ""year"": ""1993""}","{""note"": ""Repository license recorded; third-party competition question and solution rights require component-level confirmation before redistribution."", ""permission_required"": true, ""release_decision"": ""internal_only_pending_review"", ""release_track"": ""restricted_permission_required"", ""repository_license"": ""MIT""}"
harp-1995-aime-11,HARP,AIME 1995 #11,1995,combinatorics,,case_analysis | combinatorial_counting,numeric_answer,"A right rectangular prism $P_{}$ (i.e., a rectangular parallelpiped) has sides of integral length $a, b, c,$ with $a\le b\le c.$ A plane parallel to one of the faces of $P_{}$ cuts $P_{}$ into two prisms, one of which is similar to $P_{},$ and both of which have nonzero volume. Given that $b=1995,$ for how many ordered triples $(a, b, c)$ does such a plane exist?",$40$,"Let $P'$ be the prism similar to $P$, and let the sides of $P'$ be of length $x,y,z$, such that $x \le y \le z$. Then 
\[\frac{x}{a} = \frac{y}{b} = \frac zc < 1.\] 
Note that if the ratio of similarity was equal to $1$, we would have a prism with zero volume. As one face of $P'$ is a face of $P$, it follows that $P$ and $P'$ share at least two side lengths in common. Since $x < a, y < b, z < c$, it follows that the only possibility is $y=a,z=b=1995$. Then,
\[\frac{x}{a} = \frac{a}{1995} = \frac{1995}{c} \Longrightarrow ac = 1995^2 = 3^25^27^219^2.\] 
The number of factors of $3^25^27^219^2$ is $(2+1)(2+1)(2+1)(2+1) = 81$. Only in $\left\lfloor \frac {81}2 \right\rfloor = 40$ of these cases is $a < c$ (for $a=c$, we end with a prism of zero volume). We can easily verify that these will yield nondegenerate prisms, so the answer is $\boxed{40}$.","{""bucket"": ""hard_candidate"", ""selection_rule"": ""HARP level in {5, 6}"", ""upstream_level"": 5}",needs_review,False,"{""answer_only_scorable"": true, ""benchmark_core"": true, ""counts_toward_official_topic_score"": true, ""scoring_metric"": ""binary_accuracy"", ""time_limit_minutes"": 30, ""topic_scoring_group"": ""combinatorics"", ""track"": ""answer_only_difficulty_selected_core""}","{""contest"": ""AIME"", ""problem_number"": 11, ""publisher"": ""HARP"", ""repository_url"": ""https://github.com/aadityasingh/HARP"", ""subject"": ""counting_and_probability"", ""year"": ""1995""}","{""note"": ""Repository license recorded; third-party competition question and solution rights require component-level confirmation before redistribution."", ""permission_required"": true, ""release_decision"": ""internal_only_pending_review"", ""release_track"": ""restricted_permission_required"", ""repository_license"": ""MIT""}"
harp-1996-aime-12,HARP,AIME 1996 #12,1996,combinatorics,,case_analysis | combinatorial_counting,numeric_answer,"For each permutation $a_1,a_2,a_3,\cdots,a_{10}$ of the integers $1,2,3,\cdots,10$, form the sum \[|a_1-a_2|+|a_3-a_4|+|a_5-a_6|+|a_7-a_8|+|a_9-a_{10}|.\] The average value of all such sums can be written in the form $\dfrac{p}{q}$, where $p$ and $q$ are relatively prime positive integers. Find $p+q$.",$58$,"Because of symmetry, we may find all the possible values for $|a_n - a_{n - 1}|$ and multiply by the number of times this value appears. Each occurs $5 \cdot 8!$, because if you fix $a_n$ and $a_{n + 1}$ there are still $8!$ spots for the others and you can do this $5$ times because there are $5$ places $a_n$ and $a_{n + 1}$ can be.
To find all possible values for $|a_n - a_{n - 1}|$ we have to compute
\begin{eqnarray*} |1 - 10| + |1 - 9| + \ldots + |1 - 2|\\ + |2 - 10| + \ldots + |2 - 3| + |2 - 1|\\ + \ldots\\ + |10 - 9| \end{eqnarray*}
This is equivalent to
\[2\sum\limits_{k = 1}^{9}\sum\limits_{j = 1}^{k}j = 330\]
The total number of permutations is $10!$, so the average value is $\frac {330 \cdot 8! \cdot 5}{10!} = \frac {55}{3}$, and $m+n = \boxed{58}$.
Note from SuperJJ: Another way to think about this is that the total sum is 330. Because you have a total of $10 \cdot 9$ possible ""pairs"" or ""differences"", the average difference is $\frac{330}{90} = \frac{11}{3}$. Because the question asks for the expected value of the sum of $5$ of these pairs / differences, our answer is just $\frac{11}{3} \cdot 5 = {\frac{55}{3}}$.","{""bucket"": ""hard_candidate"", ""selection_rule"": ""HARP level in {5, 6}"", ""upstream_level"": 5}",needs_review,False,"{""answer_only_scorable"": true, ""benchmark_core"": true, ""counts_toward_official_topic_score"": true, ""scoring_metric"": ""binary_accuracy"", ""time_limit_minutes"": 30, ""topic_scoring_group"": ""combinatorics"", ""track"": ""answer_only_difficulty_selected_core""}","{""contest"": ""AIME"", ""problem_number"": 12, ""publisher"": ""HARP"", ""repository_url"": ""https://github.com/aadityasingh/HARP"", ""subject"": ""counting_and_probability"", ""year"": ""1996""}","{""note"": ""Repository license recorded; third-party competition question and solution rights require component-level confirmation before redistribution."", ""permission_required"": true, ""release_decision"": ""internal_only_pending_review"", ""release_track"": ""restricted_permission_required"", ""repository_license"": ""MIT""}"
harp-1996-aime-14,HARP,AIME 1996 #14,1996,combinatorics,,case_analysis | combinatorial_counting,numeric_answer,A $150\times 324\times 375$ rectangular solid is made by gluing together $1\times 1\times 1$ cubes. An internal diagonal of this solid passes through the interiors of how many of the $1\times 1\times 1$ cubes?,$768$,"Place one corner of the solid at $(0,0,0)$ and let $(a,b,c)$ be the general coordinates of the diagonally opposite corner of the rectangle, where $a, b, c \in \mathbb{Z_{+}}$.
We consider the vector equation of the diagonal segment represented by:
$(x, y, z) =m (a, b, c)$, where $m \in \mathbb{R}, 0 < m \le 1$.
Consider a point on the diagonal with coordinates $(ma, mb, mc)$. We have 3 key observations as this point moves from $(0,0,0)$ towards $(a,b,c)$:
1. When exactly one of $ma$, $mb$, $mc$ becomes a positive integer, the point crosses one of the faces of a $1 \times 1 \times 1$ cube from the outside to the inside of the cube.
1. When exactly two of $ma$, $mb$, $mc$ become positive integers, the point enters a new cube through one of the edges of the cube from the outside to the inside of the cube.
1. When all three $ma$, $mb$, $mc$ become positive integers, the point enters a cube through one of its vertices from the outside to the inside of the cube.
The number of cubes the diagonal passes is equal to the number of points on the diagonal that has one or more positive integers as coordinates.
If we slice the solid up by the $x$-planes defined by $x=1,2,3,4, \ldots, a$, the diagonal will cut these $x$-planes exactly $a$ times (plane of $x=0$ is not considered since $m \ne 0$). Similar arguments for slices along $y$-planes and $z$-planes give diagonal cuts of $b$, and $c$ times respectively. The total cuts by the diagonal is therefore $a+b+c$, if we can ensure that no more than $1$ positive integer is present in the x, y, or z coordinate in all points $(ma,mb,mc)$ on the diagonal. Note that point $(a,b,c)$ is already one such exception.
But for each diagonal point $(ma,mb,mc)$ with 2 (or more) positive integers occurring at the same time, $a+b+c$ counts the number of cube passes as $2$ instead of $1$ for each such point. There are $\gcd(a,b)+\gcd(b,c)+\gcd(c,a)$ points in such over-counting. We therefore subtract one time such over-counting from $a+b+c$.
And for each diagonal point $(ma,mb,mc)$ with exactly $3$ integers occurring at the same time, $a+b+c$ counts the number of cube passes as $3$ instead of $1$; ie $a+b+c$ over-counts each of such points by $2$. But since $\gcd(a,b)+\gcd(b,c)+\gcd(c,a)$ already subtracted three times for the case of $3$ integers occurring at the same time (since there are $3$ of these gcd terms that represent all combinations of 3 edges of a cube meeting at a vertex), we have the final count for each such point as $1 = 3-3+k \Rightarrow k=1$, where $k$ is our correction term. That is, we need to add $k=1$ time $\gcd(a,b,c)$ back to account for the case of 3 simultaneous integers.
Therefore, the total diagonal cube passes is:
$D = a+b+c-\left[ \gcd(a,b)+\gcd(b,c)+\gcd(c,a) \right]+\gcd(a,b,c)$.
For $(a,b,c) = (150, 324, 375)$, we have:
$\gcd(150,324)=6$, 
$\gcd(324,375)=3$, 
$\gcd(150,375)=75$, 
$\gcd(150,324,375)=3$.
Therefore
$D = 150+324+375-(6+3+75)+3 = \boxed{768}$.","{""bucket"": ""very_hard"", ""selection_rule"": ""HARP level in {5, 6}"", ""upstream_level"": 6}",needs_review,False,"{""answer_only_scorable"": true, ""benchmark_core"": true, ""counts_toward_official_topic_score"": true, ""scoring_metric"": ""binary_accuracy"", ""time_limit_minutes"": 30, ""topic_scoring_group"": ""combinatorics"", ""track"": ""answer_only_difficulty_selected_core""}","{""contest"": ""AIME"", ""problem_number"": 14, ""publisher"": ""HARP"", ""repository_url"": ""https://github.com/aadityasingh/HARP"", ""subject"": ""counting_and_probability"", ""year"": ""1996""}","{""note"": ""Repository license recorded; third-party competition question and solution rights require component-level confirmation before redistribution."", ""permission_required"": true, ""release_decision"": ""internal_only_pending_review"", ""release_track"": ""restricted_permission_required"", ""repository_license"": ""MIT""}"
harp-1997-aime-10,HARP,AIME 1997 #10,1997,combinatorics,,case_analysis | combinatorial_counting,numeric_answer,"Every card in a deck has a picture of one shape - circle, square, or triangle, which is painted in one of the three colors - red, blue, or green. Furthermore, each color is applied in one of three shades - light, medium, or dark. The deck has 27 cards, with every shape-color-shade combination represented. A set of three cards from the deck is called complementary if all of the following statements are true: i. Either each of the three cards has a different shape or all three of the cards have the same shape. ii. Either each of the three cards has a different color or all three of the cards have the same color. iii. Either each of the three cards has a different shade or all three of the cards have the same shade. How many different complementary three-card sets are there?",$117$,"* <b>Case 1</b>: All three attributes are the same. This is impossible since sets contain distinct cards.
* <b>Case 2</b>: Two of the three attributes are the same. There are ${3\choose 2}$ ways to pick the two attributes in question. Then there are $3$ ways to pick the value of the first attribute, $3$ ways to pick the value of the second attribute, and $1$ way to arrange the positions of the third attribute, giving us ${3\choose 2} \cdot 3 \cdot 3 = 27$ ways.
* <b>Case 3</b>: One of the three attributes are the same. There are ${3\choose 1}$ ways to pick the one attribute in question, and then $3$ ways to pick the value of that attribute. Then there are $3!$ ways to arrange the positions of the next two attributes, giving us ${3\choose 1} \cdot 3 \cdot 3! = 54$ ways.
* <b>Case 4</b>: None of the three attributes are the same. We fix the order of the first attribute, and then there are $3!$ ways to pick the ordering of the second attribute and $3!$ ways to pick the ordering of the third attribute. This gives us $(3!)^2 = 36$ ways.
Adding the cases up, we get $27 + 54 + 36 = \boxed{117}$.","{""bucket"": ""hard_candidate"", ""selection_rule"": ""HARP level in {5, 6}"", ""upstream_level"": 5}",needs_review,False,"{""answer_only_scorable"": true, ""benchmark_core"": true, ""counts_toward_official_topic_score"": true, ""scoring_metric"": ""binary_accuracy"", ""time_limit_minutes"": 30, ""topic_scoring_group"": ""combinatorics"", ""track"": ""answer_only_difficulty_selected_core""}","{""contest"": ""AIME"", ""problem_number"": 10, ""publisher"": ""HARP"", ""repository_url"": ""https://github.com/aadityasingh/HARP"", ""subject"": ""counting_and_probability"", ""year"": ""1997""}","{""note"": ""Repository license recorded; third-party competition question and solution rights require component-level confirmation before redistribution."", ""permission_required"": true, ""release_decision"": ""internal_only_pending_review"", ""release_track"": ""restricted_permission_required"", ""repository_license"": ""MIT""}"
harp-1998-aime-15,HARP,AIME 1998 #15,1998,combinatorics,,case_analysis | combinatorial_counting,numeric_answer,"Define a domino to be an ordered pair of distinct positive integers. A proper sequence of dominos is a list of distinct dominos in which the first coordinate of each pair after the first equals the second coordinate of the immediately preceding pair, and in which $(i,j)$ and $(j,i)$ do not both appear for any $i$ and $j$. Let $D_{40}$ be the set of all dominos whose coordinates are no larger than 40. Find the length of the longest proper sequence of dominos that can be formed using the dominos of $D_{40}.$",$761$,"We can draw a comparison between the domino a set of 40 points (labeled 1 through 40) in which every point is connected with every other point. The connections represent the dominoes.
You need to have all even number of segments coming from each point except 0 or 2 which have an odd number of segments coming from the point. (Reasoning for this: Everytime you go to a vertex, you have to leave the vertex, so every vertex reached is equivalent to adding 2 more segments. So the degree of each vertex must be even, with the exception of endpoints) Since there are 39 segments coming from each point it is impossible to touch every segment.
But you can get up to 38 on each segment because you go in to the point then out on a different segment. Counting going out from the starting and ending at the ending point we have:
$\frac{38\cdot 38 + 2\cdot 39}2 = \boxed{761}$","{""bucket"": ""very_hard"", ""selection_rule"": ""HARP level in {5, 6}"", ""upstream_level"": 6}",needs_review,False,"{""answer_only_scorable"": true, ""benchmark_core"": true, ""counts_toward_official_topic_score"": true, ""scoring_metric"": ""binary_accuracy"", ""time_limit_minutes"": 30, ""topic_scoring_group"": ""combinatorics"", ""track"": ""answer_only_difficulty_selected_core""}","{""contest"": ""AIME"", ""problem_number"": 15, ""publisher"": ""HARP"", ""repository_url"": ""https://github.com/aadityasingh/HARP"", ""subject"": ""counting_and_probability"", ""year"": ""1998""}","{""note"": ""Repository license recorded; third-party competition question and solution rights require component-level confirmation before redistribution."", ""permission_required"": true, ""release_decision"": ""internal_only_pending_review"", ""release_track"": ""restricted_permission_required"", ""repository_license"": ""MIT""}"
harp-2000-aime_i-15,HARP,AIME_I 2000 #15,2000,combinatorics,,case_analysis | combinatorial_counting,numeric_answer,"A stack of $2000$ cards is labelled with the integers from $1$ to $2000,$ with different integers on different cards. The cards in the stack are not in numerical order. The top card is removed from the stack and placed on the table, and the next card is moved to the bottom of the stack. The new top card is removed from the stack and placed on the table, to the right of the card already there, and the next card in the stack is moved to the bottom of the stack. The process - placing the top card to the right of the cards already on the table and moving the next card in the stack to the bottom of the stack - is repeated until all cards are on the table. It is found that, reading from left to right, the labels on the cards are now in ascending order: $1,2,3,\ldots,1999,2000.$ In the original stack of cards, how many cards were above the card labeled $1999$?",$927$,"We try to work backwards from when there are 2 cards left, since this is when the 1999 card is laid onto the table. When there are 2 cards left, the 1999 card is on the top of the deck. In order for this to occur, it must be 2nd on the deck when there are 4 cards remaining, and this means it must be the 4th card when there are 8 cards remaining. This pattern continues until it is the 512th card on the deck when there are 1024 cards remaining. Since there are over 1000 cards remaining, some cards have not even made one trip through yet, $2(1024 - 1000) = 48$, to be exact. Once these cards go through, 1999 will be the $512 - 48 = 464^\text{th}$ card on the deck. Since every other card was removed during the first round, it goes to show that 1999 was in position $464 \times 2 = 928$, meaning that there were $\boxed{927}$ cards are above the one labeled $1999$.","{""bucket"": ""very_hard"", ""selection_rule"": ""HARP level in {5, 6}"", ""upstream_level"": 6}",needs_review,False,"{""answer_only_scorable"": true, ""benchmark_core"": true, ""counts_toward_official_topic_score"": true, ""scoring_metric"": ""binary_accuracy"", ""time_limit_minutes"": 30, ""topic_scoring_group"": ""combinatorics"", ""track"": ""answer_only_difficulty_selected_core""}","{""contest"": ""AIME_I"", ""problem_number"": 15, ""publisher"": ""HARP"", ""repository_url"": ""https://github.com/aadityasingh/HARP"", ""subject"": ""counting_and_probability"", ""year"": ""2000""}","{""note"": ""Repository license recorded; third-party competition question and solution rights require component-level confirmation before redistribution."", ""permission_required"": true, ""release_decision"": ""internal_only_pending_review"", ""release_track"": ""restricted_permission_required"", ""repository_license"": ""MIT""}"
harp-2001-aime_i-14,HARP,AIME_I 2001 #14,2001,combinatorics,,case_analysis | combinatorial_counting,numeric_answer,"A mail carrier delivers mail to the nineteen houses on the east side of Elm Street. The carrier notices that no two adjacent houses ever get mail on the same day, but that there are never more than two houses in a row that get no mail on the same day. How many different patterns of mail delivery are possible?",$351$,"Let $0$ represent a house that does not receive mail and $1$ represent a house that does receive mail. This problem is now asking for the number of $19$-digit strings of $0$'s and $1$'s such that there are no two consecutive $1$'s and no three consecutive $0$'s. 
The last two digits of any $n$-digit string can't be $11$, so the only possibilities are $00$, $01$, and $10$. 
Let $a_n$ be the number of $n$-digit strings ending in $00$, $b_n$ be the number of $n$-digit strings ending in $01$, and $c_n$ be the number of $n$-digit strings ending in $10$. 
If an $n$-digit string ends in $00$, then the previous digit must be a $1$, and the last two digits of the $n-1$ digits substring will be $10$. So 
\[a_{n} = c_{n-1}.\]
If an $n$-digit string ends in $01$, then the previous digit can be either a $0$ or a $1$, and the last two digits of the $n-1$ digits substring can be either $00$ or $10$. So 
\[b_{n} = a_{n-1} + c_{n-1}.\]
If an $n$-digit string ends in $10$, then the previous digit must be a $0$, and the last two digits of the $n-1$ digits substring will be $01$. So 
\[c_{n} = b_{n-1}.\]
Clearly, $a_2=b_2=c_2=1$. Using the recursive equations and initial values: 
\[\begin{array}{|c|c|c|c|c|c|c|c|c|c|c|c|c|c|c|c|c|c|c|} \multicolumn{19}{c}{}\\\hline n&2&3&4&5&6&7&8&9&10&11&12&13&14&15&16&17&18&19\\\hline a_n&1&1&1&2&2&3&4&5&7&9&12&16&21&28&37&49&65&86\\\hline b_n&1&2&2&3&4&5&7&9&12&16&21&28&37&49&65&86&114&151\\\hline c_n&1&1&2&2&3&4&5&7&9&12&16&21&28&37&49&65&86&114\\\hline \end{array}\]
As a result $a_{19}+b_{19}+c_{19}=\boxed{351}$.","{""bucket"": ""very_hard"", ""selection_rule"": ""HARP level in {5, 6}"", ""upstream_level"": 6}",needs_review,False,"{""answer_only_scorable"": true, ""benchmark_core"": true, ""counts_toward_official_topic_score"": true, ""scoring_metric"": ""binary_accuracy"", ""time_limit_minutes"": 30, ""topic_scoring_group"": ""combinatorics"", ""track"": ""answer_only_difficulty_selected_core""}","{""contest"": ""AIME_I"", ""problem_number"": 14, ""publisher"": ""HARP"", ""repository_url"": ""https://github.com/aadityasingh/HARP"", ""subject"": ""counting_and_probability"", ""year"": ""2001""}","{""note"": ""Repository license recorded; third-party competition question and solution rights require component-level confirmation before redistribution."", ""permission_required"": true, ""release_decision"": ""internal_only_pending_review"", ""release_track"": ""restricted_permission_required"", ""repository_license"": ""MIT""}"
harp-2003-aime_ii-12,HARP,AIME_II 2003 #12,2003,combinatorics,,case_analysis | combinatorial_counting,numeric_answer,"The members of a distinguished committee were choosing a president, and each member gave one vote to one of the 27 candidates. For each candidate, the exact percentage of votes the candidate got was smaller by at least 1 than the number of votes for that candidate. What was the smallest possible number of members of the committee?",$134$,"Let $v_i$ be the number of votes candidate $i$ received, and let $s=v_1+\cdots+v_{27}$ be the total number of votes cast. Our goal is to determine the smallest possible $s$.
Candidate $i$ got $\frac{v_i}s$ of the votes, hence the percentage of votes they received is $\frac{100v_i}s$. The condition in the problem statement says that $\forall i: \frac{100v_i}s + 1 \leq v_i$. ($\forall$ means ""for all"", so this means ""For all $i$, $\frac{100v_i}s + 1 \leq v_i$ is true"")
Obviously, if some $v_i$ would be $0$ or $1$, the condition would be false. Thus $\forall i: v_i\geq 2$. We can then rewrite the above inequality as $\forall i: s\geq\frac{100v_i}{v_i-1}$. 
If for some $i$ we have $v_i=2$, then from the inequality we just derived we would have $s\geq 200$.
If for some $i$ we have $v_i=3$, then $s\geq 150$.
And if for some $i$ we have $v_i=4$, then $s\geq \frac{400}3 = 133\frac13$, and hence $s\geq 134$.
Is it possible to have $s<134$? We just proved that to have such $s$, all $v_i$ have to be at least $5$. But then $s=v_1+\cdots+v_{27}\geq 27\cdot 5 = 135$, which is a contradiction. Hence the smallest possible $s$ is at least $134$.
Now consider a situation where $26$ candidates got $5$ votes each, and one candidate got $4$ votes. In this situation, the total number of votes is exactly $134$, and for each candidate the above inequality is satisfied. Hence the minimum number of committee members is $s=\boxed{134}$.
Note: Each of the $26$ candidates received $\simeq 3.63\%$ votes, and the last candidate received $\simeq 2.985\%$ votes.","{""bucket"": ""hard_candidate"", ""selection_rule"": ""HARP level in {5, 6}"", ""upstream_level"": 5}",needs_review,False,"{""answer_only_scorable"": true, ""benchmark_core"": true, ""counts_toward_official_topic_score"": true, ""scoring_metric"": ""binary_accuracy"", ""time_limit_minutes"": 30, ""topic_scoring_group"": ""combinatorics"", ""track"": ""answer_only_difficulty_selected_core""}","{""contest"": ""AIME_II"", ""problem_number"": 12, ""publisher"": ""HARP"", ""repository_url"": ""https://github.com/aadityasingh/HARP"", ""subject"": ""counting_and_probability"", ""year"": ""2003""}","{""note"": ""Repository license recorded; third-party competition question and solution rights require component-level confirmation before redistribution."", ""permission_required"": true, ""release_decision"": ""internal_only_pending_review"", ""release_track"": ""restricted_permission_required"", ""repository_license"": ""MIT""}"
harp-2005-aime_i-13,HARP,AIME_I 2005 #13,2005,combinatorics,,case_analysis | combinatorial_counting,numeric_answer,"A particle moves in the Cartesian plane according to the following rules: 1. From any lattice point $(a,b),$ the particle may only move to $(a+1,b), (a,b+1),$ or $(a+1,b+1).$ 2. There are no right angle turns in the particle's path. How many different paths can the particle take from $(0,0)$ to $(5,5)$?",$83$,"The length of the path (the number of times the particle moves) can range from $l = 5$ to $9$; notice that $d = 10-l$ gives the number of diagonals. Let $R$ represent a move to the right, $U$ represent a move upwards, and $D$ to be a move that is diagonal. Casework upon the number of diagonal moves:
* <b>Case </b> $d = 1$: It is easy to see only $2$ cases.
* <b>Case </b> $d = 2$: There are two diagonals. We need to generate a string with $3$ $R$'s, $3$ $U$'s, and $2$ $D$'s such that no two $R$'s or $U$'s are adjacent. The $D$'s split the string into three sections ($-D-D-$): by the Pigeonhole principle all of at least one of the two letters must be all together (i.e., stay in a row).
If both $R$ and $U$ stay together, then there are $3 \cdot 2=6$ ways.
If either $R$ or $U$ splits, then there are $3$ places to put the letter that splits, which has $2$ possibilities. The remaining letter must divide into $2$ in one section and $1$ in the next, giving $2$ ways. This totals $6 + 3\cdot 2\cdot 2 = 18$ ways.
* <b>Case </b> $d = 3$: Now $2$ $R$'s, $2$ $U$'s, and $3$ $D$'s, so the string is divided into $4$ partitions ($-D-D-D-$).
If the $R$'s and $U$'s stay together, then there are $4 \cdot 3 = 12$ places to put them.
If one of them splits and the other stays together, then there are $4 \cdot {3\choose 2}$ places to put them, and $2$ ways to pick which splits, giving $4 \cdot 3 \cdot 2 = 24$ ways.
If both groups split, then there are ${4\choose 2}=6$ ways to arrange them. These add up to $12 + 24 + 6 = 42$ ways.
* <b>Case </b> $d = 4$: Now $1$ $R$, $1$ $U$, $4$ $D$'s ($-D-D-D-D-$). There are $5$ places to put $R$, $4$ places to put $U$, giving $20$ ways.
* <b>Case </b> $d = 5$: It is easy to see only $1$ case.
Together, these add up to $2 + 18 + 42 + 20 + 1 = \boxed{83}$.","{""bucket"": ""very_hard"", ""selection_rule"": ""HARP level in {5, 6}"", ""upstream_level"": 6}",needs_review,False,"{""answer_only_scorable"": true, ""benchmark_core"": true, ""counts_toward_official_topic_score"": true, ""scoring_metric"": ""binary_accuracy"", ""time_limit_minutes"": 30, ""topic_scoring_group"": ""combinatorics"", ""track"": ""answer_only_difficulty_selected_core""}","{""contest"": ""AIME_I"", ""problem_number"": 13, ""publisher"": ""HARP"", ""repository_url"": ""https://github.com/aadityasingh/HARP"", ""subject"": ""counting_and_probability"", ""year"": ""2005""}","{""note"": ""Repository license recorded; third-party competition question and solution rights require component-level confirmation before redistribution."", ""permission_required"": true, ""release_decision"": ""internal_only_pending_review"", ""release_track"": ""restricted_permission_required"", ""repository_license"": ""MIT""}"
harp-2006-aime_i-11,HARP,AIME_I 2006 #11,2006,combinatorics,,case_analysis | combinatorial_counting,numeric_answer,"A collection of 8 cubes consists of one cube with edge-length $k$ for each integer $k, 1 \le k \le 8.$ A tower is to be built using all 8 cubes according to the rules: * Any cube may be the bottom cube in the tower. * The cube immediately on top of a cube with edge-length $k$ must have edge-length at most $k+2.$ Let $T$ be the number of different towers than can be constructed. What is the remainder when $T$ is divided by 1000?",$458$,"We proceed recursively. Suppose we can build $T_m$ towers using blocks of size $1, 2, \ldots, m$. How many towers can we build using blocks of size $1, 2, \ldots, m, m + 1$? If we remove the block of size $m + 1$ from such a tower (keeping all other blocks in order), we get a valid tower using blocks $1, 2, \ldots, m$. Given a tower using blocks $1, 2, \ldots, m$ (with $m \geq 2$), we can insert the block of size $m + 1$ in exactly 3 places: at the beginning, immediately following the block of size $m - 1$ or immediately following the block of size $m$. Thus, there are 3 times as many towers using blocks of size $1, 2, \ldots, m, m + 1$ as there are towers using only $1, 2, \ldots, m$. There are 2 towers which use blocks $1, 2$, so there are $2\cdot 3^6 = 1458$ towers using blocks $1, 2, \ldots, 8$, so the answer is $\boxed{458}$.
(Note that we cannot say, ""there is one tower using the block $1$, so there are $3^7$ towers using the blocks $1, 2, \ldots, 8$."" The reason this fails is that our recursion only worked when $m \geq 2$: when $m = 1$, there are only 2 places to insert a block of size $m + 1 = 2$, at the beginning or at the end, rather than the 3 places we have at later stages. Also, note that this method generalizes directly to seeking the number of towers where we change the second rule to read, ""The cube immediately on top of a cube with edge-length $k$ must have edge-length at most $k + n$,"" where $n$ can be any fixed integer.)","{""bucket"": ""hard_candidate"", ""selection_rule"": ""HARP level in {5, 6}"", ""upstream_level"": 5}",needs_review,False,"{""answer_only_scorable"": true, ""benchmark_core"": true, ""counts_toward_official_topic_score"": true, ""scoring_metric"": ""binary_accuracy"", ""time_limit_minutes"": 30, ""topic_scoring_group"": ""combinatorics"", ""track"": ""answer_only_difficulty_selected_core""}","{""contest"": ""AIME_I"", ""problem_number"": 11, ""publisher"": ""HARP"", ""repository_url"": ""https://github.com/aadityasingh/HARP"", ""subject"": ""counting_and_probability"", ""year"": ""2006""}","{""note"": ""Repository license recorded; third-party competition question and solution rights require component-level confirmation before redistribution."", ""permission_required"": true, ""release_decision"": ""internal_only_pending_review"", ""release_track"": ""restricted_permission_required"", ""repository_license"": ""MIT""}"
harp-2006-aime_ii-13,HARP,AIME_II 2006 #13,2006,combinatorics,,case_analysis | combinatorial_counting,numeric_answer,How many integers $N$ less than $1000$ can be written as the sum of $j$ consecutive positive odd integers from exactly 5 values of $j\ge 1$?,$15$,"Let the first odd integer be $2n+1$, $n\geq 0$. Then the final odd integer is $2n+1 + 2(j-1) = 2(n+j) - 1$. The odd integers form an arithmetic sequence with sum $N = j\left(\frac{(2n+1) + (2(n+j)-1)}{2}\right) = j(2n+j)$. Thus, $j$ is a factor of $N$.
Since $n\geq 0$, it follows that $2n+j \geq j$ and $j\leq \sqrt{N}$.
Since there are exactly $5$ values of $j$ that satisfy the equation, there must be either $9$ or $10$ factors of $N$. This means $N=p_1^2p_2^2$ or $N=p_1p_2^4$. Unfortunately, we cannot simply observe prime factorizations of $N$ because the factor $(2n+j)$ does not cover all integers for any given value of $j$.
Instead we do some casework:
* If $N$ is odd, then $j$ must also be odd. For every odd value of $j$, $2n+j$ is also odd, making this case valid for all odd $j$. Looking at the forms above and the bound of $1000$, $N$ must be
\[(3^2\cdot5^2),\ (3^2\cdot7^2),\ (3^4\cdot5),\ (3^4\cdot7),\ (3^4\cdot 11)\]
Those give $5$ possibilities for odd $N$.
* If $N$ is even, then $j$ must also be even. Substituting $j=2k$, we get
\[N = 4k(n+k) \Longrightarrow \frac{N}{4} = k(n+k)\]
Now we can just look at all the prime factorizations since $(n+k)$ cover the integers for any $k$. Note that our upper bound is now $250$:
\[\frac{N}{4} = (2^2\cdot3^2),(2^2\cdot5^2),(2^2\cdot7^2), (3^2\cdot5^2), (2^4\cdot3), (2^4\cdot5), (2^4\cdot7), (2^4\cdot11), (2^4\cdot13), (3^4\cdot2)\]
Those give $10$ possibilities for even $N$.
The total number of integers $N$ is $5 + 10 = \boxed{15}$.","{""bucket"": ""very_hard"", ""selection_rule"": ""HARP level in {5, 6}"", ""upstream_level"": 6}",needs_review,False,"{""answer_only_scorable"": true, ""benchmark_core"": true, ""counts_toward_official_topic_score"": true, ""scoring_metric"": ""binary_accuracy"", ""time_limit_minutes"": 30, ""topic_scoring_group"": ""combinatorics"", ""track"": ""answer_only_difficulty_selected_core""}","{""contest"": ""AIME_II"", ""problem_number"": 13, ""publisher"": ""HARP"", ""repository_url"": ""https://github.com/aadityasingh/HARP"", ""subject"": ""counting_and_probability"", ""year"": ""2006""}","{""note"": ""Repository license recorded; third-party competition question and solution rights require component-level confirmation before redistribution."", ""permission_required"": true, ""release_decision"": ""internal_only_pending_review"", ""release_track"": ""restricted_permission_required"", ""repository_license"": ""MIT""}"
harp-2007-aime_i-10,HARP,AIME_I 2007 #10,2007,combinatorics,,case_analysis | combinatorial_counting,numeric_answer,"In a 6 x 4 grid (6 rows, 4 columns), 12 of the 24 squares are to be shaded so that there are two shaded squares in each row and three shaded squares in each column. Let $N$ be the number of shadings with this property. Find the remainder when $N$ is divided by 1000.",$860$,"Consider the first column. There are ${6\choose3} = 20$ ways that the rows could be chosen, but without loss of generality let them be the first three rows. (Change the order of the rows to make this true.) We will multiply whatever answer we get by 20 to get our final answer.
Now consider the 3x3 that is next to the 3 boxes we have filled in. We must put one ball in each row (since there must be 2 balls in each row and we've already put one in each). We split into three cases:
* All three balls are in the same column. In this case, there are 3 choices for which column that is. From here, the bottom half of the board is fixed.
* Two balls are in one column, and one is in the other. In this case, there are 3 ways to choose which column gets 2 balls and 2 ways to choose which one gets the other ball. Then, there are 3 ways to choose which row the lone ball is in. Now, what happens in the bottom half of the board? Well, the 3 boxes in the column with no balls in the top half must all be filled in, so there are no choices here. In the column with two balls already, we can choose any of the 3 boxes for the third ball. This forces the location for the last two balls. So we have $3 \cdot 2 \cdot 3 \cdot 3 = 54$.
* All three balls are in different columns. Then there are 3 ways to choose which row the ball in column 2 goes and 2 ways to choose where the ball in column 3 goes. (The location of the ball in column 4 is forced.) Again, we think about what happens in the bottom half of the board. There are 2 balls in each row and column now, so in the 3x3 where we still have choices, each row and column has one square that is <b>not</b> filled in. But there are 6 ways to do this. So in all there are 36 ways.
So there are $20(3+54+36) = 1860$ different shadings, and the solution is $\boxed{860}$.","{""bucket"": ""hard_candidate"", ""selection_rule"": ""HARP level in {5, 6}"", ""upstream_level"": 5}",needs_review,False,"{""answer_only_scorable"": true, ""benchmark_core"": true, ""counts_toward_official_topic_score"": true, ""scoring_metric"": ""binary_accuracy"", ""time_limit_minutes"": 30, ""topic_scoring_group"": ""combinatorics"", ""track"": ""answer_only_difficulty_selected_core""}","{""contest"": ""AIME_I"", ""problem_number"": 10, ""publisher"": ""HARP"", ""repository_url"": ""https://github.com/aadityasingh/HARP"", ""subject"": ""counting_and_probability"", ""year"": ""2007""}","{""note"": ""Repository license recorded; third-party competition question and solution rights require component-level confirmation before redistribution."", ""permission_required"": true, ""release_decision"": ""internal_only_pending_review"", ""release_track"": ""restricted_permission_required"", ""repository_license"": ""MIT""}"
harp-2007-aime_ii-13,HARP,AIME_II 2007 #13,2007,combinatorics,,case_analysis | combinatorial_counting,numeric_answer,"A triangular array of squares has one square in the first row, two in the second, and in general, $k$ squares in the $k$th row for $1 \leq k \leq 11.$ With the exception of the bottom row, each square rests on two squares in the row immediately below (illustrated in the given diagram). In each square of the eleventh row, a $0$ or a $1$ is placed. Numbers are then placed into the other squares, with the entry for each square being the sum of the entries in the two squares below it. For how many initial distributions of $0$'s and $1$'s in the bottom row is the number in the top square a multiple of $3$? [asy] for (int i=0; i<12; ++i){ for (int j=0; j<i; ++j){ //dot((-j+i/2,-i)); draw((-j+i/2,-i)--(-j+i/2+1,-i)--(-j+i/2+1,-i+1)--(-j+i/2,-i+1)--cycle); } } [/asy]",$640$,"Label each of the bottom squares as $x_0, x_1 \ldots x_9, x_{10}$. 
Through induction, we can find that the top square is equal to ${10\choose0}x_0 + {10\choose1}x_1 + {10\choose2}x_2 + \ldots {10\choose10}x_{10}$. (This also makes sense based on a combinatorial argument: the number of ways a number can ""travel"" to the top position going only up is equal to the number of times it will be counted in the final sum.)
Examine the equation $\mod 3$. All of the coefficients from $x_2 \ldots x_8$ will be multiples of $3$ (since the numerator will have a $9$). Thus, the expression boils down to $x_0 + 10x_1 + 10x_9 + x_{10} \equiv 0 \mod 3$. Reduce to find that $x_0 + x_1 + x_9 + x_{10} \equiv 0 \mod 3$. Out of $x_0,\ x_1,\ x_9,\ x_{10}$, either all are equal to $0$, or three of them are equal to $1$. This gives ${4\choose0} + {4\choose3} = 1 + 4 = 5$ possible combinations of numbers that work. 
The seven terms from $x_2 \ldots x_8$ can assume either $0$ or $1$, giving us $2^7$ possibilities. The answer is therefore $5 \cdot 2^7 = \boxed{640}$.","{""bucket"": ""very_hard"", ""selection_rule"": ""HARP level in {5, 6}"", ""upstream_level"": 6}",needs_review,False,"{""answer_only_scorable"": true, ""benchmark_core"": true, ""counts_toward_official_topic_score"": true, ""scoring_metric"": ""binary_accuracy"", ""time_limit_minutes"": 30, ""topic_scoring_group"": ""combinatorics"", ""track"": ""answer_only_difficulty_selected_core""}","{""contest"": ""AIME_II"", ""problem_number"": 13, ""publisher"": ""HARP"", ""repository_url"": ""https://github.com/aadityasingh/HARP"", ""subject"": ""counting_and_probability"", ""year"": ""2007""}","{""note"": ""Repository license recorded; third-party competition question and solution rights require component-level confirmation before redistribution."", ""permission_required"": true, ""release_decision"": ""internal_only_pending_review"", ""release_track"": ""restricted_permission_required"", ""repository_license"": ""MIT""}"
harp-2008-aime_i-11,HARP,AIME_I 2008 #11,2008,combinatorics,,case_analysis | combinatorial_counting,numeric_answer,"Consider sequences that consist entirely of $A$'s and $B$'s and that have the property that every run of consecutive $A$'s has even length, and every run of consecutive $B$'s has odd length. Examples of such sequences are $AA$, $B$, and $AABAA$, while $BBAB$ is not such a sequence. How many such sequences have length 14?",$172$,"Let $a_n$ and $b_n$ denote, respectively, the number of sequences of length $n$ ending in $A$ and $B$. If a sequence ends in an $A$, then it must have been formed by appending two $A$s to the end of a string of length $n-2$. If a sequence ends in a $B,$ it must have either been formed by appending one $B$ to a string of length $n-1$ ending in an $A$, or by appending two $B$s to a string of length $n-2$ ending in a $B$. Thus, we have the recursions
\begin{align*} a_n &= a_{n-2} + b_{n-2}\\ b_n &= a_{n-1} + b_{n-2} \end{align*}
By counting, we find that $a_1 = 0, b_1 = 1, a_2 = 1, b_2 = 0$. 
\[\begin{array}{|r||r|r|||r||r|r|} \hline n & a_n & b_n & n & a_n & b_n\\ \hline 1&0&1& 8&6&10\\ 2&1&0& 9&11&11\\ 3&1&2& 10&16&21\\ 4&1&1& 11&22&27\\ 5&3&3& 12&37&43\\ 6&2&4& 13&49&64\\ 7&6&5& 14&80&92\\ \hline \end{array}\]
Therefore, the number of such strings of length $14$ is $a_{14} + b_{14} = \boxed{172}$.","{""bucket"": ""hard_candidate"", ""selection_rule"": ""HARP level in {5, 6}"", ""upstream_level"": 5}",needs_review,False,"{""answer_only_scorable"": true, ""benchmark_core"": true, ""counts_toward_official_topic_score"": true, ""scoring_metric"": ""binary_accuracy"", ""time_limit_minutes"": 30, ""topic_scoring_group"": ""combinatorics"", ""track"": ""answer_only_difficulty_selected_core""}","{""contest"": ""AIME_I"", ""problem_number"": 11, ""publisher"": ""HARP"", ""repository_url"": ""https://github.com/aadityasingh/HARP"", ""subject"": ""counting_and_probability"", ""year"": ""2008""}","{""note"": ""Repository license recorded; third-party competition question and solution rights require component-level confirmation before redistribution."", ""permission_required"": true, ""release_decision"": ""internal_only_pending_review"", ""release_track"": ""restricted_permission_required"", ""repository_license"": ""MIT""}"
harp-2008-aime_ii-12,HARP,AIME_II 2008 #12,2008,combinatorics,,case_analysis | combinatorial_counting,numeric_answer,"There are two distinguishable flagpoles, and there are $19$ flags, of which $10$ are identical blue flags, and $9$ are identical green flags. Let $N$ be the number of distinguishable arrangements using all of the flags in which each flagpole has at least one flag and no two green flags on either pole are adjacent. Find the remainder when $N$ is divided by $1000$.",$310$,"The well known problem of ordering $x$ elements of a string of $y$ elements such that none of the $x$ elements are next to each other has ${y-x+1\choose x}$ solutions. (1)
We generalize for $a$ blues and $b$ greens. Consider a string of $a+b$ elements such that we want to choose the greens such that none of them are next to each other. We would also like to choose a place where we can divide this string into two strings such that the left one represents the first pole, and the right one represents the second pole, in order up the pole according to position on the string. 
However, this method does not account for the fact that the first pole could end with a green, and the second pole could start with a green, since the original string assumed that no greens could be consecutive. We solve this problem by introducing an extra blue, such that we choose our divider by choosing one of these $a+1$ blues, and not including that one as a flag on either pole.
From (1), we now have ${a+2\choose b}$ ways to order the string such that no greens are next to each other, and $a+1$ ways to choose the extra blue that will divide the string into the two poles: or $(a+1){a+2\choose b}$ orderings in total.
However, we have overcounted the solutions where either pole has no flags, we have to count these separately. This is the same as choosing our extra blue as one of the two ends, and ordering the other $a$ blues and $b$ greens such that no greens are next to each other: for a total of $2{a+1\choose b}$ such orderings.
Thus, we have $(a+1){a+2\choose b}-2{a+1\choose b}$ orderings that satisfy the conditions in the problem: plugging in $a=10$ and $b=9$, we get $2310 \equiv \boxed{310} \pmod{1000}$.","{""bucket"": ""hard_candidate"", ""selection_rule"": ""HARP level in {5, 6}"", ""upstream_level"": 5}",needs_review,False,"{""answer_only_scorable"": true, ""benchmark_core"": true, ""counts_toward_official_topic_score"": true, ""scoring_metric"": ""binary_accuracy"", ""time_limit_minutes"": 30, ""topic_scoring_group"": ""combinatorics"", ""track"": ""answer_only_difficulty_selected_core""}","{""contest"": ""AIME_II"", ""problem_number"": 12, ""publisher"": ""HARP"", ""repository_url"": ""https://github.com/aadityasingh/HARP"", ""subject"": ""counting_and_probability"", ""year"": ""2008""}","{""note"": ""Repository license recorded; third-party competition question and solution rights require component-level confirmation before redistribution."", ""permission_required"": true, ""release_decision"": ""internal_only_pending_review"", ""release_track"": ""restricted_permission_required"", ""repository_license"": ""MIT""}"
harp-2009-aime_i-10,HARP,AIME_I 2009 #10,2009,combinatorics,,case_analysis | combinatorial_counting,numeric_answer,"The Annual Interplanetary Mathematics Examination (AIME) is written by a committee of five Martians, five Venusians, and five Earthlings. At meetings, committee members sit at a round table with chairs numbered from $1$ to $15$ in clockwise order. Committee rules state that a Martian must occupy chair $1$ and an Earthling must occupy chair $15$, Furthermore, no Earthling can sit immediately to the left of a Martian, no Martian can sit immediately to the left of a Venusian, and no Venusian can sit immediately to the left of an Earthling. The number of possible seating arrangements for the committee is $N \cdot (5!)^3$. Find $N$.",$346$,"Since the 5 members of each planet committee are distinct we get that the number of arrangement of sittings is in the form $N*(5!)^3$ because for each $M, V, E$ sequence we have $5!$ arrangements within the Ms, Vs, and Es.
Pretend the table only seats $3$ ""people"", with $1$ ""person"" from each planet. Counting clockwise, only the arrangement M, V, E satisfies the given constraints. Therefore, in the actual problem, the members must sit in cycles of M, V, E, but not necessarily with one M, one V, and one E in each cycle(for example, MMVVVE, MVVVEEE, MMMVVVEE all count as cycles). These cycles of MVE must start at seat $1$, since an M is at seat $1$. We simply count the number of arrangements through casework.
1. The entire arrangement is one cycle- There is only one way to arrange this, MMMMMVVVVVEEEEE
2. Two cycles - There are 3 Ms, Vs and Es left to distribute among the existing MVEMVE. Using stars and bars, we get $\binom{4}{1}=4$ ways for the members of each planet. Therefore, there are $4^3=64$ ways in total.
3. Three cycles - 2 Ms, Vs, Es left, so $\binom{4}{2}=6$, making there $6^3=216$ ways total.
4. Four cycles - 1 M, V, E left, each M can go to any of the four MVE cycles and likewise for V and E, $4^3=64$ ways total
5. Five cycles - MVEMVEMVEMVEMVE is the only possibility, so there is just $1$ way.
Combining all these cases, we get $1+1+64+64+216= \boxed{346}$","{""bucket"": ""hard_candidate"", ""selection_rule"": ""HARP level in {5, 6}"", ""upstream_level"": 5}",needs_review,False,"{""answer_only_scorable"": true, ""benchmark_core"": true, ""counts_toward_official_topic_score"": true, ""scoring_metric"": ""binary_accuracy"", ""time_limit_minutes"": 30, ""topic_scoring_group"": ""combinatorics"", ""track"": ""answer_only_difficulty_selected_core""}","{""contest"": ""AIME_I"", ""problem_number"": 10, ""publisher"": ""HARP"", ""repository_url"": ""https://github.com/aadityasingh/HARP"", ""subject"": ""counting_and_probability"", ""year"": ""2009""}","{""note"": ""Repository license recorded; third-party competition question and solution rights require component-level confirmation before redistribution."", ""permission_required"": true, ""release_decision"": ""internal_only_pending_review"", ""release_track"": ""restricted_permission_required"", ""repository_license"": ""MIT""}"
harp-2010-aime_i-10,HARP,AIME_I 2010 #10,2010,combinatorics,,case_analysis | combinatorial_counting,numeric_answer,"Let $N$ be the number of ways to write $2010$ in the form $2010 = a_3 \cdot 10^3 + a_2 \cdot 10^2 + a_1 \cdot 10 + a_0$, where the $a_i$'s are integers, and $0 \le a_i \le 99$. An example of such a representation is $1\cdot 10^3 + 3\cdot 10^2 + 67\cdot 10^1 + 40\cdot 10^0$. Find $N$.",$202$,If we choose $a_3$ and $a_1$ such that $(10^3)(a_3) + (10)(a_1) \leq 2010$ there is a unique choice of $a_2$ and $a_0$ that makes the equality hold. So $N$ is just the number of combinations of $a_3$ and $a_1$ we can pick. If $a_3 = 0$ or $a_3 = 1$ we can let $a_1$ be anything from $0$ to $99$. If $a_3 = 2$ then $a_1 = 0$ or $a_1 = 1$. Thus $N = 100 + 100 + 2 = \boxed{202}$.,"{""bucket"": ""hard_candidate"", ""selection_rule"": ""HARP level in {5, 6}"", ""upstream_level"": 5}",needs_review,False,"{""answer_only_scorable"": true, ""benchmark_core"": true, ""counts_toward_official_topic_score"": true, ""scoring_metric"": ""binary_accuracy"", ""time_limit_minutes"": 30, ""topic_scoring_group"": ""combinatorics"", ""track"": ""answer_only_difficulty_selected_core""}","{""contest"": ""AIME_I"", ""problem_number"": 10, ""publisher"": ""HARP"", ""repository_url"": ""https://github.com/aadityasingh/HARP"", ""subject"": ""counting_and_probability"", ""year"": ""2010""}","{""note"": ""Repository license recorded; third-party competition question and solution rights require component-level confirmation before redistribution."", ""permission_required"": true, ""release_decision"": ""internal_only_pending_review"", ""release_track"": ""restricted_permission_required"", ""repository_license"": ""MIT""}"
harp-2010-aime_ii-10,HARP,AIME_II 2010 #10,2010,combinatorics,,case_analysis | combinatorial_counting,numeric_answer,Find the number of second-degree polynomials $f(x)$ with integer coefficients and integer zeros for which $f(0)=2010$.,$163$,"Let $f(x) = a(x-r)(x-s)$. Then $ars=2010=2\cdot3\cdot5\cdot67$. First consider the case where $r$ and $s$ (and thus $a$) are positive. There are $3^4 = 81$ ways to split up the prime factors between $a$, $r$, and $s$. However, $r$ and $s$ are indistinguishable. In one case, $(a,r,s) = (2010,1,1)$, we have $r=s$. The other $80$ cases are double counting, so there are $40$.
We must now consider the various cases of signs. For the $40$ cases where $|r|\neq |s|$, there are a total of four possibilities, For the case $|r|=|s|=1$, there are only three possibilities, $(r,s) = (1,1); (1,-1); (-1,-1)$ as $(-1,1)$ is not distinguishable from the second of those three.
You may ask: How can one of ${r, s}$ be positive and the other negative? $a$ will be negative as a result. That way, it's still $+2010$ that gets multiplied.
Thus the grand total is $4\cdot40 + 3 = \boxed{163}$.
Note: The only reason why we can be confident that $r = s$ is the only case where the polynomials are being overcounted is because of this: We have the four configurations listed below:
$(a,r,s)\\ (a,-r,-s)\\ (-a,-r,s)\\ (-a,r,-s)$
And notice, we start by counting all the positive solutions. So $r$ and $s$ must be strictly positive, no $0$ or negatives allowed. The negative transformations will count those numbers.
So with these we can conclude that only the first and second together have a chance of being equal, and the third and fourth together. If we consider the first and second, the $x$ term would have coefficients that are always different, $-a(r + s)$ and $a(r + s)$ because of the negative $r$ and $s$. Since the $a$ is never equal, these can never create equal $x$ coefficients. We don't need to worry about this as $r$ and $s$ are positive and so that won't have any chance.
However with the $(-a,-r,s)$ and $(-a,r,-s)$, we have the coefficients of the $x$ term as $a(s-r)$ and $a(r-s)$. In other words, they are equal if $s-r=r-s$ or $r=s$. Well if $r = 1$, then we have $s = 1$ and in the $(r,-s)$ case we have $(1,-1)$ and if we transform using $(s,-r)$, then we have $(-1, 1)$. So this is the only way that we could possibly overcount the equal cases, and so we need to make sure we don't count $(-1,1)$ and $(1,-1)$ twice as they will create equal sums. This is why we subtract $1$ from $41*4=164$.
Each different transformation will give us different coordinates $(a,r,s)...$ it is just that some of them create equal coefficients for the $x$-term, and we see that they are equal only in this case by our exploration, so we subtract $1$ to account and get $163$.","{""bucket"": ""hard_candidate"", ""selection_rule"": ""HARP level in {5, 6}"", ""upstream_level"": 5}",needs_review,False,"{""answer_only_scorable"": true, ""benchmark_core"": true, ""counts_toward_official_topic_score"": true, ""scoring_metric"": ""binary_accuracy"", ""time_limit_minutes"": 30, ""topic_scoring_group"": ""combinatorics"", ""track"": ""answer_only_difficulty_selected_core""}","{""contest"": ""AIME_II"", ""problem_number"": 10, ""publisher"": ""HARP"", ""repository_url"": ""https://github.com/aadityasingh/HARP"", ""subject"": ""counting_and_probability"", ""year"": ""2010""}","{""note"": ""Repository license recorded; third-party competition question and solution rights require component-level confirmation before redistribution."", ""permission_required"": true, ""release_decision"": ""internal_only_pending_review"", ""release_track"": ""restricted_permission_required"", ""repository_license"": ""MIT""}"
harp-2012-aime_i-11,HARP,AIME_I 2012 #11,2012,combinatorics,,case_analysis | combinatorial_counting,numeric_answer,"A frog begins at $P_0 = (0,0)$ and makes a sequence of jumps according to the following rule: from $P_n = (x_n, y_n),$ the frog jumps to $P_{n+1},$ which may be any of the points $(x_n + 7, y_n + 2),$ $(x_n + 2, y_n + 7),$ $(x_n - 5, y_n - 10),$ or $(x_n - 10, y_n - 5).$ There are $M$ points $(x, y)$ with $|x| + |y| \le 100$ that can be reached by a sequence of such jumps. Find the remainder when $M$ is divided by $1000.$",$373$,"First of all, it is easy to see by induction that for any $P(x,y)$ in the frog's jump sequence, $x+y$ will be a multiple of $3$ and $x-y$ will be a multiple of $5.$ The base case $(x,y) = (0,0)$ obviously satisfies the constraints and if $x+y = 3n$ and $x-y = 5m,$ any of the four transformations will sustain this property:
\begin{align*} (x+7)+(y+2) = x+y+9 \rightarrow 3(n+3) &\text{ and } (x+7)-(y+2) = x-y+5 \rightarrow 5(m+1)\\ (x+2)+(y+7) = x+y+9 \rightarrow 3(n+3) &\text{ and } (x+2)-(y+7) = x-y-5 \rightarrow 5(m-1)\\ (x-5)+(y-10) = x+y-15 \rightarrow 3(n-5) &\text{ and } (x-5)-(y-10) = x-y+5 \rightarrow 5(m+1)\\ (x-10)+(y-5) = x+y-15 \rightarrow 3(n-5) &\text{ and } (x-10)-(y-5) = x-y-5 \rightarrow 5(m-1).\\ \end{align*}
So we know that any point the frog can reach will satisfy $x+y = 3n$ and $x-y = 5m.$ 
$\textbf{Lemma:}$ Any point $(x,y)$ such that there exists 2 integers $m$ and $n$ that satisfy $x+y = 3n$ and $x-y = 5m$ is reachable. 
$\textbf{Proof:}$ Denote the total amounts of each specific transformation in the frog's jump sequence to be $a,$ $b,$ $c,$ and $d$ respectively. Then
$x=7a+2b-5c-10d$,
$y=2a+7b-10c-5d$,
$x+y = 9(a+b)-15(c+d) = 3n$, and
$x-y = 5(a-b)+5(c-d) = 5m$
together must have integral solutions. But
$3(a+b)-5(c+d) = n$ implies
$(c+d) \equiv n \mod 3$ and thus
$(a+b) = \lfloor{n/3}\rfloor + 2(c+d).$
Similarly, $(a-b)+(c-d) = m$ implies that $(a-b)$ and $(c-d)$ have the same parity. Now in order for an integral solution to exist, there must always be a way to ensure that the pairs $(a+b)$ and $(a-b)$ and $(c+d)$ and $(c-d)$ have identical parities. The parity of $(a+b)$ is completely dependent on $n,$ so the parities of $(a-b)$ and $(c-d)$ must be chosen to match this value. But the parity of $(c+d)$ can then be adjusted by adding or subtracting $3$ until it is identical to the parity of $(c-d)$ as chosen before, so we conclude that it is always possible to find an integer solution for $(a,b,c,d)$ and thus any point that satisfies $x+y = 3n$ and $x-y = 5m$ can be reached by the frog.
To count the number of such points in the region $|x| + |y| \le 100,$ we first note that any such point will lie on the intersection of one line of the form $y=x-5m$ and another line of the form $y=-x+3n.$ The intersection of two such lines will yield the point $\left(\frac{3n+5m}{2},\frac{3n-5m}{2}\right),$ which will be integral if and only if $m$ and $n$ have the same parity. Now since $|x| + |y| = |x \pm y|,$ we find that
\begin{align*} |x + y| = |3n| \le 100 &\rightarrow -33 \le n \le 33\\ |x - y| = |5m| \le 100 &\rightarrow -20 \le m \le 20. \end{align*}
So there are $34$ possible odd values and $33$ possible even values for $n,$ and $20$ possible odd values and $21$ possible even values for $m.$ Every pair of lines described above will yield a valid accessible point for all pairs of $m$ and $n$ with the same parity, and the number of points $M$ is thus $34 \cdot 20 + 33 \cdot 21 = 1373 \rightarrow \boxed{373}$.","{""bucket"": ""hard_candidate"", ""selection_rule"": ""HARP level in {5, 6}"", ""upstream_level"": 5}",needs_review,False,"{""answer_only_scorable"": true, ""benchmark_core"": true, ""counts_toward_official_topic_score"": true, ""scoring_metric"": ""binary_accuracy"", ""time_limit_minutes"": 30, ""topic_scoring_group"": ""combinatorics"", ""track"": ""answer_only_difficulty_selected_core""}","{""contest"": ""AIME_I"", ""problem_number"": 11, ""publisher"": ""HARP"", ""repository_url"": ""https://github.com/aadityasingh/HARP"", ""subject"": ""counting_and_probability"", ""year"": ""2012""}","{""note"": ""Repository license recorded; third-party competition question and solution rights require component-level confirmation before redistribution."", ""permission_required"": true, ""release_decision"": ""internal_only_pending_review"", ""release_track"": ""restricted_permission_required"", ""repository_license"": ""MIT""}"
harp-2012-aime_i-15,HARP,AIME_I 2012 #15,2012,combinatorics,,case_analysis | combinatorial_counting,numeric_answer,"There are $n$ mathematicians seated around a circular table with $n$ seats numbered $1,$ $2,$ $3,$ $...,$ $n$ in clockwise order. After a break they again sit around the table. The mathematicians note that there is a positive integer $a$ such that ($1$) for each $k,$ the mathematician who was seated in seat $k$ before the break is seated in seat $ka$ after the break (where seat $i + n$ is seat $i$); ($2$) for every pair of mathematicians, the number of mathematicians sitting between them after the break, counting in both the clockwise and the counterclockwise directions, is different from either of the number of mathematicians sitting between them before the break. Find the number of possible values of $n$ with $1 < n < 1000.$",$332$,"It is a well-known fact that the set $0, a, 2a, ... (n-1)a$ forms a complete set of residues if and only if $a$ is relatively prime to $n$.
Thus, we have $a$ is relatively prime to $n$. In addition, for any seats $p$ and $q$, we must have $ap - aq$ not be equivalent to either $p - q$ or $q - p$ modulo $n$ to satisfy our conditions. These simplify to $(a-1)p \not\equiv (a-1)q$ and $(a+1)p \not\equiv (a+1)q$ modulo $n$, so multiplication by both $a-1$ and $a+1$ must form a complete set of residues mod $n$ as well. 
Thus, we have $a-1$, $a$, and $a+1$ are relatively prime to $n$. We must find all $n$ for which such an $a$ exists. $n$ obviously cannot be a multiple of $2$ or $3$, but for any other $n$, we can set $a = n-2$, and then $a-1 = n-3$ and $a+1 = n-1$. All three of these will be relatively prime to $n$, since two numbers $x$ and $y$ are relatively prime if and only if $x-y$ is relatively prime to $x$. In this case, $1$, $2$, and $3$ are all relatively prime to $n$, so $a = n-2$ works.
Now we simply count all $n$ that are not multiples of $2$ or $3$, which is easy using inclusion-exclusion. We get a final answer of $998 - (499 + 333 - 166) = \boxed{332}$.
Note: another way to find that $(a-1)$ and $(a+1)$ have to be relative prime to $n$ is the following: start with $ap-aq \not \equiv \pm(p-q) \pmod n$. Then, we can divide by $p-q$ to get $a \not \equiv \pm 1$ modulo $\frac{n}{\gcd(n, p-q)}$. Since $\gcd(n, p-q)$ ranges through all the divisors of $n$, we get that $a \not \equiv \pm 1$ modulo the divisors of $n$ or $\gcd(a-1, n) = \gcd(a+1, n) = 1$.","{""bucket"": ""very_hard"", ""selection_rule"": ""HARP level in {5, 6}"", ""upstream_level"": 6}",needs_review,False,"{""answer_only_scorable"": true, ""benchmark_core"": true, ""counts_toward_official_topic_score"": true, ""scoring_metric"": ""binary_accuracy"", ""time_limit_minutes"": 30, ""topic_scoring_group"": ""combinatorics"", ""track"": ""answer_only_difficulty_selected_core""}","{""contest"": ""AIME_I"", ""problem_number"": 15, ""publisher"": ""HARP"", ""repository_url"": ""https://github.com/aadityasingh/HARP"", ""subject"": ""counting_and_probability"", ""year"": ""2012""}","{""note"": ""Repository license recorded; third-party competition question and solution rights require component-level confirmation before redistribution."", ""permission_required"": true, ""release_decision"": ""internal_only_pending_review"", ""release_track"": ""restricted_permission_required"", ""repository_license"": ""MIT""}"
harp-2012-aime_ii-10,HARP,AIME_II 2012 #10,2012,combinatorics,,case_analysis | combinatorial_counting,numeric_answer,Find the number of positive integers $n$ less than $1000$ for which there exists a positive real number $x$ such that $n=x\lfloor x \rfloor$. Note: $\lfloor x \rfloor$ is the greatest integer less than or equal to $x$.,$496$,"We know that $x$ cannot be irrational because the product of a rational number and an irrational number is irrational (but $n$ is an integer). Therefore $x$ is rational.
Let $x = a + \frac{b}{c}$ where $a,b,c$ are nonnegative integers and $0 \le b < c$ (essentially, $x$ is a mixed number). Then,
\[n = \left(a + \frac{b}{c}\right) \left\lfloor a +\frac{b}{c} \right\rfloor \Rightarrow n = \left(a + \frac{b}{c}\right)a = a^2 + \frac{ab}{c}\] 
Here it is sufficient for $\frac{ab}{c}$ to be an integer. We can use casework to find values of $n$ based on the value of $a$:
$a = 0 \implies$ nothing because n is positive
$a = 1 \implies \frac{b}{c} = \frac{0}{1}$
$a = 2 \implies \frac{b}{c} = \frac{0}{2},\frac{1}{2}$
$a = 3 \implies\frac{b}{c} =\frac{0}{3},\frac{1}{3},\frac{2}{3}$
The pattern continues up to $a = 31$. Note that if $a = 32$, then $n > 1000$. However if $a = 31$, the largest possible $x$ is $31 + \frac{30}{31}$, in which $n$ is still less than $1000$. Therefore the number of positive integers for $n$ is equal to $1+2+3+...+31 = \frac{31 \cdot 32}{2} = \boxed{496}.$","{""bucket"": ""hard_candidate"", ""selection_rule"": ""HARP level in {5, 6}"", ""upstream_level"": 5}",needs_review,False,"{""answer_only_scorable"": true, ""benchmark_core"": true, ""counts_toward_official_topic_score"": true, ""scoring_metric"": ""binary_accuracy"", ""time_limit_minutes"": 30, ""topic_scoring_group"": ""combinatorics"", ""track"": ""answer_only_difficulty_selected_core""}","{""contest"": ""AIME_II"", ""problem_number"": 10, ""publisher"": ""HARP"", ""repository_url"": ""https://github.com/aadityasingh/HARP"", ""subject"": ""counting_and_probability"", ""year"": ""2012""}","{""note"": ""Repository license recorded; third-party competition question and solution rights require component-level confirmation before redistribution."", ""permission_required"": true, ""release_decision"": ""internal_only_pending_review"", ""release_track"": ""restricted_permission_required"", ""repository_license"": ""MIT""}"
harp-2012-aime_ii-12,HARP,AIME_II 2012 #12,2012,combinatorics,,case_analysis | combinatorial_counting,numeric_answer,"For a positive integer $p$, define the positive integer $n$ to be $p$<i>-safe</i> if $n$ differs in absolute value by more than $2$ from all multiples of $p$. For example, the set of $10$-safe numbers is $\{ 3, 4, 5, 6, 7, 13, 14, 15, 16, 17, 23, \ldots\}$. Find the number of positive integers less than or equal to $10,000$ which are simultaneously $7$-safe, $11$-safe, and $13$-safe.",$958$,"We see that a number $n$ is $p$-safe if and only if the residue of $n \mod p$ is greater than $2$ and less than $p-2$; thus, there are $p-5$ residues $\mod p$ that a $p$-safe number can have. Therefore, a number $n$ satisfying the conditions of the problem can have $2$ different residues $\mod 7$, $6$ different residues $\mod 11$, and $8$ different residues $\mod 13$. The Chinese Remainder Theorem states that for a number $x$ that is
$a$ (mod b)
$c$ (mod d)
$e$ (mod f)
has one solution if $\gcd(b,d,f)=1$. For example, in our case, the number $n$ can be:
3 (mod 7)
3 (mod 11)
7 (mod 13)
so since $\gcd(7,11,13)$=1, there is 1 solution for n for this case of residues of $n$.
This means that by the Chinese Remainder Theorem, $n$ can have $2\cdot 6 \cdot 8 = 96$ different residues mod $7 \cdot 11 \cdot 13 = 1001$. Thus, there are $960$ values of $n$ satisfying the conditions in the range $0 < n \le 10010$. However, we must now remove any values greater than $10000$ that satisfy the conditions. By checking residues, we easily see that the only such values are $10006$ and $10007$, so there remain $\boxed{958}$ values satisfying the conditions of the problem.
* We can also say $\frac{2}{7}$ of all numbers are 7-safe, $\frac{6}{11}$ of all numbers are 11-safe, and $\frac{8}{13}$ of all numbers are 13-safe. We can multiply these to get that $\frac{96}{1001}$ of all numbers are simultaneously 7-safe, 11-safe, and 13-safe.","{""bucket"": ""hard_candidate"", ""selection_rule"": ""HARP level in {5, 6}"", ""upstream_level"": 5}",needs_review,False,"{""answer_only_scorable"": true, ""benchmark_core"": true, ""counts_toward_official_topic_score"": true, ""scoring_metric"": ""binary_accuracy"", ""time_limit_minutes"": 30, ""topic_scoring_group"": ""combinatorics"", ""track"": ""answer_only_difficulty_selected_core""}","{""contest"": ""AIME_II"", ""problem_number"": 12, ""publisher"": ""HARP"", ""repository_url"": ""https://github.com/aadityasingh/HARP"", ""subject"": ""counting_and_probability"", ""year"": ""2012""}","{""note"": ""Repository license recorded; third-party competition question and solution rights require component-level confirmation before redistribution."", ""permission_required"": true, ""release_decision"": ""internal_only_pending_review"", ""release_track"": ""restricted_permission_required"", ""repository_license"": ""MIT""}"
harp-2012-aime_ii-14,HARP,AIME_II 2012 #14,2012,combinatorics,,case_analysis | combinatorial_counting,numeric_answer,In a group of nine people each person shakes hands with exactly two of the other people from the group. Let $N$ be the number of ways this handshaking can occur. Consider two handshaking arrangements different if and only if at least two people who shake hands under one arrangement do not shake hands under the other arrangement. Find the remainder when $N$ is divided by $1000$.,$16$,"Given that each person shakes hands with two people, we can view all of these through graph theory as 'rings'. This will split it into four cases: Three rings of three, one ring of three and one ring of six, one ring of four and one ring of five, and one ring of nine. (All other cases that sum to nine won't work, since they have at least one 'ring' of two or fewer points, which doesn't satisfy the handshaking conditions of the problem.)
<b>Case 1:</b> To create our groups of three, there are $\dfrac{\dbinom{9}{3}\dbinom{6}{3}\dbinom{3}{3}}{3!}$. In general, the number of ways we can arrange people within the rings to count properly is $\dfrac{(n-1)!}{2}$, since there are $(n-1)!$ ways to arrange items in the circle, and then we don't want to want to consider reflections as separate entities. Thus, each of the three cases has $\dfrac{(3-1)!}{2}=1$ arrangements. Therefore, for this case, there are $\left(\dfrac{\dbinom{9}{3}\dbinom{6}{3}\dbinom{3}{3}}{3!}\right)(1)^3=280$
<b>Case 2:</b> For three and six, there are $\dbinom{9}{6}=84$ sets for the rings. For organization within the ring, as before, there is only one way to arrange the ring of three. For six, there is $\dfrac{(6-1)!}{2}=60$. This means there are $(84)(1)(60)=5040$ arrangements.
<b>Case 3:</b> For four and five, there are $\dbinom{9}{5}=126$ sets for the rings. Within the five, there are $\dfrac{4!}{2}=12$, and within the four there are $\dfrac{3!}{2}=3$ arrangements. This means the total is $(126)(12)(3)=4536$.
<b>Case 4:</b> For the nine case, there is $\dbinom{9}{9}=1$ arrangement for the ring. Within it, there are $\dfrac{8!}{2}=20160$ arrangements.
Summing the cases, we have $280+5040+4536+20160=30016 \to \boxed{16}$.","{""bucket"": ""very_hard"", ""selection_rule"": ""HARP level in {5, 6}"", ""upstream_level"": 6}",needs_review,False,"{""answer_only_scorable"": true, ""benchmark_core"": true, ""counts_toward_official_topic_score"": true, ""scoring_metric"": ""binary_accuracy"", ""time_limit_minutes"": 30, ""topic_scoring_group"": ""combinatorics"", ""track"": ""answer_only_difficulty_selected_core""}","{""contest"": ""AIME_II"", ""problem_number"": 14, ""publisher"": ""HARP"", ""repository_url"": ""https://github.com/aadityasingh/HARP"", ""subject"": ""counting_and_probability"", ""year"": ""2012""}","{""note"": ""Repository license recorded; third-party competition question and solution rights require component-level confirmation before redistribution."", ""permission_required"": true, ""release_decision"": ""internal_only_pending_review"", ""release_track"": ""restricted_permission_required"", ""repository_license"": ""MIT""}"
harp-2013-aime_i-15,HARP,AIME_I 2013 #15,2013,combinatorics,,case_analysis | combinatorial_counting,numeric_answer,"Let $N$ be the number of ordered triples $(A,B,C)$ of integers satisfying the conditions (a) $0\le A<B<C\le99$, (b) there exist integers $a$, $b$, and $c$, and prime $p$ where $0\le b<a<c<p$, (c) $p$ divides $A-a$, $B-b$, and $C-c$, and (d) each ordered triple $(A,B,C)$ and each ordered triple $(b,a,c)$ form arithmetic sequences. Find $N$.",$272$,"From condition (d), we have $(A,B,C)=(B-D,B,B+D)$ and $(b,a,c)=(a-d,a,a+d)$. Condition $\text{(c)}$ states that $p\mid B-D-a$, $p | B-a+d$, and $p\mid B+D-a-d$. We subtract the first two to get $p\mid-d-D$, and we do the same for the last two to get $p\mid 2d-D$. We subtract these two to get $p\mid 3d$. So $p\mid 3$ or $p\mid d$. The second case is clearly impossible, because that would make $c=a+d>p$, violating condition $\text{(b)}$. So we have $p\mid 3$, meaning $p=3$. Condition $\text{(b)}$ implies that $(b,a,c)=(0,1,2)$ or $(a,b,c)\in (1,0,2)\rightarrow (-2,0,2)\text{ }(D\equiv 2\text{ mod 3})$. Now we return to condition $\text{(c)}$, which now implies that $(A,B,C)\equiv(-2,0,2)\pmod{3}$. Now, we set $B=3k$ for increasing positive integer values of $k$. $B=0$ yields no solutions. $B=3$ gives $(A,B,C)=(1,3,5)$, giving us $1$ solution. If $B=6$, we get $2$ solutions, $(4,6,8)$ and $(1,6,11)$. Proceeding in the manner, we see that if $B=48$, we get 16 solutions. However, $B=51$ still gives $16$ solutions because $C_\text{max}=2B-1=101>100$. Likewise, $B=54$ gives $15$ solutions. This continues until $B=96$ gives one solution. $B=99$ gives no solution. Thus, $N=1+2+\cdots+16+16+15+\cdots+1=2\cdot\frac{16(17)}{2}=16\cdot 17=\boxed{272}$.","{""bucket"": ""very_hard"", ""selection_rule"": ""HARP level in {5, 6}"", ""upstream_level"": 6}",needs_review,False,"{""answer_only_scorable"": true, ""benchmark_core"": true, ""counts_toward_official_topic_score"": true, ""scoring_metric"": ""binary_accuracy"", ""time_limit_minutes"": 30, ""topic_scoring_group"": ""combinatorics"", ""track"": ""answer_only_difficulty_selected_core""}","{""contest"": ""AIME_I"", ""problem_number"": 15, ""publisher"": ""HARP"", ""repository_url"": ""https://github.com/aadityasingh/HARP"", ""subject"": ""counting_and_probability"", ""year"": ""2013""}","{""note"": ""Repository license recorded; third-party competition question and solution rights require component-level confirmation before redistribution."", ""permission_required"": true, ""release_decision"": ""internal_only_pending_review"", ""release_track"": ""restricted_permission_required"", ""repository_license"": ""MIT""}"
harp-2013-aime_ii-11,HARP,AIME_II 2013 #11,2013,combinatorics,,case_analysis | combinatorial_counting,numeric_answer,"Let $A = \{1, 2, 3, 4, 5, 6, 7\}$, and let $N$ be the number of functions $f$ from set $A$ to set $A$ such that $f(f(x))$ is a constant function. Find the remainder when $N$ is divided by $1000$.",$399$,"Any such function can be constructed by distributing the elements of $A$ on three tiers.
The bottom tier contains the constant value, $c=f(f(x))$ for any $x$. (Obviously $f(c)=c$.)
The middle tier contains $k$ elements $x\ne c$ such that $f(x)=c$, where $1\le k\le 6$.
The top tier contains $6-k$ elements such that $f(x)$ equals an element on the middle tier.
There are $7$ choices for $c$. Then for a given $k$, there are $\tbinom6k$ ways to choose the elements on the middle tier, and then $k^{6-k}$ ways to draw arrows down from elements on the top tier to elements on the middle tier.
Thus $N=7\cdot\sum_{k=1}^6\tbinom6k\cdot k^{6-k}=7399$, giving the answer $\boxed{399}$.","{""bucket"": ""hard_candidate"", ""selection_rule"": ""HARP level in {5, 6}"", ""upstream_level"": 5}",needs_review,False,"{""answer_only_scorable"": true, ""benchmark_core"": true, ""counts_toward_official_topic_score"": true, ""scoring_metric"": ""binary_accuracy"", ""time_limit_minutes"": 30, ""topic_scoring_group"": ""combinatorics"", ""track"": ""answer_only_difficulty_selected_core""}","{""contest"": ""AIME_II"", ""problem_number"": 11, ""publisher"": ""HARP"", ""repository_url"": ""https://github.com/aadityasingh/HARP"", ""subject"": ""counting_and_probability"", ""year"": ""2013""}","{""note"": ""Repository license recorded; third-party competition question and solution rights require component-level confirmation before redistribution."", ""permission_required"": true, ""release_decision"": ""internal_only_pending_review"", ""release_track"": ""restricted_permission_required"", ""repository_license"": ""MIT""}"
harp-2013-aime_ii-12,HARP,AIME_II 2013 #12,2013,combinatorics,,case_analysis | combinatorial_counting,numeric_answer,"Let $S$ be the set of all polynomials of the form $z^3 + az^2 + bz + c$, where $a$, $b$, and $c$ are integers. Find the number of polynomials in $S$ such that each of its roots $z$ satisfies either $|z| = 20$ or $|z| = 13$.",$540$,"Every cubic with real coefficients has to have either three real roots or one real and two nonreal roots which are conjugates. This follows from Vieta's formulas. 
* Case 1: $f(z)=(z-r)(z-\omega)(z-\omega^*)$, where $r\in \mathbb{R}$, $\omega$ is nonreal, and $\omega^*$ is the complex conjugate of omega (note that we may assume that $\Im(\omega)>0$).
The real root $r$ must be one of $-20$, $20$, $-13$, or $13$. By Viète's formulas, $a=-(r+\omega+\omega^*)$, $b=|\omega|^2+r(\omega+\omega^*)$, and $c=-r|\omega|^2$. But $\omega+\omega^*=2\Re{(\omega)}$ (i.e., adding the conjugates cancels the imaginary part). Therefore, to make $a$ an integer, $2\Re{(\omega)}$ must be an integer. Conversely, if $\omega+\omega^*=2\Re{(\omega)}$ is an integer, then $a,b,$ and $c$ are clearly integers. Therefore $2\Re{(\omega)}\in \mathbb{Z}$ is equivalent to the desired property. Let $\omega=\alpha+i\beta$.
* Subcase 1.1: $|\omega|=20$.
In this case, $\omega$ lies on a circle of radius $20$ in the complex plane. As $\omega$ is nonreal, we see that $\beta\ne 0$. Hence $-20<\Re{(\omega)}< 20$, or rather $-40<2\Re{(\omega)}< 40$. We count $79$ integers in this interval, each of which corresponds to a unique complex number on the circle of radius $20$ with positive imaginary part.
* Subcase 1.2: $|\omega|=13$.
In this case, $\omega$ lies on a circle of radius $13$ in the complex plane. As $\omega$ is nonreal, we see that $\beta\ne 0$. Hence $-13<\Re{(\omega)}< 13$, or rather $-26<2\Re{(\omega)}< 26$. We count $51$ integers in this interval, each of which corresponds to a unique complex number on the circle of radius $13$ with positive imaginary part.
Therefore, there are $79+51=130$ choices for $\omega$. We also have $4$ choices for $r$, hence there are $4\cdot 130=520$ total polynomials in this case.
* Case 2: $f(z)=(z-r_1)(z-r_2)(z-r_3)$, where $r_1,r_2,r_3$ are all real.
In this case, there are four possible real roots, namely $\pm 13, \pm20$. Let $p$ be the number of times that $13$ appears among $r_1,r_2,r_3$, and define $q,r,s$ similarly for $-13,20$, and $-20$, respectively. Then $p+q+r+s=3$ because there are three roots. We wish to find the number of ways to choose nonnegative integers $p,q,r,s$ that satisfy that equation. By balls and urns, these can be chosen in $\binom{6}{3}=20$ ways.
Therefore, there are a total of $520+20=\boxed{540}$ polynomials with the desired property.","{""bucket"": ""hard_candidate"", ""selection_rule"": ""HARP level in {5, 6}"", ""upstream_level"": 5}",needs_review,False,"{""answer_only_scorable"": true, ""benchmark_core"": true, ""counts_toward_official_topic_score"": true, ""scoring_metric"": ""binary_accuracy"", ""time_limit_minutes"": 30, ""topic_scoring_group"": ""combinatorics"", ""track"": ""answer_only_difficulty_selected_core""}","{""contest"": ""AIME_II"", ""problem_number"": 12, ""publisher"": ""HARP"", ""repository_url"": ""https://github.com/aadityasingh/HARP"", ""subject"": ""counting_and_probability"", ""year"": ""2013""}","{""note"": ""Repository license recorded; third-party competition question and solution rights require component-level confirmation before redistribution."", ""permission_required"": true, ""release_decision"": ""internal_only_pending_review"", ""release_track"": ""restricted_permission_required"", ""repository_license"": ""MIT""}"
harp-2015-aime_i-12,HARP,AIME_I 2015 #12,2015,combinatorics,,case_analysis | combinatorial_counting,numeric_answer,"Consider all 1000-element subsets of the set $\{1, 2, 3, ... , 2015\}$. From each such subset choose the least element. The arithmetic mean of all of these least elements is $\frac{p}{q}$, where $p$ and $q$ are relatively prime positive integers. Find $p + q$.",$431$,"Let $M$ be the desired mean. Then because $\dbinom{2015}{1000}$ subsets have 1000 elements and $\dbinom{2015 - i}{999}$ have $i$ as their least element,
\begin{align*} \binom{2015}{1000} M &= 1 \cdot \binom{2014}{999} + 2 \cdot \binom{2013}{999} + \dots + 1016 \cdot \binom{999}{999} \\ &= \binom{2014}{999} + \binom{2013}{999} + \dots + \binom{999}{999} \\ & + \binom{2013}{999} + \binom{2012}{999} + \dots + \binom{999}{999} \\ & \dots \\ & + \binom{999}{999} \\ &= \binom{2015}{1000} + \binom{2014}{1000} + \dots + \binom{1000}{1000} \\ &= \binom{2016}{1001}. \end{align*}
Using the definition of binomial coefficient and the identity $n! = n \cdot (n-1)!$, we deduce that
\[M = \frac{2016}{1001} = \frac{288}{143}.\]
The answer is $\boxed{431}.$","{""bucket"": ""hard_candidate"", ""selection_rule"": ""HARP level in {5, 6}"", ""upstream_level"": 5}",needs_review,False,"{""answer_only_scorable"": true, ""benchmark_core"": true, ""counts_toward_official_topic_score"": true, ""scoring_metric"": ""binary_accuracy"", ""time_limit_minutes"": 30, ""topic_scoring_group"": ""combinatorics"", ""track"": ""answer_only_difficulty_selected_core""}","{""contest"": ""AIME_I"", ""problem_number"": 12, ""publisher"": ""HARP"", ""repository_url"": ""https://github.com/aadityasingh/HARP"", ""subject"": ""counting_and_probability"", ""year"": ""2015""}","{""note"": ""Repository license recorded; third-party competition question and solution rights require component-level confirmation before redistribution."", ""permission_required"": true, ""release_decision"": ""internal_only_pending_review"", ""release_track"": ""restricted_permission_required"", ""repository_license"": ""MIT""}"
harp-2015-aime_i-14,HARP,AIME_I 2015 #14,2015,combinatorics,,case_analysis | combinatorial_counting,numeric_answer,"For each integer $n \ge 2$, let $A(n)$ be the area of the region in the coordinate plane defined by the inequalities $1\le x \le n$ and $0\le y \le x \left\lfloor \sqrt x \right\rfloor$, where $\left\lfloor \sqrt x \right\rfloor$ is the greatest integer not exceeding $\sqrt x$. Find the number of values of $n$ with $2\le n \le 1000$ for which $A(n)$ is an integer.",$483$,"Let $n\ge 2$ and define $a(n) = \left\lfloor \sqrt n \right\rfloor$. For $2\le n \le 1000$, we have $1\le a(n)\le 31$. 
For $a^2 \le x < (a+1)^2$ we have $y=ax$. Thus $A(n+1)-A(n)=a(n+\tfrac 12) = \Delta_n$ (say), and $\Delta_n$ is an integer if $a$ is even; otherwise $\Delta_n$ is an integer plus $\tfrac 12$.
If $a=1$, $n\in \{1,2,3\}$ and $\Delta_n$ is of the form $k(n)+\tfrac 12$ so $A(n)$ is an integer when $n$ is even. 
If $a=2$, $n\in\{4,\ldots , 8\}$ and $\Delta_n$ is an integer for all $n$. Since $A(3)$ is not an integer, so $A(n)$ is not an integer for any $n$. 
If $a=3$, $n\in\{9,\ldots , 15\}$ and $\Delta_n$ is of the form $k(n)+\tfrac 12$. Since $A(8)$ is of the form $k+\tfrac 12$ so $A(n)$ is an integer only when $n$ is odd.
If $a=4$, $n\in\{16,\ldots , 24\}$ and $\Delta_n$ is an integer for all $n$. Since $A(15)$ is an integer so $A(n)$ is an integer for all $n$. 
Now we are back to where we started; i.e., the case $a=5$ will be the same as $a=1$ and so on. Thus, 
\begin{align} a(n)\equiv 1\pmod 4 \qquad &\Longrightarrow \qquad A(n) \in \mathbb{Z} \textrm{ for even } n, \\ a(n)\equiv 2\pmod 4 \qquad &\Longrightarrow \qquad A(n) \not\in \mathbb{Z} \textrm{ for any } n, \\ a(n)\equiv 3\pmod 4 \qquad &\Longrightarrow \qquad A(n) \in \mathbb{Z} \textrm{ for odd } n, \\ a(n)\equiv 0\pmod 4 \qquad &\Longrightarrow \qquad A(n) \in \mathbb{Z} \textrm{ for all } n. \end{align}
For each $a$ there are $2a+1$ corresponding values of $n$: i.e., $n\in \{a^2, \ldots , (a+1)^2-1\}$.
Thus, the number of values of $n$ corresponding to $(4)$ (i.e., $a(n)\equiv 0\pmod 4$) is given by \[\sum_{\substack{a=4k \\ a\le 31}}(2a+1) = \sum_{k=1}^7 (8k+1)=231.\]
The cases $(1)$ and $(3)$ combine to account for half the values of $n$ corresponding to odd values of $a(n)$; i.e.,
\[\frac 12 \cdot \sum_{\substack{a=2k+1 \\ a\le 31}} (2a+1) = \sum_{k=0}^{15} (2k+\tfrac 32) = 264\]However, this also includes the odd integers in $\{1001, \ldots , 1023\}$. Subtracting $12$ to account for these, we get the number of values of $n$ corresponding to cases $(1)$ and $(3)$ to be $264-12=252$.
Adding the contributions from all cases we get our answer to be $231+252= \boxed{483}$.","{""bucket"": ""very_hard"", ""selection_rule"": ""HARP level in {5, 6}"", ""upstream_level"": 6}",needs_review,False,"{""answer_only_scorable"": true, ""benchmark_core"": true, ""counts_toward_official_topic_score"": true, ""scoring_metric"": ""binary_accuracy"", ""time_limit_minutes"": 30, ""topic_scoring_group"": ""combinatorics"", ""track"": ""answer_only_difficulty_selected_core""}","{""contest"": ""AIME_I"", ""problem_number"": 14, ""publisher"": ""HARP"", ""repository_url"": ""https://github.com/aadityasingh/HARP"", ""subject"": ""counting_and_probability"", ""year"": ""2015""}","{""note"": ""Repository license recorded; third-party competition question and solution rights require component-level confirmation before redistribution."", ""permission_required"": true, ""release_decision"": ""internal_only_pending_review"", ""release_track"": ""restricted_permission_required"", ""repository_license"": ""MIT""}"
harp-2015-aime_ii-10,HARP,AIME_II 2015 #10,2015,combinatorics,,case_analysis | combinatorial_counting,numeric_answer,"Call a permutation $a_1, a_2, \ldots, a_n$ of the integers $1, 2, \ldots, n$ <i>quasi-increasing</i> if $a_k \leq a_{k+1} + 2$ for each $1 \leq k \leq n-1$. For example, 53421 and 14253 are quasi-increasing permutations of the integers $1, 2, 3, 4, 5$, but 45123 is not. Find the number of quasi-increasing permutations of the integers $1, 2, \ldots, 7$.",$486$,"The simple recurrence can be found.
When inserting an integer $n$ into a string with $n - 1$ integers, we notice that the integer $n$ has 3 spots where it can go: before $n - 1$, before $n - 2$, and at the very end.
Ex. Inserting 4 into the string 123:
4 can go before the 2 (1423), before the 3 (1243), and at the very end (1234).
Only the addition of the next number, $n$, will change anything.
Thus the number of permutations with $n$ elements is three times the number of permutations with $n-1$ elements. 
Start with $n=3$ since all $6$ permutations work. And go up: $18, 54, 162, 486$.
Thus for $n=7$ there are $2*3^5=\boxed{486}$ permutations.
When you are faced with a brain-fazing equation and combinatorics is part of the problem, use recursion! This same idea appeared on another AIME with an 8-box problem.","{""bucket"": ""hard_candidate"", ""selection_rule"": ""HARP level in {5, 6}"", ""upstream_level"": 5}",needs_review,False,"{""answer_only_scorable"": true, ""benchmark_core"": true, ""counts_toward_official_topic_score"": true, ""scoring_metric"": ""binary_accuracy"", ""time_limit_minutes"": 30, ""topic_scoring_group"": ""combinatorics"", ""track"": ""answer_only_difficulty_selected_core""}","{""contest"": ""AIME_II"", ""problem_number"": 10, ""publisher"": ""HARP"", ""repository_url"": ""https://github.com/aadityasingh/HARP"", ""subject"": ""counting_and_probability"", ""year"": ""2015""}","{""note"": ""Repository license recorded; third-party competition question and solution rights require component-level confirmation before redistribution."", ""permission_required"": true, ""release_decision"": ""internal_only_pending_review"", ""release_track"": ""restricted_permission_required"", ""repository_license"": ""MIT""}"
harp-2015-aime_ii-12,HARP,AIME_II 2015 #12,2015,combinatorics,,case_analysis | combinatorial_counting,numeric_answer,There are $2^{10} = 1024$ possible 10-letter strings in which each letter is either an A or a B. Find the number of such strings that do not have more than 3 adjacent letters that are identical.,$548$,"Let $a_{n}$ be the number of ways to form $n$-letter strings made up of As and Bs such that no more than $3$ adjacent letters are identical.
Note that, at the end of each $n$-letter string, there are $3$ possibilities for the last letter chain: it must be either $1$, $2$, or $3$ letters long. Removing this last chain will make a new string that is $n-1$, $n-2$, or $n-3$ letters long, respectively.
Therefore we can deduce that $a_{n}=a_{n-1}+a_{n-2}+a_{n-3}$.
We can see that
\[a_{1}=2\]
\[a_{2}=2^{2}=4\]
\[a_{3}=2^{3}=8\]
so using our recursive relation we find
\[a_{4}=14\]
\[a_{5}=26\]
\[a_{6}=48\]
\[a_{7}=88\]
\[a_{8}=162\]
\[a_{9}=298\]
\[a_{10}=\boxed{548}\]","{""bucket"": ""hard_candidate"", ""selection_rule"": ""HARP level in {5, 6}"", ""upstream_level"": 5}",needs_review,False,"{""answer_only_scorable"": true, ""benchmark_core"": true, ""counts_toward_official_topic_score"": true, ""scoring_metric"": ""binary_accuracy"", ""time_limit_minutes"": 30, ""topic_scoring_group"": ""combinatorics"", ""track"": ""answer_only_difficulty_selected_core""}","{""contest"": ""AIME_II"", ""problem_number"": 12, ""publisher"": ""HARP"", ""repository_url"": ""https://github.com/aadityasingh/HARP"", ""subject"": ""counting_and_probability"", ""year"": ""2015""}","{""note"": ""Repository license recorded; third-party competition question and solution rights require component-level confirmation before redistribution."", ""permission_required"": true, ""release_decision"": ""internal_only_pending_review"", ""release_track"": ""restricted_permission_required"", ""repository_license"": ""MIT""}"
harp-2016-aime_i-14,HARP,AIME_I 2016 #14,2016,combinatorics,,case_analysis | combinatorial_counting,numeric_answer,"Centered at each lattice point in the coordinate plane are a circle radius $\frac{1}{10}$ and a square with sides of length $\frac{1}{5}$ whose sides are parallel to the coordinate axes. The line segment from $(0,0)$ to $(1001, 429)$ intersects $m$ of the squares and $n$ of the circles. Find $m + n$.",$574$,"First note that $1001 = 143 \cdot 7$ and $429 = 143 \cdot 3$ so every point of the form $(7k, 3k)$ is on the line. Then consider the line $l$ from $(7k, 3k)$ to $(7(k + 1), 3(k + 1))$. Translate the line $l$ so that $(7k, 3k)$ is now the origin. There is one square and one circle that intersect the line around $(0,0)$. Then the points on $l$ with an integral $x$-coordinate are, since $l$ has the equation $y = \frac{3x}{7}$:
\[(0,0), \left(1, \frac{3}{7}\right), \left(2, \frac{6}{7}\right), \left(3, 1 + \frac{2}{7}\right), \left(4, 1 + \frac{5}{7}\right), \left(5, 2 + \frac{1}{7}\right), \left(6, 2 + \frac{4}{7}\right), (7,3).\]
We claim that the lower right vertex of the square centered at $(2,1)$ lies on $l$. Since the square has side length $\frac{1}{5}$, the lower right vertex of this square has coordinates $\left(2 + \frac{1}{10}, 1 - \frac{1}{10}\right) = \left(\frac{21}{10}, \frac{9}{10}\right)$. Because $\frac{9}{10} = \frac{3}{7} \cdot \frac{21}{10}$, $\left(\frac{21}{10}, \frac{9}{10}\right)$ lies on $l$. Since the circle centered at $(2,1)$ is contained inside the square, this circle does not intersect $l$. Similarly the upper left vertex of the square centered at $(5,2)$ is on $l$. Since every other point listed above is farther away from a lattice point (excluding (0,0) and (7,3)) and there are two squares with centers strictly between $(0,0)$ and $(7,3)$ that intersect $l$. Since there are $\frac{1001}{7} = \frac{429}{3} = 143$ segments from $(7k, 3k)$ to $(7(k + 1), 3(k + 1))$, the above count is yields $143 \cdot 2 = 286$ squares. Since every lattice point on $l$ is of the form $(3k, 7k)$ where $0 \le k \le 143$, there are $144$ lattice points on $l$. Centered at each lattice point, there is one square and one circle, hence this counts $288$ squares and circles. Thus $m + n = 286 + 288 = \boxed{574}$.","{""bucket"": ""very_hard"", ""selection_rule"": ""HARP level in {5, 6}"", ""upstream_level"": 6}",needs_review,False,"{""answer_only_scorable"": true, ""benchmark_core"": true, ""counts_toward_official_topic_score"": true, ""scoring_metric"": ""binary_accuracy"", ""time_limit_minutes"": 30, ""topic_scoring_group"": ""combinatorics"", ""track"": ""answer_only_difficulty_selected_core""}","{""contest"": ""AIME_I"", ""problem_number"": 14, ""publisher"": ""HARP"", ""repository_url"": ""https://github.com/aadityasingh/HARP"", ""subject"": ""counting_and_probability"", ""year"": ""2016""}","{""note"": ""Repository license recorded; third-party competition question and solution rights require component-level confirmation before redistribution."", ""permission_required"": true, ""release_decision"": ""internal_only_pending_review"", ""release_track"": ""restricted_permission_required"", ""repository_license"": ""MIT""}"
harp-2016-aime_ii-12,HARP,AIME_II 2016 #12,2016,combinatorics,,case_analysis | combinatorial_counting,numeric_answer,"The figure below shows a ring made of six small sections which you are to paint on a wall. You have four paint colors available and you will paint each of the six sections a solid color. Find the number of ways you can choose to paint the sections if no two adjacent sections can be painted with the same color. [asy] draw(Circle((0,0), 4)); draw(Circle((0,0), 3)); draw((0,4)--(0,3)); draw((0,-4)--(0,-3)); draw((-2.598, 1.5)--(-3.4641, 2)); draw((-2.598, -1.5)--(-3.4641, -2)); draw((2.598, -1.5)--(3.4641, -2)); draw((2.598, 1.5)--(3.4641, 2)); [/asy]",$732$,"Choose a section to start coloring. Assume, WLOG, that this section is color $1$. We proceed coloring clockwise around the ring. Let $f(n,C)$ be the number of ways to color the first $n$ sections (proceeding clockwise) such that the last section has color $C$. In general (except for when we complete the coloring), we see that
\[f(n,C_i)=\sum_{j\ne i} f(n-1,C_j),\]
i.e., $f(n,C_i)$ is equal to the number of colorings of $n-1$ sections that end in any color other than $C_i$. Using this, we can compute the values of $f(n,C)$ in the following table.
$\begin{tabular}{c|c|c|c|c } \multicolumn{1}{c}{}&\multicolumn{4}{c}{\(C\)}\\ \(n\)&1 & 2 & 3& 4 \\ \hline 1& 1 & 0 & 0 & 0\\ 2 & 0 & 1 & 1 & 1 \\ 3& 3 & 2 & 2 & 2 \\ 4 & 6 & 7 & 7 & 7 \\ 5 & 21 & 20 & 20 & 20\\ 6& 0& 61 & 61 & 61\\ \end{tabular}$
Note that $f(6, 1)=0$ because then $2$ adjacent sections are both color $1$. We multiply this by $4$ to account for the fact that the initial section can be any color. Thus the desired answer is $(61+61+61) \cdot 4 = \boxed{732}$.","{""bucket"": ""hard_candidate"", ""selection_rule"": ""HARP level in {5, 6}"", ""upstream_level"": 5}",needs_review,False,"{""answer_only_scorable"": true, ""benchmark_core"": true, ""counts_toward_official_topic_score"": true, ""scoring_metric"": ""binary_accuracy"", ""time_limit_minutes"": 30, ""topic_scoring_group"": ""combinatorics"", ""track"": ""answer_only_difficulty_selected_core""}","{""contest"": ""AIME_II"", ""problem_number"": 12, ""publisher"": ""HARP"", ""repository_url"": ""https://github.com/aadityasingh/HARP"", ""subject"": ""counting_and_probability"", ""year"": ""2016""}","{""note"": ""Repository license recorded; third-party competition question and solution rights require component-level confirmation before redistribution."", ""permission_required"": true, ""release_decision"": ""internal_only_pending_review"", ""release_track"": ""restricted_permission_required"", ""repository_license"": ""MIT""}"
harp-2016-aime_ii-13,HARP,AIME_II 2016 #13,2016,combinatorics,,case_analysis | combinatorial_counting,numeric_answer,"Beatrix is going to place six rooks on a $6 \times 6$ chessboard where both the rows and columns are labeled $1$ to $6$; the rooks are placed so that no two rooks are in the same row or the same column. The $value$ of a square is the sum of its row number and column number. The $score$ of an arrangement of rooks is the least value of any occupied square.The average score over all valid configurations is $\frac{p}{q}$, where $p$ and $q$ are relatively prime positive integers. Find $p+q$.",$371$,"We casework to find the number of ways to get each possible score. Note that the lowest possible score is $2$ and the highest possible score is $7$. Let the bijective function $f(x)=\{1,2,3,4,5,6\} \to \{1,2,3,4,5,6\}$ denote the row number of the rook for the corresponding column number.
* For a score of $2$, we must have $f(1)=1$, and we can arrange the rest of the function however we want, so there are $5!=120$ ways.
* For a score of $3$, we must have either $f(1)=2$ or $f(2)=1$, and we can arrange the rest of the rooks however we want, so by PIE the number of ways is $5!+5!-4!=216$.
* For a score of $4$, we must have $f(1)=3$, $f(2)=2$, or $f(3)=1$. If $f(1)=3$, we just don't want $f(2)=1$, if $f(2)=2$, we don't want $f(1)=1$, or if $f(3)=1$, we don't want $f(1)=2$, otherwise we can arrange the function however we like. If at least $2$ of the values rooks have a value of $4$, we can arange the rest of the rooks however we like, so there are $3(5!-4!)-3(4!)+3!=222$ by PIE.
* If the score is $5$, then we have either $f(4)=1$, $f(3)=2$, $f(2)=3$, or $f(1)=4$. If we have the first case, we don't want $f(2)=2$, $f(1)=2$, or $f(1)=3$, so by PIE the number of bad cases is $4!+4!-3!=42$. If we have the second case, then we don't want $f(2)=1$, $f(1)=1$, or $f(1)=3$, so similarly there are $42$ bad cases. Therefore, there are a total of $54$ good cases for each one. The number of ways to get $f(1)=1, f(1)=4$ is $4!-3!$ because we don't want $f(2)=2$, the number of ways to get $f(4)=1, f(2)=3$ is $4!-3!$ ways because we don't want $f(1)=2$, the number of ways to get $f(2)=3, f(3)=2$ is $4!-3!$ ways because we don't want $f(1)=1$, and the number of ways to get $f(1)=4, f(2)=3$ is $4!-3!$ ways because we don't want $f(3)=1$. The number of ways to get at least $3$ cases satisfied is $3! \cdot 4$ because we can arrange the remaining rooks however we like, and the number of ways to get all $4$ cases satisfied is $2!=2$ ways because we can arrange the remaining rooks however we like, so by PIE we have $54 \cdot 4-18 \cdot 6 + 3! \cdot 4-2!=130$ ways to get a score of $5$.
* The only way to get a score of $7$ is to have all the rooks run on the antidiagonal. Therefore, the number of ways to get a sum of $6$ is $6!-120-216-222-130-1=31$.
Thus, the expected sum is $\dfrac{120 \cdot 2 + 216 \cdot 3 + 222 \cdot 4 + 130 \cdot 5 + 31 \cdot 6 + 1 \cdot 7}{720}= \dfrac{2619}{720}=\dfrac{291}{80}$, so the desired answer is $291+80=\boxed{371}$.","{""bucket"": ""very_hard"", ""selection_rule"": ""HARP level in {5, 6}"", ""upstream_level"": 6}",needs_review,False,"{""answer_only_scorable"": true, ""benchmark_core"": true, ""counts_toward_official_topic_score"": true, ""scoring_metric"": ""binary_accuracy"", ""time_limit_minutes"": 30, ""topic_scoring_group"": ""combinatorics"", ""track"": ""answer_only_difficulty_selected_core""}","{""contest"": ""AIME_II"", ""problem_number"": 13, ""publisher"": ""HARP"", ""repository_url"": ""https://github.com/aadityasingh/HARP"", ""subject"": ""counting_and_probability"", ""year"": ""2016""}","{""note"": ""Repository license recorded; third-party competition question and solution rights require component-level confirmation before redistribution."", ""permission_required"": true, ""release_decision"": ""internal_only_pending_review"", ""release_track"": ""restricted_permission_required"", ""repository_license"": ""MIT""}"
harp-2017-aime_i-11,HARP,AIME_I 2017 #11,2017,combinatorics,,case_analysis | combinatorial_counting,numeric_answer,"Consider arrangements of the $9$ numbers $1, 2, 3, \dots, 9$ in a $3 \times 3$ array. For each such arrangement, let $a_1$, $a_2$, and $a_3$ be the medians of the numbers in rows $1$, $2$, and $3$ respectively, and let $m$ be the median of $\{a_1, a_2, a_3\}$. Let $Q$ be the number of arrangements for which $m = 5$. Find the remainder when $Q$ is divided by $1000$.",$360$,"Assume that $5 \in \{a_1, a_2, a_3\}$, $m \neq 5$, and WLOG, $\max{(a_1, a_2, a_3)} = 5$. Then we know that the other two medians in $\{a_1, a_2, a_3\}$ and the smallest number of rows 1, 2, and 3 are all less than 5. But there are only 4 numbers less than 5 in $1, 2, 3, \dots, 9$, a Contradiction. Thus, if $5 \in \{a_1, a_2, a_3\}$, then $m = 5$.
WLOG, assume $5$ is in the upper left corner. One of the two other values in the top row needs to be below $5$, and the other needs to be above $5$. This can be done in $4\cdot4\cdot2=32$ ways.
The other $6$ can be arranged in $6!=720$ ways.
Finally, accounting for when $5$ is in every other space, our answer is $32\cdot720\cdot9$, which is $207360$. But we only need the last $3$ digits, so $\boxed{360}$ is our answer.","{""bucket"": ""hard_candidate"", ""selection_rule"": ""HARP level in {5, 6}"", ""upstream_level"": 5}",needs_review,False,"{""answer_only_scorable"": true, ""benchmark_core"": true, ""counts_toward_official_topic_score"": true, ""scoring_metric"": ""binary_accuracy"", ""time_limit_minutes"": 30, ""topic_scoring_group"": ""combinatorics"", ""track"": ""answer_only_difficulty_selected_core""}","{""contest"": ""AIME_I"", ""problem_number"": 11, ""publisher"": ""HARP"", ""repository_url"": ""https://github.com/aadityasingh/HARP"", ""subject"": ""counting_and_probability"", ""year"": ""2017""}","{""note"": ""Repository license recorded; third-party competition question and solution rights require component-level confirmation before redistribution."", ""permission_required"": true, ""release_decision"": ""internal_only_pending_review"", ""release_track"": ""restricted_permission_required"", ""repository_license"": ""MIT""}"
harp-2017-aime_i-12,HARP,AIME_I 2017 #12,2017,combinatorics,,case_analysis | combinatorial_counting,numeric_answer,"Call a set $S$ product-free if there do not exist $a, b, c \in S$ (not necessarily distinct) such that $a b = c$. For example, the empty set and the set $\{16, 20\}$ are product-free, whereas the sets $\{4, 16\}$ and $\{2, 8, 16\}$ are not product-free. Find the number of product-free subsets of the set $\{1, 2, 3, 4,..., 7, 8, 9, 10\}$.",$252$,"We shall solve this problem by doing casework on the lowest element of the subset. Note that the number $1$ cannot be in the subset because $1*1=1$. Let $S$ be a product-free set. If the lowest element of $S$ is $2$, we consider the set $\{3, 6, 9\}$. We see that 5 of these subsets can be a subset of $S$ ($\{3\}$, $\{6\}$, $\{9\}$, $\{6, 9\}$, and the empty set). Now consider the set $\{5, 10\}$. We see that 3 of these subsets can be a subset of $S$ ($\{5\}$, $\{10\}$, and the empty set). Note that $4$ cannot be an element of $S$, because $2$ is. Now consider the set $\{7, 8\}$. All four of these subsets can be a subset of $S$. So if the smallest element of $S$ is $2$, there are $5*3*4=60$ possible such sets.
If the smallest element of $S$ is $3$, the only restriction we have is that $9$ is not in $S$. This leaves us $2^6=64$ such sets.
If the smallest element of $S$ is not $2$ or $3$, then $S$ can be any subset of $\{4, 5, 6, 7, 8, 9, 10\}$, including the empty set. This gives us $2^7=128$ such subsets.
So our answer is $60+64+128=\boxed{252}$.","{""bucket"": ""hard_candidate"", ""selection_rule"": ""HARP level in {5, 6}"", ""upstream_level"": 5}",needs_review,False,"{""answer_only_scorable"": true, ""benchmark_core"": true, ""counts_toward_official_topic_score"": true, ""scoring_metric"": ""binary_accuracy"", ""time_limit_minutes"": 30, ""topic_scoring_group"": ""combinatorics"", ""track"": ""answer_only_difficulty_selected_core""}","{""contest"": ""AIME_I"", ""problem_number"": 12, ""publisher"": ""HARP"", ""repository_url"": ""https://github.com/aadityasingh/HARP"", ""subject"": ""counting_and_probability"", ""year"": ""2017""}","{""note"": ""Repository license recorded; third-party competition question and solution rights require component-level confirmation before redistribution."", ""permission_required"": true, ""release_decision"": ""internal_only_pending_review"", ""release_track"": ""restricted_permission_required"", ""repository_license"": ""MIT""}"
harp-2017-aime_ii-11,HARP,AIME_II 2017 #11,2017,combinatorics,,case_analysis | combinatorial_counting,numeric_answer,Five towns are connected by a system of roads. There is exactly one road connecting each pair of towns. Find the number of ways there are to make all the roads one-way in such a way that it is still possible to get from any town to any other town using the roads (possibly passing through other towns on the way).,$544$,"It is obvious that any configuration of one-way roads which contains a town whose roads all lead into it or lead out of it cannot satisfy the given. We claim that any configuration which does not have a town whose roads all lead into it or lead out of it does satisfy the given conditions. Now we show that a loop of $3$ or more towns exist. Pick a town, then choose a neighboring town to travel to $5$ times. Of these $6$ towns visited, at least two of them must be the same; therefore there must exist a loop of $3$ or more towns because a loop of $2$ towns cannot exist. We want to show that the loop can be reached from any town, and any town can be reached from the loop.
$\textbf{Case 1}$. The loop has $5$ towns.
Clearly every town can be reached by going around the loop.
$\textbf{Case 2}$. The loop has $4$ towns.
The town not on the loop must have a road leading to it. This road comes from a town on the loop. Therefore this town can be reached from the loop. This town not on the loop must also have a road leading out of it. This road leads to a town on the loop. Therefore the loop can be reached from the town.
$\textbf{Case 3}$. The loop has $3$ towns.
There are two towns not on the loop; call them Town $A$ and Town $B$. Without loss of generality assume $A$ leads to $B$. Because a road must lead to $A$, the town where this road comes from must be on the loop. Therefore $A$ and therefore $B$ can be reached from the loop. Because a road must lead out of $B$, the town it leads to must be on the loop. Therefore the loop can be reached from $B$ and also $A$.
The number of good configurations is the total number of configurations minus the number of bad configurations. There are $2^{{5\choose2}}$ total configurations. To find the number of bad configurations in which a town exists such that all roads lead to it, there are $5$ ways to choose this town and $2^6$ ways to assign the six other roads that do not connect to this town. The same logic is used to find the number of bad configurations in which a town exists such that all roads lead out of it. It might be tempting to conclude that there are $5 \cdot 2^6+5 \cdot 2^6$ bad configurations, but the configurations in which there exists a town such that all roads lead to it and a town such that all roads lead out of it are overcounted. There are $5$ ways to choose the town for which all roads lead to it, $4$ ways to choose the town for which all roads lead out of it, and $2^3$ ways to assign the remaining $3$ roads not connected to either of these towns. Therefore, the answer is $2^{{5\choose2}}-(5 \cdot 2^6+5 \cdot 2^6-5\cdot 4 \cdot 2^3)=\boxed{544}$.","{""bucket"": ""hard_candidate"", ""selection_rule"": ""HARP level in {5, 6}"", ""upstream_level"": 5}",needs_review,False,"{""answer_only_scorable"": true, ""benchmark_core"": true, ""counts_toward_official_topic_score"": true, ""scoring_metric"": ""binary_accuracy"", ""time_limit_minutes"": 30, ""topic_scoring_group"": ""combinatorics"", ""track"": ""answer_only_difficulty_selected_core""}","{""contest"": ""AIME_II"", ""problem_number"": 11, ""publisher"": ""HARP"", ""repository_url"": ""https://github.com/aadityasingh/HARP"", ""subject"": ""counting_and_probability"", ""year"": ""2017""}","{""note"": ""Repository license recorded; third-party competition question and solution rights require component-level confirmation before redistribution."", ""permission_required"": true, ""release_decision"": ""internal_only_pending_review"", ""release_track"": ""restricted_permission_required"", ""repository_license"": ""MIT""}"
harp-2017-aime_ii-13,HARP,AIME_II 2017 #13,2017,combinatorics,,case_analysis | combinatorial_counting,numeric_answer,"For each integer $n\geq3$, let $f(n)$ be the number of $3$-element subsets of the vertices of the regular $n$-gon that are the vertices of an isosceles triangle (including equilateral triangles). Find the sum of all values of $n$ such that $f(n+1)=f(n)+78$.",$245$,"Considering $n \pmod{6}$, we have the following formulas:
$n\equiv 0$: $\frac{n(n-4)}{2} + \frac{n}{3}$
$n\equiv 2, 4$: $\frac{n(n-2)}{2}$
$n\equiv 3$: $\frac{n(n-3)}{2} + \frac{n}{3}$
$n\equiv 1, 5$: $\frac{n(n-1)}{2}$
To derive these formulas, we note the following:
Any isosceles triangle formed by the vertices of our regular $n$-sided polygon $P$ has its sides from the set of edges and diagonals of $P$. Notably, as two sides of an isosceles triangle must be equal, it is important to use the property that same-lengthed edges and diagonals come in groups of $n$, unless $n$ is even when one set of diagonals (those which bisect the polygon) comes in a group of $\frac{n}{2}$. Three properties hold true of $f(n)$:
When $n$ is odd there are $\frac{n(n-1)}{2}$ satisfactory subsets (This can be chosen with $n$ choices for the not-base vertex, and $\frac{n-1}{2}$ for the pair of equal sides as we have $n-1$ edges to choose from, and we must divide by 2 for over-count).*
* Another explanation: For any diagonal or side of the polygon chosen as the base of the isosceles triangle, there is exactly 1 isosceles triangle that can be formed. So, the total number of satisfactory subsets is $\dbinom{n}{2}=\dfrac{n(n-1)}{2}.$
When $n$ is even there are $\frac{n(n-2)}{2}$ satisfactory subsets (This can be chosen with $n$ choices for the not-base vertex, and $\frac{n-2}{2}$ for the pair of equal sides as we have $n-1$ edges to choose from, one of them which is not satisfactory (the bisecting edge), and we must divide by 2 for over-count).
When $n$ is a multiple of three we additionally over-count equilateral triangles, of which there are $\frac{n}{3}$. As we count them three times, we are two times over, so we subtract $\frac{2n}{3}$.
Considering the six possibilities $n \equiv 0,1,2,3,4,5 \pmod{6}$ and solving, we find that the only valid solutions are $n = 36, 52, 157$, from which the answer is $36 + 52 + 157 = \boxed{245}$.","{""bucket"": ""very_hard"", ""selection_rule"": ""HARP level in {5, 6}"", ""upstream_level"": 6}",needs_review,False,"{""answer_only_scorable"": true, ""benchmark_core"": true, ""counts_toward_official_topic_score"": true, ""scoring_metric"": ""binary_accuracy"", ""time_limit_minutes"": 30, ""topic_scoring_group"": ""combinatorics"", ""track"": ""answer_only_difficulty_selected_core""}","{""contest"": ""AIME_II"", ""problem_number"": 13, ""publisher"": ""HARP"", ""repository_url"": ""https://github.com/aadityasingh/HARP"", ""subject"": ""counting_and_probability"", ""year"": ""2017""}","{""note"": ""Repository license recorded; third-party competition question and solution rights require component-level confirmation before redistribution."", ""permission_required"": true, ""release_decision"": ""internal_only_pending_review"", ""release_track"": ""restricted_permission_required"", ""repository_license"": ""MIT""}"
harp-2017-aime_ii-14,HARP,AIME_II 2017 #14,2017,combinatorics,,case_analysis | combinatorial_counting,numeric_answer,"A $10\times10\times10$ grid of points consists of all points in space of the form $(i,j,k)$, where $i$, $j$, and $k$ are integers between $1$ and $10$, inclusive. Find the number of different lines that contain exactly $8$ of these points.",$168$,"$Case \textrm{ } 1:$ The lines are not parallel to the faces
A line through the point $(a,b,c)$ must contain $(a \pm 1, b \pm 1, c \pm 1)$ on it as well, as otherwise, the line would not pass through more than 5 points. This corresponds to the 4 diagonals of the cube.
We look at the one from $(1,1,1)$ to $(10,10,10)$. The lower endpoint of the desired lines must contain both a 1 and a 3, so it can be $(1,1,3), (1,2,3), (1,3,3)$. If $\textrm{min} > 0$ then the point $(a-1,b-1,c-1)$ will also be on the line for example, 3 applies to the other end.
Accounting for permutations, there are $12$ ways, so there are $12 \cdot 4 = 48$ different lines for this case. 
$Case \textrm{ } 2:$ The lines where the $x$, $y$, or $z$ is the same for all the points on the line. 
WLOG, let the $x$ value stay the same throughout. Let the line be parallel to the diagonal from $(1,1,1)$ to $(1,10,10)$. For the line to have 8 points, the $y$ and $z$ must be 1 and 3 in either order, and the $x$ value can be any value from 1 to 10. In addition, this line can be parallel to 6 face diagonals. So we get $2 \cdot 10 \cdot 6 = 120$ possible lines for this case. 
The answer is, therefore, $120 + 48 = \boxed{168}$","{""bucket"": ""very_hard"", ""selection_rule"": ""HARP level in {5, 6}"", ""upstream_level"": 6}",needs_review,False,"{""answer_only_scorable"": true, ""benchmark_core"": true, ""counts_toward_official_topic_score"": true, ""scoring_metric"": ""binary_accuracy"", ""time_limit_minutes"": 30, ""topic_scoring_group"": ""combinatorics"", ""track"": ""answer_only_difficulty_selected_core""}","{""contest"": ""AIME_II"", ""problem_number"": 14, ""publisher"": ""HARP"", ""repository_url"": ""https://github.com/aadityasingh/HARP"", ""subject"": ""counting_and_probability"", ""year"": ""2017""}","{""note"": ""Repository license recorded; third-party competition question and solution rights require component-level confirmation before redistribution."", ""permission_required"": true, ""release_decision"": ""internal_only_pending_review"", ""release_track"": ""restricted_permission_required"", ""repository_license"": ""MIT""}"
harp-2018-aime_i-10,HARP,AIME_I 2018 #10,2018,combinatorics,,case_analysis | combinatorial_counting,numeric_answer,"The wheel shown below consists of two circles and five spokes, with a label at each point where a spoke meets a circle. A bug walks along the wheel, starting at point $A$. At every step of the process, the bug walks from one labeled point to an adjacent labeled point. Along the inner circle the bug only walks in a counterclockwise direction, and along the outer circle the bug only walks in a clockwise direction. For example, the bug could travel along the path $AJABCHCHIJA$, which has $10$ steps. Let $n$ be the number of paths with $15$ steps that begin and end at point $A$. Find the remainder when $n$ is divided by $1000.$ [asy] unitsize(32); draw(unitcircle); draw(scale(2) * unitcircle); for(int d = 90; d < 360 + 90; d += 72){ draw(2 * dir(d) -- dir(d)); } real s = 4; dot(1 * dir( 90), linewidth(s)); dot(1 * dir(162), linewidth(s)); dot(1 * dir(234), linewidth(s)); dot(1 * dir(306), linewidth(s)); dot(1 * dir(378), linewidth(s)); dot(2 * dir(378), linewidth(s)); dot(2 * dir(306), linewidth(s)); dot(2 * dir(234), linewidth(s)); dot(2 * dir(162), linewidth(s)); dot(2 * dir( 90), linewidth(s)); defaultpen(fontsize(10pt)); real r = 0.05; label(""$A$"", (1-r) * dir( 90), -dir( 90)); label(""$B$"", (1-r) * dir(162), -dir(162)); label(""$C$"", (1-r) * dir(234), -dir(234)); label(""$D$"", (1-r) * dir(306), -dir(306)); label(""$E$"", (1-r) * dir(378), -dir(378)); label(""$F$"", (2+r) * dir(378), dir(378)); label(""$G$"", (2+r) * dir(306), dir(306)); label(""$H$"", (2+r) * dir(234), dir(234)); label(""$I$"", (2+r) * dir(162), dir(162)); label(""$J$"", (2+r) * dir( 90), dir( 90)); [/asy]",$4$,"Note that the set of sequences of moves the bug makes is in bijective correspondence with the set of strings of $X$s and $Y$s of length $15$, where $X$ denotes a move which is either counterclockwise or inward along a spoke and $Y$ denotes a move which is either clockwise or outward along a spoke. (The proof of this basically boils down to the fact that which one depends on whether the bug is on the inner wheel or the outer wheel.) Now the condition that the bug ends at A implies that the difference between the number of $X$s and the number of $Y$s is a multiple of $5$, and so we must have either $4$, $9$, or $14$ $X$s within the first fourteen moves with the last move being an $X$. This implies the answer is \[\binom{14}4+\binom{14}9+\binom{14}{14} = 3004\equiv \boxed{4}\pmod{1000}.\]","{""bucket"": ""hard_candidate"", ""selection_rule"": ""HARP level in {5, 6}"", ""upstream_level"": 5}",needs_review,False,"{""answer_only_scorable"": true, ""benchmark_core"": true, ""counts_toward_official_topic_score"": true, ""scoring_metric"": ""binary_accuracy"", ""time_limit_minutes"": 30, ""topic_scoring_group"": ""combinatorics"", ""track"": ""answer_only_difficulty_selected_core""}","{""contest"": ""AIME_I"", ""problem_number"": 10, ""publisher"": ""HARP"", ""repository_url"": ""https://github.com/aadityasingh/HARP"", ""subject"": ""counting_and_probability"", ""year"": ""2018""}","{""note"": ""Repository license recorded; third-party competition question and solution rights require component-level confirmation before redistribution."", ""permission_required"": true, ""release_decision"": ""internal_only_pending_review"", ""release_track"": ""restricted_permission_required"", ""repository_license"": ""MIT""}"
harp-2018-aime_i-14,HARP,AIME_I 2018 #14,2018,combinatorics,,case_analysis | combinatorial_counting,numeric_answer,"Let $SP_1P_2P_3EP_4P_5$ be a heptagon. A frog starts jumping at vertex $S$. From any vertex of the heptagon except $E$, the frog may jump to either of the two adjacent vertices. When it reaches vertex $E$, the frog stops and stays there. Find the number of distinct sequences of jumps of no more than $12$ jumps that end at $E$.",$351$,"This is easily solved by recursion/dynamic programming. To simplify the problem somewhat, let us imagine the seven vertices on a line $E \leftrightarrow P_4 \leftrightarrow P_5 \leftrightarrow S \leftrightarrow P_1 \leftrightarrow P_2 \leftrightarrow P_3 \leftrightarrow E$. We can count the number of left/right (L/R) paths of length $\le 11$ that start at $S$ and end at either $P_4$ or $P_3$.
We can visualize the paths using the common grid counting method by starting at the origin $(0,0)$, so that a right (R) move corresponds to moving 1 in the positive $x$ direction, and a left (L) move corresponds to moving 1 in the positive $y$ direction. Because we don't want to move more than 2 units left or more than 3 units right, our path must not cross the lines $y = x+2$ or $y = x-3$. Letting $p(x,y)$ be the number of such paths from $(0,0)$ to $(x,y)$ under these constraints, we have the following base cases:
$p(x,0) = \begin{cases} 1 & x \le 3 \\ 0 & x > 3 \end{cases} \qquad p(0,y) = \begin{cases} 1 & y \le 2 \\ 0 & y > 2 \end{cases}$
and recursive step
$p(x,y) = p(x-1,y) + p(x,y-1)$ for $x,y \ge 1$.
The filled in grid will look something like this, where the lower-left $1$ corresponds to the origin:
$\begin{tabular}{|c|c|c|c|c|c|c|c|} \hline 0 & 0 & 0 & 0 & \textbf{89} & & & \\ \hline 0 & 0 & 0 & \textbf{28} & 89 & & & \\ \hline 0 & 0 & \textbf{9} & 28 & 61 & 108 & 155 & \textbf{155} \\ \hline 0 & \textbf{3} & 9 & 19 & 33 & 47 & \textbf{47} & 0 \\ \hline \textbf{1} & 3 & 6 & 10 & 14 & \textbf{14} & 0 & 0 \\ \hline 1 & 2 & 3 & 4 & \textbf{4} & 0 & 0 & 0 \\ \hline 1 & 1 & 1 & \textbf{1} & 0 & 0 & 0 & 0 \\ \hline \end{tabular}$
The bolded numbers on the top diagonal represent the number of paths from $S$ to $P_4$ in 2, 4, 6, 8, 10 moves, and the numbers on the bottom diagonal represent the number of paths from $S$ to $P_3$ in 3, 5, 7, 9, 11 moves. We don't care about the blank entries or entries above the line $x+y = 11$. The total number of ways is $1+3+9+28+89+1+4+14+47+155 = \boxed{351}$.","{""bucket"": ""very_hard"", ""selection_rule"": ""HARP level in {5, 6}"", ""upstream_level"": 6}",needs_review,False,"{""answer_only_scorable"": true, ""benchmark_core"": true, ""counts_toward_official_topic_score"": true, ""scoring_metric"": ""binary_accuracy"", ""time_limit_minutes"": 30, ""topic_scoring_group"": ""combinatorics"", ""track"": ""answer_only_difficulty_selected_core""}","{""contest"": ""AIME_I"", ""problem_number"": 14, ""publisher"": ""HARP"", ""repository_url"": ""https://github.com/aadityasingh/HARP"", ""subject"": ""counting_and_probability"", ""year"": ""2018""}","{""note"": ""Repository license recorded; third-party competition question and solution rights require component-level confirmation before redistribution."", ""permission_required"": true, ""release_decision"": ""internal_only_pending_review"", ""release_track"": ""restricted_permission_required"", ""repository_license"": ""MIT""}"
harp-2018-aime_ii-10,HARP,AIME_II 2018 #10,2018,combinatorics,,case_analysis | combinatorial_counting,numeric_answer,"Find the number of functions $f(x)$ from $\{1, 2, 3, 4, 5\}$ to $\{1, 2, 3, 4, 5\}$ that satisfy $f(f(x)) = f(f(f(x)))$ for all $x$ in $\{1, 2, 3, 4, 5\}$.",$756$,"Just to visualize solution 1. If we list all possible $(x,f(x))$, from ${1,2,3,4,5}$ to ${1,2,3,4,5}$ in a specific order, we get $5 \cdot 5 = 25$ different $(x,f(x))$ 's.
Namely:
\[(1,1) (1,2) (1,3) (1,4) (1,5)\]
\[(2,1) (2,2) (2,3) (2,4) (2,5)\] 
\[(3,1) (3,2) (3,3) (3,4) (3,5)\] 
\[(4,1) (4,2) (4,3) (4,4) (4,5)\]
\[(5,1) (5,2) (5,3) (5,4) (5,5)\]
To list them in this specific order makes it a lot easier to solve this problem. We notice, In order to solve this problem at least one pair of $(x,x)$ where $x\in{1,2,3,4,5}$ must exist.In this case I rather ""go backwards"". First fixing $5$ pairs $(x,x)$, (the diagonal of our table) and map them to the other fitting pairs $(x,f(x))$. You can do this in $\frac{5!}{5!} = 1$ way. Then fixing $4$ pairs $(x,x)$ (The diagonal minus $1$) and map them to the other fitting pairs $(x,f(x))$. You can do this in 
$4\cdot\frac{5!}{4!} = 20$ ways. Then fixing $3$ pairs $(x,x)$ (The diagonal minus $2$) and map them to the other fitting pairs $(x,f(x))$. You can do this in $\tfrac{(5\cdot4\cdot3\cdot6\cdot3)}{3!2!} + \tfrac{(5\cdot4\cdot3\cdot6\cdot1)}{3!} = 150$ ways.
Fixing $2$ pairs $(x,x)$ (the diagonal minus $3$) and map them to the other fitting pairs $(x,f(x))$. You can do this in $\frac{(5\cdot4\cdot6\cdot4\cdot2)}{2!3!} + \frac{(5\cdot4\cdot6\cdot4\cdot2)}{2!2!} + \frac{(5\cdot4\cdot6\cdot2\cdot1)}{2!2!} = 380$ ways.
Lastly, fixing $1$ pair $(x,x)$ (the diagonal minus $4$) and map them to the other fitting pairs $(x,f(x))$. You can do this in $\tfrac{5!}{4!} + 4\cdot\tfrac{5!}{3!} + 5! = 205$ ways.
So $1 + 20 + 150 + 380 + 205 = \boxed{756}$","{""bucket"": ""hard_candidate"", ""selection_rule"": ""HARP level in {5, 6}"", ""upstream_level"": 5}",needs_review,False,"{""answer_only_scorable"": true, ""benchmark_core"": true, ""counts_toward_official_topic_score"": true, ""scoring_metric"": ""binary_accuracy"", ""time_limit_minutes"": 30, ""topic_scoring_group"": ""combinatorics"", ""track"": ""answer_only_difficulty_selected_core""}","{""contest"": ""AIME_II"", ""problem_number"": 10, ""publisher"": ""HARP"", ""repository_url"": ""https://github.com/aadityasingh/HARP"", ""subject"": ""counting_and_probability"", ""year"": ""2018""}","{""note"": ""Repository license recorded; third-party competition question and solution rights require component-level confirmation before redistribution."", ""permission_required"": true, ""release_decision"": ""internal_only_pending_review"", ""release_track"": ""restricted_permission_required"", ""repository_license"": ""MIT""}"
harp-2018-aime_ii-11,HARP,AIME_II 2018 #11,2018,combinatorics,,case_analysis | combinatorial_counting,numeric_answer,"Find the number of permutations of $1, 2, 3, 4, 5, 6$ such that for each $k$ with $1$ $\leq$ $k$ $\leq$ $5$, at least one of the first $k$ terms of the permutation is greater than $k$.",$461$,"If the first number is $6$, then there are no restrictions. There are $5!$, or $120$ ways to place the other $5$ numbers.
If the first number is $5$, $6$ can go in four places, and there are $4!$ ways to place the other $4$ numbers. $4 \cdot 4! = 96$ ways.
If the first number is $4$, ....
4 6 _ _ _ _ $\implies$ 24 ways
4 _ 6 _ _ _ $\implies$ 24 ways
4 _ _ 6 _ _ $\implies$ 24 ways
4 _ _ _ 6 _ $\implies$ 5 must go between $4$ and $6$, so there are $3 \cdot 3! = 18$ ways.
$24 + 24 + 24 + 18 = 90$ ways if 4 is first.
If the first number is $3$, ....
3 6 _ _ _ _ $\implies$ 24 ways
3 _ 6 _ _ _ $\implies$ 24 ways
3 1 _ 6 _ _ $\implies$ 4 ways 
3 2 _ 6 _ _ $\implies$ 4 ways
3 4 _ 6 _ _ $\implies$ 6 ways
3 5 _ 6 _ _ $\implies$ 6 ways
3 5 _ _ 6 _ $\implies$ 6 ways
3 _ 5 _ 6 _ $\implies$ 6 ways
3 _ _ 5 6 _ $\implies$ 4 ways
$24 + 24 + 4 + 4 + 6 + 6 + 6 + 6 + 4 = 84$ ways
If the first number is $2$, ....
2 6 _ _ _ _ $\implies$ 24 ways
2 _ 6 _ _ _ $\implies$ 18 ways 
2 3 _ 6 _ _ $\implies$ 4 ways
2 4 _ 6 _ _ $\implies$ 6 ways
2 5 _ 6 _ _ $\implies$ 6 ways
2 5 _ _ 6 _ $\implies$ 6 ways
2 _ 5 _ 6 _ $\implies$ 4 ways
2 4 _ 5 6 _ $\implies$ 2 ways
2 3 4 5 6 1 $\implies$ 1 way
$24 + 18 + 4 + 6 + 6 + 6 + 4 + 2 + 1 = 71$ ways
Grand Total : $120 + 96 + 90 + 84 + 71 = \boxed{461}$","{""bucket"": ""hard_candidate"", ""selection_rule"": ""HARP level in {5, 6}"", ""upstream_level"": 5}",needs_review,False,"{""answer_only_scorable"": true, ""benchmark_core"": true, ""counts_toward_official_topic_score"": true, ""scoring_metric"": ""binary_accuracy"", ""time_limit_minutes"": 30, ""topic_scoring_group"": ""combinatorics"", ""track"": ""answer_only_difficulty_selected_core""}","{""contest"": ""AIME_II"", ""problem_number"": 11, ""publisher"": ""HARP"", ""repository_url"": ""https://github.com/aadityasingh/HARP"", ""subject"": ""counting_and_probability"", ""year"": ""2018""}","{""note"": ""Repository license recorded; third-party competition question and solution rights require component-level confirmation before redistribution."", ""permission_required"": true, ""release_decision"": ""internal_only_pending_review"", ""release_track"": ""restricted_permission_required"", ""repository_license"": ""MIT""}"
harp-2022-aime_i-12,HARP,AIME_I 2022 #12,2022,combinatorics,,case_analysis | combinatorial_counting,numeric_answer,"For any finite set $X$, let $| X |$ denote the number of elements in $X$. Define \[S_n = \sum | A \cap B | ,\] where the sum is taken over all ordered pairs $(A, B)$ such that $A$ and $B$ are subsets of $\left\{ 1 , 2 , 3, \cdots , n \right\}$ with $|A| = |B|$. For example, $S_2 = 4$ because the sum is taken over the pairs of subsets \[(A, B) \in \left\{ (\emptyset, \emptyset) , ( \{1\} , \{1\} ), ( \{1\} , \{2\} ) , ( \{2\} , \{1\} ) , ( \{2\} , \{2\} ) , ( \{1 , 2\} , \{1 , 2\} ) \right\} ,\] giving $S_2 = 0 + 1 + 0 + 0 + 1 + 2 = 4$. Let $\frac{S_{2022}}{S_{2021}} = \frac{p}{q}$, where $p$ and $q$ are relatively prime positive integers. Find the remainder when $p + q$ is divided by 1000.",$245$,"Let's try out for small values of $n$ to get a feel for the problem. When $n=1, S_n$ is obviously $1$. The problem states that for $n=2, S_n$ is $4$. Let's try it out for $n=3$. 
Let's perform casework on the number of elements in $A, B$. 
$\textbf{Case 1:} |A| = |B| = 1$
In this case, the only possible equivalencies will be if they are the exact same element, which happens $3$ times.
$\textbf{Case 2:} |A| = |B| = 2$
In this case, if they share both elements, which happens $3$ times, we will get $2$ for each time, and if they share only one element, which also happens $6$ times, we will get $1$ for each time, for a total of $12$ for this case.
$\textbf{Case 3:} |A| = |B| = 3$
In this case, the only possible scenario is that they both are the set $\{1,2,3\}$, and we have $3$ for this case.
In total, $S_3 = 18$.
Now notice, the number of intersections by each element $1 \ldots 3$, or in general, $1 \ldots n$ is equal for each element because of symmetry - each element when $n=3$ adds $6$ to the answer. Notice that $6 = \binom{4}{2}$ - let's prove that $S_n = n \cdot \binom{2n-2}{n-1}$ (note that you can assume this and answer the problem if you're running short on time in the real test).
Let's analyze the element $k$ - to find a general solution, we must count the number of these subsets that $k$ appears in. For $k$ to be in both $A$ and $B$, we need both sets to contain $k$ and another subset of $1$ through $n$ not including $k$. ($A = \{k\} \cup A'| A' \subset \{1,2,\ldots,n\} \land A' \not \subset \{k\}$ and 
$B = \{k\} \cup B'| B' \subset \{1,2,\ldots,n\} \land B' \not \subset \{k\}$)
For any $0\leq l \leq n-1$ that is the size of both $A'$ and $B'$, the number of ways to choose the subsets $A'$ and $B'$ is $\binom{n-1}{l}$ for both subsets, so the total number of ways to choose the subsets are $\binom{n-1}{l}^2$.
Now we sum this over all possible $l$'s to find the total number of ways to form sets $A$ and $B$ that contain $k$. This is equal to $\sum_{l=0}^{n-1} \binom{n-1}{l}^2$. This is a simplification of Vandermonde's identity, which states that $\sum_{k=0}^{r} \binom{m}{k} \cdot \binom{n}{r-k} = \binom{m+n}{r}$. Here, $m$, $n$ and $r$ are all $n-1$, so this sum is equal to $\binom{2n-2}{n-1}$. Finally, since we are iterating over all $k$'s for $n$ values of $k$, we have $S_n = n \cdot \binom{2n-2}{n-1}$, proving our claim.
We now plug in $S_n$ to the expression we want to find. This turns out to be $\frac{2022 \cdot \binom{4042}{2021}}{2021 \cdot \binom{4040}{2020}}$. Expanding produces $\frac{2022 \cdot 4042!\cdot 2020! \cdot 2020!}{2021 \cdot 4040! \cdot 2021! \cdot 2021!}$.
After cancellation, we have \[\frac{2022 \cdot 4042 \cdot 4041}{2021 \cdot 2021 \cdot 2021} \implies \frac{4044\cdot 4041}{2021 \cdot 2021}\]
$4044$ and $4041$ don't have any common factors with $2021$, so we're done with the simplification. We want to find $4044 \cdot 4041 + 2021^2 \pmod{1000} \equiv 44 \cdot 41 + 21^2 \pmod{1000} \equiv 1804+441 \pmod{1000} \equiv 2245 \pmod{1000} \equiv \boxed{245}$","{""bucket"": ""hard_candidate"", ""selection_rule"": ""HARP level in {5, 6}"", ""upstream_level"": 5}",needs_review,False,"{""answer_only_scorable"": true, ""benchmark_core"": true, ""counts_toward_official_topic_score"": true, ""scoring_metric"": ""binary_accuracy"", ""time_limit_minutes"": 30, ""topic_scoring_group"": ""combinatorics"", ""track"": ""answer_only_difficulty_selected_core""}","{""contest"": ""AIME_I"", ""problem_number"": 12, ""publisher"": ""HARP"", ""repository_url"": ""https://github.com/aadityasingh/HARP"", ""subject"": ""counting_and_probability"", ""year"": ""2022""}","{""note"": ""Repository license recorded; third-party competition question and solution rights require component-level confirmation before redistribution."", ""permission_required"": true, ""release_decision"": ""internal_only_pending_review"", ""release_track"": ""restricted_permission_required"", ""repository_license"": ""MIT""}"
harp-2023-aime_ii-11,HARP,AIME_II 2023 #11,2023,combinatorics,,case_analysis | combinatorial_counting,numeric_answer,"Find the number of collections of $16$ distinct subsets of $\{1,2,3,4,5\}$ with the property that for any two subsets $X$ and $Y$ in the collection, $X \cap Y \not= \emptyset.$",$81$,"Denote by $\mathcal C$ a collection of 16 distinct subsets of $\left\{ 1, 2, 3, 4, 5 \right\}$.
Denote $N = \min \left\{ |S|: S \in \mathcal C \right\}$.
Case 1: $N = 0$.
This entails $\emptyset \in \mathcal C$.
Hence, for any other set $A \in \mathcal C$, we have $\emptyset \cap A = \emptyset$. This is infeasible.
Case 2: $N = 1$.
Let $\{a_1\} \in \mathcal C$.
To get $\{a_1\} \cap A \neq \emptyset$ for all $A \in \mathcal C$.
We must have $a_1 \in \mathcal A$.
The total number of subsets of $\left\{ 1, 2, 3, 4, 5 \right\}$ that contain $a_1$ is $2^4 = 16$.
Because $\mathcal C$ contains 16 subsets.
We must have $\mathcal C = \left\{ \{a_1\} \cup A : \forall \ A \subseteq \left\{ 1, 2, 3, 4, 5 \right\} \backslash \left\{a_1 \right\} \right\}$.
Therefore, for any $X, Y \in \mathcal C$, we must have $X \cap Y \supseteq \{a_1\}$.
So this is feasible.
Now, we count the number of $\mathcal C$ in this case.
We only need to determine $a_1$.
Therefore, the number of solutions is 5.
Case 3: $N = 2$.
Case 3.1: There is exactly one subset in $\mathcal C$ that contains 2 elements.
Denote this subset as $\left\{ a_1, a_2 \right\}$.
We then put all subsets of $\left\{ 1, 2, 3, 4, 5 \right\}$ that contain at least three elements into $\mathcal C$, except $\left\{ a_3, a_4, a_5 \right\}$.
This satisfies $X \cap Y \neq \emptyset$ for any $X, Y \in \mathcal C$.
Now, we count the number of $\mathcal C$ in this case.
We only need to determine $\left\{ a_1, a_2 \right\}$.
Therefore, the number of solutions is $\binom{5}{2} = 10$.
Case 3.2: There are exactly two subsets in $\mathcal C$ that contain 2 elements.
They must take the form $\left\{ a_1, a_2 \right\}$ and $\left\{ a_1, a_3 \right\}$.
We then put all subsets of $\left\{ 1, 2, 3, 4, 5 \right\}$ that contain at least three elements into $\mathcal C$, except $\left\{ a_3, a_4, a_5 \right\}$ and $\left\{ a_2, a_4, a_5 \right\}$.
This satisfies $X \cap Y \neq \emptyset$ for any $X, Y \in \mathcal C$.
Now, we count the number of $\mathcal C$ in this case.
We only need to determine $\left\{ a_1, a_2 \right\}$ and $\left\{ a_1, a_3 \right\}$.
Therefore, the number of solutions is $5 \cdot \binom{4}{2} = 30$.
Case 3.3: There are exactly three subsets in $\mathcal C$ that contain 2 elements.
They take the form $\left\{ a_1, a_2 \right\}$, $\left\{ a_1, a_3 \right\}$, $\left\{ a_1, a_4 \right\}$.
We then put all subsets of $\left\{ 1, 2, 3, 4, 5 \right\}$ that contain at least three elements into $\mathcal C$, except $\left\{ a_3, a_4, a_5 \right\}$, $\left\{ a_2, a_4, a_5 \right\}$, $\left\{ a_2, a_3, a_5 \right\}$.
This satisfies $X \cap Y \neq \emptyset$ for any $X, Y \in \mathcal C$.
Now, we count the number of $\mathcal C$ in this case.
We only need to determine $\left\{ a_1, a_2 \right\}$, $\left\{ a_1, a_3 \right\}$, $\left\{ a_1, a_4 \right\}$.
Therefore, the number of solutions is $5 \cdot \binom{4}{3} = 20$.
Case 3.4: There are exactly three subsets in $\mathcal C$ that contain 2 elements.
They take the form $\left\{ a_1, a_2 \right\}$, $\left\{ a_1, a_3 \right\}$, $\left\{ a_2, a_3 \right\}$.
We then put all subsets of $\left\{ 1, 2, 3, 4, 5 \right\}$ that contain at least three elements into $\mathcal C$, except $\left\{ a_3, a_4, a_5 \right\}$, $\left\{ a_2, a_4, a_5 \right\}$, $\left\{ a_1, a_4, a_5 \right\}$.
This satisfies $X \cap Y \neq \emptyset$ for any $X, Y \in \mathcal C$.
Now, we count the number of $\mathcal C$ in this case.
We only need to determine $\left\{ a_1, a_2 \right\}$, $\left\{ a_1, a_3 \right\}$, $\left\{ a_2, a_3 \right\}$.
Therefore, the number of solutions is $\binom{5}{3} = 10$.
Case 3.5: There are exactly four subsets in $\mathcal C$ that contain 2 elements.
They take the form $\left\{ a_1, a_2 \right\}$, $\left\{ a_1, a_3 \right\}$, $\left\{ a_1, a_4 \right\}$, $\left\{ a_1, a_5 \right\}$.
We then put all subsets of $\left\{ 1, 2, 3, 4, 5 \right\}$ that contain at least three elements into $\mathcal C$, except $\left\{ a_3, a_4, a_5 \right\}$, $\left\{ a_2, a_4, a_5 \right\}$, $\left\{ a_1, a_4, a_5 \right\}$, $\left\{ a_2, a_3, a_4 \right\}$.
This satisfies $X \cap Y \neq \emptyset$ for any $X, Y \in \mathcal C$.
Now, we count the number of $\mathcal C$ in this case.
We only need to determine $\left\{ a_1, a_2 \right\}$, $\left\{ a_1, a_3 \right\}$, $\left\{ a_1, a_4 \right\}$, $\left\{ a_1, a_5 \right\}$.
Therefore, the number of solutions is 5.
Putting all subcases together, the number of solutions is this case is $10 + 30 + 20 + 10 + 5 = 75$.
Case 4: $N \geq 3$.
The number of subsets of $\left\{ 1, 2, 3, 4, 5 \right\}$ that contain at least three elements is $\sum_{i=3}^5 \binom{5}{i} = 16$.
Because $\mathcal C$ has 16 elements, we must select all such subsets into $\mathcal C$.
Therefore, the number of solutions in this case is 1.
Putting all cases together, the total number of $\mathcal C$ is $5 + 75 + 1 = \boxed{81}$.","{""bucket"": ""hard_candidate"", ""selection_rule"": ""HARP level in {5, 6}"", ""upstream_level"": 5}",needs_review,False,"{""answer_only_scorable"": true, ""benchmark_core"": true, ""counts_toward_official_topic_score"": true, ""scoring_metric"": ""binary_accuracy"", ""time_limit_minutes"": 30, ""topic_scoring_group"": ""combinatorics"", ""track"": ""answer_only_difficulty_selected_core""}","{""contest"": ""AIME_II"", ""problem_number"": 11, ""publisher"": ""HARP"", ""repository_url"": ""https://github.com/aadityasingh/HARP"", ""subject"": ""counting_and_probability"", ""year"": ""2023""}","{""note"": ""Repository license recorded; third-party competition question and solution rights require component-level confirmation before redistribution."", ""permission_required"": true, ""release_decision"": ""internal_only_pending_review"", ""release_track"": ""restricted_permission_required"", ""repository_license"": ""MIT""}"
harp-2024-aime_ii-15,HARP,AIME_II 2024 #15,2024,combinatorics,,case_analysis | combinatorial_counting,numeric_answer,"Find the number of rectangles that can be formed inside a fixed regular dodecagon ($12$-gon) where each side of the rectangle lies on either a side or a diagonal of the dodecagon. The diagram below shows three of those rectangles. [asy] unitsize(0.6 inch); for(int i=0; i<360; i+=30) { dot(dir(i), 4+black); draw(dir(i)--dir(i+30)); } draw(dir(120)--dir(330)); filldraw(dir(210)--dir(240)--dir(30)--dir(60)--cycle, mediumgray, linewidth(1.5)); draw((0,0.366)--(0.366,0), linewidth(1.5)); [/asy]",$315$,"There are two kinds of such rectangles: those whose sides are parallel to some edges of the regular 12-gon (Case 1), and those whose sides are not (Case 2).
For Case 1, WLOG assume that the rectangle's sides are horizontal and vertical (don't forget to multiply by 3 at the end of Case 1). Then the rectangle's sides coincide with these segments as shown in the diagram.
[asy] real r = pi/6; pair A1 = (cos(r),sin(r)); pair A2 = (cos(2r),sin(2r)); pair A3 = (cos(3r),sin(3r)); pair A4 = (cos(4r),sin(4r)); pair A5 = (cos(5r),sin(5r)); pair A6 = (cos(6r),sin(6r)); pair A7 = (cos(7r),sin(7r)); pair A8 = (cos(8r),sin(8r)); pair A9 = (cos(9r),sin(9r)); pair A10 = (cos(10r),sin(10r)); pair A11 = (cos(11r),sin(11r)); pair A12 = (cos(12r),sin(12r)); dot(A1); dot(A2); dot(A3); dot(A4); dot(A5); dot(A6); dot(A7); dot(A8); dot(A9); dot(A10); dot(A11); dot(A12); pair B1 = (0.5,0.5); pair B2 = (-0.5,0.5); pair B3 = (-0.5,-0.5); pair B4 = (0.5,-0.5); dot(B1); dot(B2); dot(B3); dot(B4); draw(A1--A5--A7--A11--cycle); draw(A2--A4--A8--A10--cycle); draw(A3--A9); draw(A6--A12); label(""$A_1$"", A1, NE); label(""$A_2$"", A2, NE); label(""$A_3$"", A3, N); label(""$A_4$"", A4, NW); label(""$A_5$"", A5, NW); label(""$A_6$"", A6, W); label(""$A_7$"", A7, SW); label(""$A_8$"", A8, SW); label(""$A_9$"", A9, S); label(""$A_{10}$"", A10, SE); label(""$A_{11}$"", A11, SE); label(""$A_{12}$"", A12, E); label(""$B_1$"", B1, SW); label(""$B_2$"", B2, SE); label(""$B_3$"", B3, NE); label(""$B_4$"", B4, NW); [/asy]
We use inclusion-exclusion for this. There are 30 valid rectangles contained in $A_1A_5A_7A_{11}$, as well as 30 in $A_2A_4A_8A_{10}$. However, the 9 rectangles contained in $B_1B_2B_3B_4$ have been counted twice, so we subtract 9 and we have 51 rectangles in the diagram. Multiplying by 3, we get 153 rectangles for Case 1.
For Case 2, we have this diagram. To be honest, you can count the rectangles here in whatever way you like.
[asy] real r = pi/6; pair A1 = (cos(r),sin(r)); pair A2 = (cos(2r),sin(2r)); pair A3 = (cos(3r),sin(3r)); pair A4 = (cos(4r),sin(4r)); pair A5 = (cos(5r),sin(5r)); pair A6 = (cos(6r),sin(6r)); pair A7 = (cos(7r),sin(7r)); pair A8 = (cos(8r),sin(8r)); pair A9 = (cos(9r),sin(9r)); pair A10 = (cos(10r),sin(10r)); pair A11 = (cos(11r),sin(11r)); pair A12 = (cos(12r),sin(12r)); dot(A1); dot(A2); dot(A3); dot(A4); dot(A5); dot(A6); dot(A7); dot(A8); dot(A9); dot(A10); dot(A11); dot(A12); draw(A1--A6--A7--A12--cycle); draw(A3--A4--A9--A10--cycle); draw(A2--A5--A8--A11--cycle); label(""$A_1$"", A1, NE); label(""$A_2$"", A2, NE); label(""$A_3$"", A3, N); label(""$A_4$"", A4, NW); label(""$A_5$"", A5, NW); label(""$A_6$"", A6, W); label(""$A_7$"", A7, SW); label(""$A_8$"", A8, SW); label(""$A_9$"", A9, S); label(""$A_{10}$"", A10, SE); label(""$A_{11}$"", A11, SE); label(""$A_{12}$"", A12, E); [/asy]
There are 36 rectangles contained within $A_2A_5A_8A_{11}$, and 18 that use points outside $A_2A_5A_8A_{11}$. So we get a total of $3(36+18)=162$ rectangles for Case 2.
Adding the two cases together, we get the answer $\boxed{315}$.","{""bucket"": ""very_hard"", ""selection_rule"": ""HARP level in {5, 6}"", ""upstream_level"": 6}",needs_review,False,"{""answer_only_scorable"": true, ""benchmark_core"": true, ""counts_toward_official_topic_score"": true, ""scoring_metric"": ""binary_accuracy"", ""time_limit_minutes"": 30, ""topic_scoring_group"": ""combinatorics"", ""track"": ""answer_only_difficulty_selected_core""}","{""contest"": ""AIME_II"", ""problem_number"": 15, ""publisher"": ""HARP"", ""repository_url"": ""https://github.com/aadityasingh/HARP"", ""subject"": ""counting_and_probability"", ""year"": ""2024""}","{""note"": ""Repository license recorded; third-party competition question and solution rights require component-level confirmation before redistribution."", ""permission_required"": true, ""release_decision"": ""internal_only_pending_review"", ""release_track"": ""restricted_permission_required"", ""repository_license"": ""MIT""}"
jane-street-2015-11,Jane Street Monthly Puzzles,Pair Dance,2015-11,combinatorics,graph_network | geometry_spatial,graph_matching | combinatorial_counting | symmetry_reduction | case_analysis | graph_modeling,graph_problem | geometry_problem | numeric_answer,"15 dancers are standing in an equilateral triangle formation, with every dancer
standing 1 unit apart from her nearest neighbors. Each dancer chooses another
who is 1 unit away to pair up with, and all but 1 dancer ends up as a part of a
pair. An example of one such arrangement is presented here.
How many different sets of 7 pairs are possible?

[Official puzzle resources]
- https://www.janestreet.com/puzzles/11_15_puzzle.png",240,"There are 240 possible sets of 7 pairs. The counting can get a bit tricky, but
categorizing by which type of dancer remains un-paired, and then reducing by
symmetry is a good place to start.
Congratulations to all of those who solved correctly, especially Shahmeer Navid,
this month’s randomly-chosen winner of a Jane Street t-shirt!","{""bucket"": ""collection_override_hard_candidate"", ""evidence"": ""Jane Street monthly puzzle collection; unified difficulty calibration pending""}",machine_checked,True,"{""answer_only_scorable"": true, ""benchmark_core"": true, ""counts_toward_official_topic_score"": true, ""scoring_metric"": ""binary_accuracy"", ""time_limit_minutes"": 30, ""topic_scoring_group"": ""combinatorics"", ""track"": ""answer_only_collection_core""}","{""publisher"": ""Jane Street Group, LLC"", ""question_url"": ""https://www.janestreet.com/puzzles/pair-dance-index/"", ""retrieved_at"": ""2026-09-21T09:12:25.812111+00:00"", ""solution_url"": ""https://www.janestreet.com/puzzles/pair-dance-solution""}","{""permission_required"": true, ""redistribution_scope"": ""restricted_staging_only"", ""release_track"": ""restricted_permission_required"", ""rights_status"": ""pending_direct_permission""}"
jane-street-2020-04,Jane Street Monthly Puzzles,Triads,2020-04,combinatorics,geometry_spatial | number_theory,tiling_packing | modular_arithmetic | constructive_search | invariant | upper_bound_proof,tiling_packing | proof_problem | numeric_answer,"Consider an equilateral triangular grid of dots with N rows, such as
the one presented here (with N = 22). A “triad” is a set of 3 dots
where each dot in the triad borders the other two. The top two rows
the triangular grid form a triad; all triads are (rotations of)
precisely this shape.
For some values of N, it is possible to separate the triangular grid
into disjoint triads such that every dot is a part of one triad. For
example, it is obviously possible when N=2, but not when N=3 or N=4.
What is the sum of all values of N < 40 for which it is possible?

[Official puzzle resources]
- https://www.janestreet.com/puzzles/triangular_2.png",284,"The answer to this month’s puzzle is
284
. All numbers congruent to
0, 2, 9, or 11 mod 12 are able to be constructed, and no others are.
We can show that all of these numbers work. The arrangements for N =
2, 9, 11, and 12 are presented here. We can then add 12 rows to any of
these 4 triangle sizes by adding an N=12 triangle, and a 12-by-N
parallelogram, below them. We can construct those parallelograms by
adding together 2×3 parallelograms until they are of the dimensions
12-by-N.
Proving that no other numbers work is… significantly more difficult
(and part of the reason we cut things off at N=40). We didn’t realize
this when we came up with this puzzle, but it turns out this problem
has been investigated before by none other than the great John Conway,
who the world sadly lost this past month. What a fortunate, if
unintentional, tribute to Professor Conway. Here are links to his
writings
on the topic and to the
OEIS
page
devoted to this
sequence.
Congratulations to everyone who solved this month’s puzzle!

[Official solution resources]
- https://www.janestreet.com/puzzles/apr20_solution.png","{""bucket"": ""collection_override_hard_candidate"", ""evidence"": ""Jane Street monthly puzzle collection; unified difficulty calibration pending""}",machine_checked,True,"{""answer_only_scorable"": true, ""benchmark_core"": true, ""counts_toward_official_topic_score"": true, ""scoring_metric"": ""binary_accuracy"", ""time_limit_minutes"": 30, ""topic_scoring_group"": ""combinatorics"", ""track"": ""answer_only_collection_core""}","{""publisher"": ""Jane Street Group, LLC"", ""question_url"": ""https://www.janestreet.com/puzzles/triads-index/"", ""retrieved_at"": ""2026-09-21T09:11:57.586335+00:00"", ""solution_url"": ""https://www.janestreet.com/puzzles/triads-solution""}","{""permission_required"": true, ""redistribution_scope"": ""restricted_staging_only"", ""release_track"": ""restricted_permission_required"", ""rights_status"": ""pending_direct_permission""}"
tangled-tale-knot-03-circular-railway,Lewis Carroll — A Tangled Tale,Mad Mathesis: Circular Railway,1885,combinatorics,sequences_patterns | algebra_equations,physical_modeling | modular_arithmetic | divisibility,multi_part | exact_value,"(1) ""Two travellers, starting at the same time, went opposite ways round a circular railway. Trains start each way every 15 minutes, the easterly ones going round in 3 hours, the westerly in 2. How many trains did each meet on the way, not counting trains met at the terminus itself?"" (2) ""They went round, as before, each traveller counting as 'one' the train containing the other traveller. How many did each meet?""",(1) 19. (2) The easterly traveller met 12; the other 8.,"The trains one way took 180 minutes, the other way 120. Let us take the L. C. M., 360, and divide the railway into 360 units. Then one set of trains went at the rate of 2 units a minute and at intervals of 30 units; the other at the rate of 3 units a minute and at intervals of 45 units. An easterly train starting has 45 units between it and the first train it will meet: it does 2-5ths of this while the other does 3-5ths, and thus meets it at the end of 18 units, and so all the way round. A westerly train starting has 30 units between it and the first train it will meet: it does 3-5ths of this while the other does 2-5ths, and thus meets it at the end of 18 units, and so all the way round. Hence if the railway be divided, by 19 posts, into 20 parts, each containing 18 units, trains meet at every post, and, in (1), each traveller passes 19 posts in going round, and so meets 19 trains. But, in (2), the easterly traveller only begins to count after traversing 2-5ths of the journey, i.e., on reaching the 8th post, and so counts 12 posts: similarly the other counts 8. They meet at the end of 2-5ths of 3 hours, or 3-5ths of 2 hours, i.e., 72 minutes.","{""bucket"": ""hard_candidate_historical"", ""evidence_note"": ""Only 9 of 45 submissions were wholly right with valid working."", ""hard_core"": false, ""historical_response_stats"": {""fully_correct_with_working"": 9, ""half_right"": 11, ""no_working"": 12, ""responses"": 45, ""right_counts_with_unsupported_identity_claim"": 3, ""wrong_with_working"": 10}, ""modern_pilot_pending"": true, ""selection_rule"": ""Published mathematical Knot with a complete author solution and nontrivial historical error/working evidence; modern benchmark pilot still required.""}",needs_review,False,"{""answer_only_scorable"": true, ""benchmark_core"": false, ""counts_toward_official_topic_score"": false, ""scoring_metric"": ""binary_accuracy"", ""time_limit_minutes"": 30, ""topic_scoring_group"": ""combinatorics"", ""track"": ""historical_difficulty_candidate""}","{""author"": ""Lewis Carroll"", ""catalog_url"": ""https://www.gutenberg.org/ebooks/29042"", ""collection"": ""A Tangled Tale"", ""ebook_number"": 29042, ""original_publication_year"": 1885, ""publisher"": ""Project Gutenberg"", ""retrieved_at"": ""2026-09-21T00:00:00+08:00"", ""source_line_end"": 2279, ""source_line_start"": 2139, ""source_locator"": ""ANSWERS TO KNOT III."", ""source_sha256"": ""16cb712f4735328ea2d57dec6088b700ae2a469e820c7d5c6874f762814b60e3"", ""text_url"": ""https://www.gutenberg.org/cache/epub/29042/pg29042.txt""}","{""attribution_recommended"": ""Lewis Carroll, A Tangled Tale (1885), Project Gutenberg eBook #29042."", ""attribution_required"": false, ""commercial_use_allowed_in_us"": true, ""distribution_basis"": ""public_domain_us"", ""evidence_text"": ""Project Gutenberg catalog: Copyright — Public domain in the USA."", ""evidence_url"": ""https://www.gutenberg.org/ebooks/29042"", ""jurisdiction_caveat"": ""Project Gutenberg instructs users outside the United States to check local law before reuse."", ""modifications_allowed_in_us"": true, ""permission_required_in_us"": false, ""public_domain_us"": true, ""release_decision"": ""redistributable_public_domain_us"", ""release_track"": ""open_commercial_core""}"
tangled-tale-knot-10-chelsea-pensioners,Lewis Carroll — A Tangled Tale,The Chelsea Pensioners,1885,combinatorics,probability_stochastic,combinatorial_counting | upper_bound_proof,exact_value | optimization_challenge,"If 70 per cent. have lost an eye, 75 per cent. an ear, 80 per cent. an arm, 85 per cent. a leg: what percentage, at least, must have lost all four?

Normalized assumptions:
- The four percentages refer to the same group of 100 people and may overlap arbitrarily.",Ten.,"(I adopt that of POLAR STAR, as being better than my own). Adding the wounds together, we get 70 + 75 + 80 + 85 = 310, among 100 men; which gives 3 to each, and 4 to 10 men. Therefore the least percentage is 10.

Benchmark completeness note: The lower bound is attainable. Let 10 men have all four wounds, and let the remaining 90 each lack exactly one wound: respectively 30, 25, 20, and 15 men lack the first, second, third, and fourth wounds. The four wound counts are then 70, 75, 80, and 85, so exactly 10 men with all four is feasible.","{""bucket"": ""hard_candidate_historical"", ""evidence_note"": ""Only 5 of 19 submissions received the author's highest classification."", ""hard_core"": false, ""historical_response_stats"": {""highest_class"": 5, ""responses"": 19, ""second_class"": 2, ""third_class"": 8}, ""modern_pilot_pending"": true, ""selection_rule"": ""Published mathematical Knot with a complete author solution and nontrivial historical error/working evidence; modern benchmark pilot still required.""}",needs_review,False,"{""answer_only_scorable"": true, ""benchmark_core"": false, ""counts_toward_official_topic_score"": false, ""scoring_metric"": ""binary_accuracy"", ""time_limit_minutes"": 30, ""topic_scoring_group"": ""combinatorics"", ""track"": ""historical_difficulty_candidate""}","{""author"": ""Lewis Carroll"", ""catalog_url"": ""https://www.gutenberg.org/ebooks/29042"", ""collection"": ""A Tangled Tale"", ""ebook_number"": 29042, ""original_publication_year"": 1885, ""publisher"": ""Project Gutenberg"", ""retrieved_at"": ""2026-09-21T00:00:00+08:00"", ""source_line_end"": 3493, ""source_line_start"": 3391, ""source_locator"": ""Sec. 1. THE CHELSEA PENSIONERS."", ""source_sha256"": ""16cb712f4735328ea2d57dec6088b700ae2a469e820c7d5c6874f762814b60e3"", ""text_url"": ""https://www.gutenberg.org/cache/epub/29042/pg29042.txt""}","{""attribution_recommended"": ""Lewis Carroll, A Tangled Tale (1885), Project Gutenberg eBook #29042."", ""attribution_required"": false, ""commercial_use_allowed_in_us"": true, ""distribution_basis"": ""public_domain_us"", ""evidence_text"": ""Project Gutenberg catalog: Copyright — Public domain in the USA."", ""evidence_url"": ""https://www.gutenberg.org/ebooks/29042"", ""jurisdiction_caveat"": ""Project Gutenberg instructs users outside the United States to check local law before reuse."", ""modifications_allowed_in_us"": true, ""permission_required_in_us"": false, ""public_domain_us"": true, ""release_decision"": ""redistributable_public_domain_us"", ""release_track"": ""open_commercial_core""}"
