id,title,date,domain_primary,domain_secondary,reasoning_skills,puzzle_format,question,answer_only,explanation,difficulty,quality_status,requires_assets,assets,evaluation
puzzle-03fd3dc8ae24ad8b6bf1,Back to the Future,,geometry_spatial,mixed_meta | word_language,spatial_visualization | visual_decoding | external_knowledge_linking | wordplay | lexical_search | anagramming | crossword_solving,multi_part | word_puzzle | crossword,"Title: Back to the Future

Next Month, October 21st, 2015, is the (real) day to when Marty McFly, Doc Brown, and Jennifer travel. Considering that, each time the Flux Capacitor is activated, a new timeline is created, things can get quite complicated. Only one person can really see the big picture. Who is it?

The complete puzzle statement and its visual/structured clues are in the required question asset(s):
- assets/4f6730dd5da20784f7bae43f299d276293b28c33035dc55859d3475d4cebc6bc.png

Return the short canonical final answer.",FATHER TIME,"1. There is a one letter difference between words on each branch, and on the right, the one letter difference is written in the rightmost blank.

2. Use the crossword clues in the story to figure out the words on the tree.

3. Numbers added notates an anagram of the letters from the two corresponding words.

4. After filling in the words, read the answer down the rightmost column.","{""bucket"": ""hard""}",needs_review,True,"[{""bytes"": 410502, ""content_type"": ""image/png"", ""path"": ""assets/4f6730dd5da20784f7bae43f299d276293b28c33035dc55859d3475d4cebc6bc.png"", ""role"": ""question"", ""sha256"": ""4f6730dd5da20784f7bae43f299d276293b28c33035dc55859d3475d4cebc6bc""}]","{""answer_only_scorable"": true, ""benchmark_core"": true, ""counts_toward_headline_score"": true, ""counts_toward_official_topic_score"": true, ""scoring_metric"": ""binary_accuracy"", ""time_limit_minutes"": 30, ""topic_scoring_group"": ""geometry_spatial"", ""track"": ""answer_only_upstream_hard_core""}"
puzzle-04c1ebfd7452fbd8a195,AIME_II 2010 #14,2010,geometry_spatial,,spatial_visualization | euclidean_geometry,numeric_answer,"Triangle $ABC$ with right angle at $C$, $\angle BAC < 45^\circ$ and $AB = 4$. Point $P$ on $\overline{AB}$ is chosen such that $\angle APC = 2\angle ACP$ and $CP = 1$. The ratio $\frac{AP}{BP}$ can be represented in the form $p + q\sqrt{r}$, where $p$, $q$, $r$ are positive integers and $r$ is not divisible by the square of any prime. Find $p+q+r$.",$7$,"Let $O$ be the circumcenter of $ABC$ and let the intersection of $CP$ with the circumcircle be $D$. It now follows that $\angle{DOA} = 2\angle ACP = \angle{APC} = \angle{DPB}$. Hence $ODP$ is isosceles and $OD = DP = 2$. 
Denote $E$ the projection of $O$ onto $CD$. Now $CD = CP + DP = 3$. By the Pythagorean Theorem, $OE = \sqrt {2^2 - \frac {3^2}{2^2}} = \sqrt {\frac {7}{4}}$. Now note that $EP = \frac {1}{2}$. By the Pythagorean Theorem, $OP = \sqrt {\frac {7}{4} + \frac {1^2}{2^2}} = \sqrt {2}$. Hence it now follows that,
\[\frac {AP}{BP} = \frac {AO + OP}{BO - OP} = \frac {2 + \sqrt {2}}{2 - \sqrt {2}} = 3 + 2\sqrt {2}\]
This gives that the answer is $\boxed{7}$.
An alternate finish for this problem would be to use Power of a Point on $BA$ and $CD$. By Power of a Point Theorem, $CP\cdot PD=1\cdot 2=BP\cdot PA$. Since $BP+PA=4$, we can solve for $BP$ and $PA$, giving the same values and answers as above. 
[asy] import graph; defaultpen(linewidth(0.7)+fontsize(10)); size(250); real lsf = 0.5; /* changes label-to-point distance */ pen xdxdff = rgb(0.49,0.49,1); pen qqwuqq = rgb(0,0.39,0); pen fftttt = rgb(1,0.2,0.2); /* segments and figures */ draw((0.2,0.81)--(0.33,0.78)--(0.36,0.9)--(0.23,0.94)--cycle,qqwuqq); draw((0.81,-0.59)--(0.93,-0.54)--(0.89,-0.42)--(0.76,-0.47)--cycle,qqwuqq); draw(circle((2,0),2)); draw((0,0)--(0.23,0.94),linewidth(1.6pt)); draw((0.23,0.94)--(4,0),linewidth(1.6pt)); draw((0,0)--(4,0),linewidth(1.6pt)); draw((0.23,(+0.55-0.94*0.23)/0.35)--(4.67,(+0.55-0.94*4.67)/0.35)); /* points and labels */ label(""$1$"", (0.26,0.42), SE*lsf); draw((1.29,-1.87)--(2,0)); label(""$2$"", (2.91,-0.11), SE*lsf); label(""$2$"", (1.78,-0.82), SE*lsf); pair parametricplot0_cus(real t){ return (0.28*cos(t)+0.23,0.28*sin(t)+0.94); } draw(graph(parametricplot0_cus,-1.209429202888189,-0.24334747753738661)--(0.23,0.94)--cycle,fftttt); pair parametricplot1_cus(real t){ return (0.28*cos(t)+0.59,0.28*sin(t)+0); } draw(graph(parametricplot1_cus,0.0,1.9321634507016043)--(0.59,0)--cycle,fftttt); label(""$\theta$"", (0.42,0.77), SE*lsf); label(""$2\theta$"", (0.88,0.38), SE*lsf); draw((2,0)--(0.76,-0.47)); pair parametricplot2_cus(real t){ return (0.28*cos(t)+2,0.28*sin(t)+0); } draw(graph(parametricplot2_cus,-1.9321634507016048,0.0)--(2,0)--cycle,fftttt); label(""$2\theta$"", (2.18,-0.3), SE*lsf); dot((0,0)); label(""$B$"", (-0.21,-0.2),NE*lsf); dot((4,0)); label(""$A$"", (4.03,0.06),NE*lsf); dot((2,0)); label(""$O$"", (2.04,0.06),NE*lsf); dot((0.59,0)); label(""$P$"", (0.28,-0.27),NE*lsf); dot((0.23,0.94)); label(""$C$"", (0.07,1.02),NE*lsf); dot((1.29,-1.87)); label(""$D$"", (1.03,-2.12),NE*lsf); dot((0.76,-0.47)); label(""$E$"", (0.56,-0.79),NE*lsf); clip((-0.92,-2.46)--(-0.92,2.26)--(4.67,2.26)--(4.67,-2.46)--cycle); [/asy]","{""bucket"": ""very_hard""}",needs_review,False,,"{""answer_only_scorable"": true, ""benchmark_core"": true, ""counts_toward_headline_score"": true, ""counts_toward_official_topic_score"": true, ""scoring_metric"": ""binary_accuracy"", ""time_limit_minutes"": 30, ""topic_scoring_group"": ""geometry_spatial"", ""track"": ""answer_only_difficulty_selected_core""}"
puzzle-055900c13a5efb1a33f9,Puzzle 055900c13a5efb1a33f9,1998,geometry_spatial,,spatial_visualization | euclidean_geometry,numeric_answer,"Eight spheres of radius 100 are placed on a flat surface so that each sphere is tangent to two others and their centers are the vertices of a regular octagon. A ninth sphere is placed on the flat surface so that it is tangent to each of the other eight spheres. The radius of this last sphere is $a +b\sqrt {c},$ where $a, b,$ and $c$ are positive integers, and $c$ is not divisible by the square of any prime. Find $a + b + c$.",$152$,"The key is to realize the significance that the figures are spheres, not circles. The 2D analogue of the diagram onto the flat surface will not contain 8 circles tangent to a ninth one; instead the circles will overlap since the middle sphere has a larger radius and will sort of 'bulge' out.
Let us examine the relation between one of the outside 8 spheres and the center one (with radius $r$): 
If we draw the segment containing the centers and the radii perpendicular to the flat surface, we get a trapezoid; if we draw the segment parallel to the surface that connects the center of the smaller sphere to the radii of the larger, we get a right triangle. Call that segment $x$. Then by the Pythagorean Theorem:
\[x^2 + (r-100)^2 = (r+100)^2 \Longrightarrow x = 20\sqrt{r}\]
$x$ is the distance from one of the vertices of the octagon to the center, so the diagonal of the octagon is of length $2x =40\sqrt{r}$. We can draw another right triangle as shown above. One leg has a length of $200$. The other can be found by partitioning the leg into three sections and using $45-45-90 \triangle$s to see that the leg is $100\sqrt{2} + 200 + 100\sqrt{2} = 200(\sqrt{2} + 1)$. Pythagorean Theorem:
\begin{eqnarray*} (40\sqrt{r})^2 &=& 200^2 + [200(\sqrt{2}+1)]^2\\ 1600r &=& 200^2[(1 + \sqrt{2})^2 + 1] \\ r &=& 100 + 50\sqrt{2} \end{eqnarray*}
Thus $a + b + c = 100 + 50 + 2 = \boxed{152}$.","{""bucket"": ""hard_candidate""}",needs_review,False,,"{""answer_only_scorable"": true, ""benchmark_core"": true, ""counts_toward_headline_score"": true, ""counts_toward_official_topic_score"": true, ""scoring_metric"": ""binary_accuracy"", ""time_limit_minutes"": 30, ""topic_scoring_group"": ""geometry_spatial"", ""track"": ""answer_only_difficulty_selected_core""}"
puzzle-070fd1b017d4294ffe82,AIME_II 2023 #14,2023,geometry_spatial,,spatial_visualization | euclidean_geometry,numeric_answer,"A cube-shaped container has vertices $A,$ $B,$ $C,$ and $D,$ where $\overline{AB}$ and $\overline{CD}$ are parallel edges of the cube, and $\overline{AC}$ and $\overline{BD}$ are diagonals of faces of the cube, as shown. Vertex $A$ of the cube is set on a horizontal plane $\mathcal{P}$ so that the plane of the rectangle $ABDC$ is perpendicular to $\mathcal{P},$ vertex $B$ is $2$ meters above $\mathcal{P},$ vertex $C$ is $8$ meters above $\mathcal{P},$ and vertex $D$ is $10$ meters above $\mathcal{P}.$ The cube contains water whose surface is parallel to $\mathcal{P}$ at a height of $7$ meters above $\mathcal{P}.$ The volume of water is $\frac{m}{n}$ cubic meters, where $m$ and $n$ are relatively prime positive integers. Find $m+n.$",$751$,"[asy] defaultpen(linewidth(0.6)); pair A = (0, 0), B = (5.656,2), C = (-2.828, 8), D = B+C, P = 0.875*C, Q = B+0.625*C, H = (-2.828, 0), G = (5.656, 0); pair P1 = (-5, 0), P2 = (10, 0); draw(A--B--D--C--A); filldraw(A--B--Q--P--cycle,rgb(0.35,0.7,0.9)); draw(C--H, dotted); draw(B--G, dotted); draw(P1--P2); dot(""$A$"",A,S); dot(""$B$"",B,E); dot(""$C$"",C,N); dot(""$D$"",D,N); dot(""$H$"",H,S); dot(""$G$"",G,S); dot(""$P$"",P,SE); dot(""$Q$"",Q,E); label(""$\mathcal P$"",(11, 0)); [/asy]
Let's first view the cube from a direction perpendicular to $ABDC$, as illustrated above. Let $x$ be the cube's side length. Since $\triangle CHA \sim \triangle AGB$, we have
\[\frac{CA}{CH} = \frac{AB}{AG}.\]
We know $AB = x$, $AG = \sqrt{x^2-2^2}$, $AC = \sqrt{2}x$, $CH = 8$. Plug them into the above equation, we get
\[\frac{\sqrt{2}x}{8} = \frac{x}{\sqrt{x^2-2^2}}.\]
Solving this we get the cube's side length $x = 6$, and $AC = 6\sqrt{2}.$
Let $PQ$ be the water's surface, both $P$ and $Q$ are $7$ meters from $\mathcal P$. Notice that $C$ is $8$ meters from $\mathcal P$, this means
\[CP = \frac{1}{8}CA = \frac{3\sqrt{2}}{4}.\]
Similarly,
\[DQ = \frac{3}{8}CA = \frac{9\sqrt{2}}{4}.\]
[asy] defaultpen(linewidth(0.6)); pair A = (0, 0), C = (0, 2*6), X = (6, 6), Y = (-6, 6), P = (0, 1.75*6), I = (-0.25*6, 1.75*6), J = (0.25*6, 1.75*6); pair P1 = (-8, 0), P2 = (8, 0); draw(A--X--C--Y--A); filldraw(A--X--J--I--Y--cycle,rgb(0.35,0.7,0.9)); draw(P1--P2, dotted); dot(""$A$"",A,S); dot(""$C$"",C,N); dot(""$P$"",P,S); label(""$\mathcal P$"",(10, 0)); [/asy]
Now, we realize that the 3D space inside the cube without water is a frustum, with $P$ on its smaller base and $Q$ on its larger base. To find its volume, all we need is to find the areas of both bases and the height, which is $x = 6$. To find the smaller base, let's move our viewpoint onto the plane $ABDC$ and view the cube from a direction parallel to $ABDC$, as shown above. The area of the smaller base is simply
\[S_1 = CP^2 = \Bigl(\frac{3\sqrt{2}}{4}\Bigr)^2 = \frac{9}{8}.\]
Similarly, the area of the larger base is
\[S_2 = DQ^2 = \Bigl(\frac{9\sqrt{2}}{4}\Bigr)^2 = \frac{81}{8}.\]
Finally, applying the formula for a frustum's volume,
\[V = \frac{1}{3} \cdot x \cdot (S_1 + \sqrt{S_1S_2} + S_2) = \frac{1}{3} \cdot 6 \cdot \Bigl(\frac{9}{8} + \sqrt{\frac{9}{8}\cdot\frac{81}{8}} + \frac{81}{8}\Bigl) = \frac{117}{4}.\]
The water's volume is thus
\[6^3 - \frac{117}{4} = \frac{747}{4},\]
giving $\boxed{751}$.","{""bucket"": ""very_hard""}",needs_review,False,,"{""answer_only_scorable"": true, ""benchmark_core"": true, ""counts_toward_headline_score"": true, ""counts_toward_official_topic_score"": true, ""scoring_metric"": ""binary_accuracy"", ""time_limit_minutes"": 30, ""topic_scoring_group"": ""geometry_spatial"", ""track"": ""answer_only_difficulty_selected_core""}"
puzzle-0a4ac5e1a818c6c4dcf3,AIME_II 2003 #11,2003,geometry_spatial,,spatial_visualization | euclidean_geometry,numeric_answer,"Triangle $ABC$ is a right triangle with $AC = 7,$ $BC = 24,$ and right angle at $C.$ Point $M$ is the midpoint of $AB,$ and $D$ is on the same side of line $AB$ as $C$ so that $AD = BD = 15.$ Given that the area of triangle $CDM$ may be expressed as $\frac {m\sqrt {n}}{p},$ where $m,$ $n,$ and $p$ are positive integers, $m$ and $p$ are relatively prime, and $n$ is not divisible by the square of any prime, find $m + n + p.$",$578$,"We use the Pythagorean Theorem on $ABC$ to determine that $AB=25.$
Let $N$ be the orthogonal projection from $C$ to $AB.$ Thus, $[CDM]=\frac{(DM)(MN)} {2}$, $MN=BN-BM$, and $[ABC]=\frac{24 \cdot 7} {2} =\frac{25 \cdot (CN)} {2}.$
From the third equation, we get 
$CN=\frac{168} {25}.$
By the Pythagorean Theorem in $\Delta BCN,$ we have 
$BN=\sqrt{\left(\frac{24 \cdot 25} {25}\right)^2-\left(\frac{24 \cdot 7} {25}\right)^2}=\frac{24} {25}\sqrt{25^2-7^2}=\frac{576} {25}.$ 
Thus, 
$MN=\frac{576} {25}-\frac{25} {2}=\frac{527} {50}.$ 
In $\Delta ADM$, we use the Pythagorean Theorem to get 
$DM=\sqrt{15^2-\left(\frac{25} {2}\right)^2}=\frac{5} {2} \sqrt{11}.$
Thus, 
$[CDM]=\frac{527 \cdot 5\sqrt{11}} {50 \cdot 2 \cdot 2}= \frac{527\sqrt{11}} {40}.$
Hence, the answer is $527+11+40=\boxed{578}.$","{""bucket"": ""hard_candidate""}",needs_review,False,,"{""answer_only_scorable"": true, ""benchmark_core"": true, ""counts_toward_headline_score"": true, ""counts_toward_official_topic_score"": true, ""scoring_metric"": ""binary_accuracy"", ""time_limit_minutes"": 30, ""topic_scoring_group"": ""geometry_spatial"", ""track"": ""answer_only_difficulty_selected_core""}"
puzzle-0a508aacb80ed1558f9a,AIME_I 2002 #15,2002,geometry_spatial,,spatial_visualization | euclidean_geometry,numeric_answer,"Polyhedron $ABCDEFG$ has six faces. Face $ABCD$ is a square with $AB = 12;$ face $ABFG$ is a trapezoid with $\overline{AB}$ parallel to $\overline{GF},$ $BF = AG = 8,$ and $GF = 6;$ and face $CDE$ has $CE = DE = 14.$ The other three faces are $ADEG, BCEF,$ and $EFG.$ The distance from $E$ to face $ABCD$ is 12. Given that $EG^2 = p - q\sqrt {r},$ where $p, q,$ and $r$ are positive integers and $r$ is not divisible by the square of any prime, find $p + q + r.$",$163$,"[asy] size(200); import three; import graph; defaultpen(linewidth(0.7)+fontsize(8)); currentprojection=orthographic(-30,50,40); triple A=(-6,-6,0), B = (-6,6,0), C = (6,6,0), D = (6,-6,0), E = (2,0,12), H=(-6+2*sqrt(19),0,12), H1=(-6-2*sqrt(19),0,12), F, G, E1 = (6,0,12); F = 1/2*H+1/2*B; G = 1/2*H+1/2*A; draw((A--B--C--D--A)^^(D--E--C)^^(A--G--F--B)^^(G--E--F));draw((G--H--F)^^(H--E1),gray(0.6)); dot(H1^^H,linewidth(2)); label(""$A$"",A,( 0,-1, 0)); label(""$B$"",B,( 0, 1, 0)); label(""$C$"",C,( 0, 1, 0)); label(""$D$"",D,( 0,-1, 0)); label(""$E$"",E,(-1,-1, 1)); label(""$F$"",F,( 0, 1, 0)); label(""$G$"",G,(-1,-1, 1)); label(""$H$"",H,( 1,-1, 1)); label(""$H'$"",H1,(-1,-1, 1)); [/asy]
Let's put the polyhedron onto a coordinate plane. For simplicity, let the origin be the center of the square: $A(-6,6,0)$, $B(-6,-6,0)$, $C(6,-6,0)$ and $D(6,6,0)$. Since $ABFG$ is an isosceles trapezoid and $CDE$ is an isosceles triangle, we have symmetry about the $xz$-plane.
Therefore, the $y$-component of $E$ is 0. We are given that the $z$ component is 12, and it lies over the square, so we must have $E(2,0,12)$ so $CE=\sqrt{4^2+6^2+12^2}=\sqrt{196}=14$ (the other solution, $E(10,0,12)$ does not lie over the square). Now let $F(a,-3,b)$ and $G(a,3,b)$, so $FG=6$ is parallel to $\overline{AB}$. We must have $BF=8$, so $(a+6)^2+b^2=8^2-3^2=55$.
The last piece of information we have is that $ADEG$ (and its reflection, $BCEF$) are faces of the polyhedron, so they must all lie in the same plane. Since we have $A$, $D$, and $E$, we can derive this plane.* Let $H$ be the extension of the intersection of the lines containing $\overline{AG}, \overline{BF}$. It follows that the projection of $\triangle AHB$ onto the plane $x = 6$ must coincide with the $\triangle CDE'$, where $E'$ is the projection of $E$ onto the plane $x = 6$. $\triangle GHF \sim \triangle AHB$ by a ratio of $1/2$, so the distance from $H$ to the plane $x = -6$ is \[\sqrt{\left(\sqrt{(2 \times 8)^2 - 6^2}\right)^2 - 12^2} = 2\sqrt{19};\] and by the similarity, the distance from $G$ to the plane $x = -6$ is $\sqrt{19}$. The altitude from $G$ to $ABCD$ has height $12/2 = 6$. By similarity, the x-coordinate of $G$ is $-6/2 = -3$. Then $G = (-6 \pm \sqrt{19}, -3, 6)$.
Now that we have located $G$, we can calculate $EG^2$:
\[EG^2=(8\pm\sqrt{19})^2+3^2+6^2=64\pm16\sqrt{19}+19+9+36=128\pm16\sqrt{19}.\] Taking the negative root because the answer form asks for it, we get $128-16\sqrt{19}$, and $128+16+19=\boxed{163}$.
* One may also do this by vectors; $\overrightarrow{AD}\times\overrightarrow{DE}=(12,0,0)\times(-4,-6,12)=(0,-144,-72)=-72(0,2,1)$, so the plane is $2y+z=2\cdot6=12$. Since $G$ lies on this plane, we must have $2\cdot3+b=12$, so $b=6$. Therefore, $a=-6\pm\sqrt{55-6^2}=-6\pm\sqrt{19}$. So $G(-6\pm\sqrt{19},-3,6)$.","{""bucket"": ""very_hard""}",needs_review,False,,"{""answer_only_scorable"": true, ""benchmark_core"": true, ""counts_toward_headline_score"": true, ""counts_toward_official_topic_score"": true, ""scoring_metric"": ""binary_accuracy"", ""time_limit_minutes"": 30, ""topic_scoring_group"": ""geometry_spatial"", ""track"": ""answer_only_difficulty_selected_core""}"
puzzle-0a7faad962ec25063550,AIME_I 2009 #12,2009,geometry_spatial,,spatial_visualization | euclidean_geometry,numeric_answer,"In right $\triangle ABC$ with hypotenuse $\overline{AB}$, $AC = 12$, $BC = 35$, and $\overline{CD}$ is the altitude to $\overline{AB}$. Let $\omega$ be the circle having $\overline{CD}$ as a diameter. Let $I$ be a point outside $\triangle ABC$ such that $\overline{AI}$ and $\overline{BI}$ are both tangent to circle $\omega$. The ratio of the perimeter of $\triangle ABI$ to the length $AB$ can be expressed in the form $\frac {m}{n}$, where $m$ and $n$ are relatively prime positive integers. Find $m + n$.",$11$,"First, note that $AB=37$; let the tangents from $I$ to $\omega$ have length $x$. Then the perimeter of $\triangle ABI$ is equal to \[2(x+AD+DB)=2(x+37).\] It remains to compute $\dfrac{2(x+37)}{37}=2+\dfrac{2}{37}x$.
Observe $CD=\dfrac{12\cdot 35}{37}=\dfrac{420}{37}$, so the radius of $\omega$ is $\dfrac{210}{37}$. We may also compute $AD=\dfrac{12^{2}}{37}$ and $DB=\dfrac{35^{2}}{37}$ by similar triangles. Let $O$ be the center of $\omega$; notice that \[\tan(\angle DAO)=\dfrac{DO}{AD}=\dfrac{210/37}{144/37}=\dfrac{35}{24}\] so it follows \[\sin(\angle DAO)=\dfrac{35}{\sqrt{35^{2}+24^{2}}}=\dfrac{35}{\sqrt{1801}}\] while $\cos(\angle DAO)=\dfrac{24}{\sqrt{1801}}$. By the double-angle formula $\sin(2\theta)=2\sin\theta\cos\theta$, it turns out that \[\sin(\angle BAI)=\sin(2\angle DAO)=\dfrac{2\cdot 35\cdot 24}{1801}=\dfrac{1680}{1801}\]
Using the area formula $\dfrac{1}{2}ab\sin(C)$ in $\triangle ABI$, \[[ABI]=\left(\dfrac{1}{2}\right)\left(\dfrac{144}{37}+x\right)(37)\left(\dfrac{1680}{1801}\right)=\left(\dfrac{840}{1801}\right)(144+37x).\] But also, using $rs$, \[[ABI]=\left(\dfrac{210}{37}\right)(37+x).\] Now we can get \[\dfrac{[ABI]}{210}=\dfrac{4(144+37x)}{1801}=\dfrac{37+x}{37}\] so multiplying everything by $37\cdot 1801=66637$ lets us solve for $x$: \[21312+5476x=66637+1801x.\] We have $x=\dfrac{66637-21312}{5476-1801}=\dfrac{45325}{3675}=\dfrac{37}{3}$, and now \[2+\dfrac{2}{37}x=2+\dfrac{2}{3}=\dfrac{8}{3}\] giving the answer, $\boxed{11}$.","{""bucket"": ""hard_candidate""}",needs_review,False,,"{""answer_only_scorable"": true, ""benchmark_core"": true, ""counts_toward_headline_score"": true, ""counts_toward_official_topic_score"": true, ""scoring_metric"": ""binary_accuracy"", ""time_limit_minutes"": 30, ""topic_scoring_group"": ""geometry_spatial"", ""track"": ""answer_only_difficulty_selected_core""}"
puzzle-0b5021f483f09d86ef03,AIME_II 2005 #15,2005,geometry_spatial,,spatial_visualization | euclidean_geometry,numeric_answer,"Let $w_1$ and $w_2$ denote the circles $x^2+y^2+10x-24y-87=0$ and $x^2 +y^2-10x-24y+153=0,$ respectively. Let $m$ be the smallest positive value of $a$ for which the line $y=ax$ contains the center of a circle that is externally tangent to $w_2$ and internally tangent to $w_1.$ Given that $m^2=\frac pq,$ where $p$ and $q$ are relatively prime integers, find $p+q.$",$169$,"Rewrite the given equations as $(x+5)^2 + (y-12)^2 = 256$ and $(x-5)^2 + (y-12)^2 = 16$.
Let $w_3$ have center $(x,y)$ and radius $r$. Now, if two circles with radii $r_1$ and $r_2$ are externally tangent, then the distance between their centers is $r_1 + r_2$, and if they are internally tangent, it is $|r_1 - r_2|$. So we have
\begin{align*} r + 4 &= \sqrt{(x-5)^2 + (y-12)^2} \\ 16 - r &= \sqrt{(x+5)^2 + (y-12)^2} \end{align*}
Solving for $r$ in both equations and setting them equal, then simplifying, yields
\begin{align*} 20 - \sqrt{(x+5)^2 + (y-12)^2} &= \sqrt{(x-5)^2 + (y-12)^2} \\ 20+x &= 2\sqrt{(x+5)^2 + (y-12)^2} \end{align*}
Squaring again and canceling yields $1 = \frac{x^2}{100} + \frac{(y-12)^2}{75}.$
So the locus of points that can be the center of the circle with the desired properties is an ellipse.
[asy] size(220); pointpen = black; pen d = linewidth(0.7); pathpen = d; pair A = (-5, 12), B = (5, 12), C = (0, 0); D(CR(A,16));D(CR(B,4));D(shift((0,12)) * yscale(3^.5 / 2) * CR(C,10), linetype(""2 2"") + d + red); D((0,30)--(0,-10),Arrows(4));D((15,0)--(-25,0),Arrows(4));D((0,0)--MP(""y=ax"",(14,14 * (69/100)^.5),E),EndArrow(4)); void bluecirc (real x) { pair P = (x, (3 * (25 - x^2 / 4))^.5 + 12); dot(P, blue); D(CR(P, ((P.x - 5)^2 + (P.y - 12)^2)^.5 - 4) , blue + d + linetype(""4 4"")); } bluecirc(-9.2); bluecirc(-4); bluecirc(3); [/asy]
Since the center lies on the line $y = ax$, we substitute for $y$ and expand: 
\[1 = \frac{x^2}{100} + \frac{(ax-12)^2}{75} \Longrightarrow (3+4a^2)x^2 - 96ax + 276 = 0.\]
We want the value of $a$ that makes the line $y=ax$ tangent to the ellipse, which will mean that for that choice of $a$ there is only one solution to the most recent equation. But a quadratic has one solution iff its discriminant is $0$, so $(-96a)^2 - 4(3+4a^2)(276) = 0$.
Solving yields $a^2 = \frac{69}{100}$, so the answer is $\boxed{169}$.","{""bucket"": ""very_hard""}",needs_review,False,,"{""answer_only_scorable"": true, ""benchmark_core"": true, ""counts_toward_headline_score"": true, ""counts_toward_official_topic_score"": true, ""scoring_metric"": ""binary_accuracy"", ""time_limit_minutes"": 30, ""topic_scoring_group"": ""geometry_spatial"", ""track"": ""answer_only_difficulty_selected_core""}"
puzzle-116a647439f5a2dfac52,Puzzle 116a647439f5a2dfac52,2026-01-05,geometry_spatial,algorithms_computation,euclidean_geometry | logical_inference | computational_verification | coordinate_geometry,proof_problem | geometry_problem,"In a non-degenerate Euclidean configuration, perform the following constructions. All intersections and choices are those satisfying the stated incidences; directed angles are taken modulo 180°.
1. Let A and B be distinct points.
2. Line CA is perpendicular to line AB.
3. Let D be the foot of the perpendicular from A to line BC.
4. Let E be the midpoint of segment DA.
5. Point F lies on line BE.
6. Point F lies on line AC.
7. Let G be the foot of the perpendicular from F to line BC.
8. Let H be the midpoint of segment CA.
9. Line IF is perpendicular to line AC.
10. Point I lies on the circle centered at H through A.
Prove that FI = FG.
Formal statement: `a b = segment a b; c = on_tline c a a b; d = foot d a b c; e = midpoint e d a; f = on_line f b e, on_line f a c; g = foot g f b c; h = midpoint h c a; i = on_tline i f a c, on_circle i h a ? cong f i f g`",FI = FG,"Machine-verified DDAR proof trace.
Premises used:
Points introduced: A.
Points introduced: B.
Points introduced: C.
[00] AC ⟂ AB
Points introduced: D.
[01] AD ⟂ BC
[02] B,C,D are collinear
Points introduced: E.
[03] ED = EA
[04] E,A,D are collinear
Points introduced: F.
[05] B,E,F are collinear
[06] C,A,F are collinear
Points introduced: G.
[07] BC ⟂ GF
[08] B,C,G are collinear
Points introduced: H.
[09] C,A,H are collinear
[10] HC = HA
Points introduced: I.
[11] AC ⟂ IF
[12] HI = HA
Proof steps:
001. BC ⟂ GF [07] & AD ⟂ BC [01] --deduction--> GF ∥ AD [13]
002. E,A,D are collinear [04] & FG ∥ AD [13] --deduction--> FG ∥ ED [14]
003. B,C,G are collinear [08] & B,C,D are collinear [02] --deduction--> B,G,D are collinear [15]
004. B,C,G are collinear [08] & B,C,D are collinear [02] --deduction--> C,G,D are collinear [16]
005. FG ∥ ED [14] & B,E,F are collinear [05] & B,G,D are collinear [15] --r07--> BF:BE = BG:BD [17]
006. FG ∥ ED [14] & B,E,F are collinear [05] & B,G,D are collinear [15] --r07--> BF:EF = BG:GD [18]
007. FG ∥ ED [14] & B,E,F are collinear [05] & B,G,D are collinear [15] --r07--> BF:BE = FG:ED [19]
008. BF:BE = FG:ED [19] & ED = EA [03] --deduction--> BF:BE = FG:EA [20]
009. FG ∥ AD [13] & C,A,F are collinear [06] & C,G,D are collinear [16] --r07--> CF:CA = CG:CD [21]
010. FG ∥ AD [13] & C,A,F are collinear [06] & C,G,D are collinear [16] --r07--> CF:FA = CG:GD [22]
011. FG ∥ AD [13] & C,A,F are collinear [06] & C,G,D are collinear [16] --r07--> CF:CA = FG:AD [23]
012. B,C,D are collinear [02] & AC ⟂ AB [00] & AD ⟂ BC [01] --deduction--> ∠ADB = ∠BAC [24]
013. B,C,D are collinear [02] --deduction--> ∠ABD = ∠ABC [25]
014. ∠ADB = ∠BAC [24] & ∠ABD = ∠ABC [25] --Similar triangles--> AD:BA = CA:BC [26]
015. ∠ADB = ∠BAC [24] & ∠ABD = ∠ABC [25] --Similar triangles--> AD:BD = CA:BA [27]
016. C,A,H are collinear [09] & HC = HA [10] --deduction--> H is midpoint of AC [28]
017. E,A,D are collinear [04] & ED = EA [03] --deduction--> E is midpoint of AD [29]
018. H is midpoint of AC [28] & E is midpoint of AD [29] --r06--> HE ∥ CD [30]
019. HE ∥ CD [30] & B,C,D are collinear [02] --deduction--> EH ∥ BC [31]
020. C,A,F are collinear [06] & C,A,H are collinear [09] --deduction--> H,C,F are collinear [32]
021. EH ∥ BC [31] & B,E,F are collinear [05] & F,H,C are collinear [32] --r07--> EF:BF = EH:BC [33]
022. EH ∥ DC [30] & E,A,D are collinear [04] & C,A,H are collinear [09] --r07--> EA:AD = EH:CD [34]
023. F,C,A are collinear [06] & AC ⟂ AB [00] & AC ⟂ IF [11] --deduction--> ∠IFC = ∠AFI [35]
024. HC = HA [10] & HI = HA [12] --deduction--> H is the circumcenter of \Delta ACI [36]
025. H,C,A are collinear [09] & AC ⟂ AB [00] --deduction--> HA ⟂ AB [37]
026. H is the circumcenter of \Delta ACI [36] & HA ⟂ AB [37] --r15--> ∠IAB = ∠ICA [38]
027. C,A,F are collinear [06] & ∠ICA = ∠IAB [38] & AC ⟂ IF [11] & AC ⟂ AB [00] --deduction--> ∠ICF = ∠AIF [39]
028. ∠IFC = ∠AFI [35] & ∠ICF = ∠AIF [39] --Similar triangles--> FI:CF = FA:FI [40]
029. ED = EA [03] & BF:BE = BG:BD [17] & BF:EF = BG:GD [18] & BF:BE = FG:EA [20] & CF:CA = CG:CD [21] & CF:FA = CG:GD [22] & CF:CA = FG:AD [23] & AD:BA = CA:BC [26] & AD:BD = CA:BA [27] & EF:BF = EH:BC [33] & EA:AD = EH:CD [34] & FI:CF = FA:FI [40] --Ratio chase--> FG = FI
Verified conclusion: FI = FG.","{""bucket"": ""hard_candidate""}",machine_verified,False,,"{""answer_only_scorable"": false, ""answer_type"": ""proof_certificate"", ""benchmark_core"": false, ""canonical_reference_field"": ""explanation"", ""counts_toward_headline_score"": false, ""counts_toward_official_topic_score"": false, ""formal_verification_applies_to"": ""formal_statement"", ""reference_proof_type"": ""machine_verified_ddar_trace"", ""scoring_metric"": ""proof_certificate_validity"", ""scoring_requires_proof"": true, ""submission_requirement"": ""A complete proof certificate establishing the stated theorem; repeating answer_only receives no credit."", ""time_limit_minutes"": 60, ""topic_scoring_group"": ""geometry_spatial"", ""track"": ""proof_certificate""}"
puzzle-132567dbfda6c8f5b254,AIME_I 2009 #11,2009,geometry_spatial,,spatial_visualization | euclidean_geometry,numeric_answer,"Consider the set of all triangles $OPQ$ where $O$ is the origin and $P$ and $Q$ are distinct points in the plane with nonnegative integer coordinates $(x,y)$ such that $41x + y = 2009$. Find the number of such distinct triangles whose area is a positive integer.",$600$,"Let the two points $P$ and $Q$ be defined with coordinates; $P=(x_1,y_1)$ and $Q=(x_2,y_2)$
We can calculate the area of the parallelogram with the determinant of the matrix of the coordinates of the two points(shoelace theorem). 
$\det \left(\begin{array}{c} P \\ Q\end{array}\right)=\det \left(\begin{array}{cc}x_1 &y_1\\x_2&y_2\end{array}\right).$
Since the triangle has half the area of the parallelogram, we just need the determinant to be even.
The determinant is
\[(x_1)(y_2)-(x_2)(y_1)=(x_1)(2009-41(x_2))-(x_2)(2009-41(x_1))=2009(x_1)-41(x_1)(x_2)-2009(x_2)+41(x_1)(x_2)=2009((x_1)-(x_2))\]
Since $2009$ is not even, $((x_1)-(x_2))$ must be even, thus the two $x$'s must be of the same parity. Also note that the maximum value for $x$ is $49$ and the minimum is $0$. There are $25$ even and $25$ odd numbers available for use as coordinates and thus there are $(_{25}C_2)+(_{25}C_2)=\boxed{600}$ such triangles.","{""bucket"": ""hard_candidate""}",needs_review,False,,"{""answer_only_scorable"": true, ""benchmark_core"": true, ""counts_toward_headline_score"": true, ""counts_toward_official_topic_score"": true, ""scoring_metric"": ""binary_accuracy"", ""time_limit_minutes"": 30, ""topic_scoring_group"": ""geometry_spatial"", ""track"": ""answer_only_difficulty_selected_core""}"
puzzle-16671f5be972fb2f9cc3,AIME_I 2003 #15,2003,geometry_spatial,,spatial_visualization | euclidean_geometry,numeric_answer,"In $\triangle ABC, AB = 360, BC = 507,$ and $CA = 780.$ Let $M$ be the midpoint of $\overline{CA},$ and let $D$ be the point on $\overline{CA}$ such that $\overline{BD}$ bisects angle $ABC.$ Let $F$ be the point on $\overline{BC}$ such that $\overline{DF} \perp \overline{BD}.$ Suppose that $\overline{DF}$ meets $\overline{BM}$ at $E.$ The ratio $DE: EF$ can be written in the form $m/n,$ where $m$ and $n$ are relatively prime positive integers. Find $m + n.$",$289$,"In the following, let the name of a point represent the mass located there. Since we are looking for a ratio, we assume that $AB=120$, $BC=169$, and $CA=260$ in order to simplify our computations.
First, reflect point $F$ over angle bisector $BD$ to a point $F'$.
[asy] size(400); pointpen = black; pathpen = black+linewidth(0.7); pair A=(0,0),C=(7.8,0),B=IP(CR(A,3.6),CR(C,5.07)), M=(A+C)/2, Da = bisectorpoint(A,B,C), D=IP(B--B+(Da-B)*10,A--C), F=IP(D--D+10*(B-D)*dir(270),B--C), E=IP(B--M,D--F);pair Fprime=2*D-F; D(MP(""A"",A,NW)--MP(""B"",B,N)--MP(""C"",C)--cycle); D(B--D(MP(""D"",D))--D(MP(""F"",F,NE))); D(B--D(MP(""M"",M)));D(A--MP(""F'"",Fprime,SW)--D); MP(""E"",E,NE); D(rightanglemark(F,D,B,4)); MP(""390"",(M+C)/2); MP(""390"",(M+C)/2); MP(""360"",(A+B)/2,NW); MP(""507"",(B+C)/2,NE); [/asy]
As $BD$ is an angle bisector of both triangles $BAC$ and $BF'F$, we know that $F'$ lies on $AB$. We can now balance triangle $BF'C$ at point $D$ using mass points.
By the Angle Bisector Theorem, we can place mass points on $C,D,A$ of $120,\,289,\,169$ respectively. Thus, a mass of $\frac {289}{2}$ belongs at both $F$ and $F'$ because BD is a median of triangle $BF'F$ . Therefore, $CB/FB=\frac{289}{240}$.
Now, we reassign mass points to determine $FE/FD$. This setup involves $\triangle CFD$ and transversal $MEB$. For simplicity, put masses of $240$ and $289$ at $C$ and $F$ respectively. To find the mass we should put at $D$, we compute $CM/MD$. Applying the Angle Bisector Theorem again and using the fact $M$ is a midpoint of $AC$, we find
\[\frac {MD}{CM} = \frac {\frac{169}{289}\cdot 260 - 130}{130} = \frac {49}{289}\]
At this point we could find the mass at $D$ but it's unnecessary.
\[\frac {DE}{EF} = \frac {F}{D} = \frac {F}{C}\cdot\frac {C}{D} = \frac {289}{240}\cdot\frac {49}{289} = \boxed{\frac {49}{240}}\]
and the answer is $49 + 240 = \boxed{289}$.","{""bucket"": ""very_hard""}",needs_review,False,,"{""answer_only_scorable"": true, ""benchmark_core"": true, ""counts_toward_headline_score"": true, ""counts_toward_official_topic_score"": true, ""scoring_metric"": ""binary_accuracy"", ""time_limit_minutes"": 30, ""topic_scoring_group"": ""geometry_spatial"", ""track"": ""answer_only_difficulty_selected_core""}"
puzzle-170b7a9d4621f87db494,AIME_II 2010 #15,2010,geometry_spatial,,spatial_visualization | euclidean_geometry,numeric_answer,"In triangle $ABC$, $AC = 13$, $BC = 14$, and $AB=15$. Points $M$ and $D$ lie on $AC$ with $AM=MC$ and $\angle ABD = \angle DBC$. Points $N$ and $E$ lie on $AB$ with $AN=NB$ and $\angle ACE = \angle ECB$. Let $P$ be the point, other than $A$, of intersection of the circumcircles of $\triangle AMN$ and $\triangle ADE$. Ray $AP$ meets $BC$ at $Q$. The ratio $\frac{BQ}{CQ}$ can be written in the form $\frac{m}{n}$, where $m$ and $n$ are relatively prime positive integers. Find $m-n$.",$218$,"Define the function $f:\mathbb{R}^{2}\rightarrow\mathbb{R}$ by \[f(X)=\text{Pow}_{(AMN)}(X)-\text{Pow}_{(ADE)}(X)\] for points $X$ in the plane. Then $f$ is linear, so $\frac{BQ}{CQ}=\frac{f(B)-f(Q)}{f(Q)-f(C)}$. But $f(Q)=0$ since $Q$ lies on the radical axis of $(AMN)$, $(ADE)$ thus \[\frac{BQ}{CQ}=-\frac{f(B)}{f(C)}=-\frac{BN\cdot BA-BE\cdot BA}{CM\cdot CA-CD\cdot CA}\] Let $AC=b$, $BC=a$ and $AB=c$. Note that $BN=\tfrac{c}{2}$ and $CM=\tfrac{b}{2}$ because they are midpoints, while $BE=\frac{ac}{a+b}$ and $CD=\frac{ab}{a+c}$ by Angle Bisector Theorem. Thus we can rewrite this expression as \begin{align*}&-\frac{\tfrac{c^{2}}{2}-\tfrac{ac^{2}}{a+b}}{\tfrac{b^{2}}{2}-\tfrac{ab^{2}}{a+c}} \\ =&-\left(\frac{c^{2}}{b^{2}}\right)\left(\frac{\tfrac{1}{2}-\tfrac{a}{a+b}}{\tfrac{1}{2}-\tfrac{a}{a+c}}\right) \\ =&\left(\frac{c^{2}}{b^{2}}\right)\left(\frac{a+c}{a+b}\right) \\ =&\left(\frac{225}{169}\right)\left(\frac{29}{27}\right) \\ =&~\frac{725}{507}\end{align*} so $m-n=\boxed{218}$.","{""bucket"": ""very_hard""}",needs_review,False,,"{""answer_only_scorable"": true, ""benchmark_core"": true, ""counts_toward_headline_score"": true, ""counts_toward_official_topic_score"": true, ""scoring_metric"": ""binary_accuracy"", ""time_limit_minutes"": 30, ""topic_scoring_group"": ""geometry_spatial"", ""track"": ""answer_only_difficulty_selected_core""}"
puzzle-19a8c5f3dcb099e14e8c,Puzzle 19a8c5f3dcb099e14e8c,2026-01-05,geometry_spatial,algorithms_computation,euclidean_geometry | logical_inference | computational_verification | coordinate_geometry,proof_problem | geometry_problem,"In a non-degenerate Euclidean configuration, perform the following constructions. All intersections and choices are those satisfying the stated incidences; directed angles are taken modulo 180°.
1. Let ABCD be a square in the stated vertex order.
2. Point E lies on line BD.
3. Point E lies on the circle centered at B through C.
4. Line FE is perpendicular to line BD.
5. Point F lies on line DC.
Prove that ED = CF.
Formal statement: `a b c d = isquare a b c d; e = on_line e b d, on_circle e b c; f = on_tline f e b d, on_line f d c ? cong e d c f`",ED = CF,"Machine-verified DDAR proof trace.
Premises used:
Points introduced: A.
Points introduced: B.
Points introduced: C.
[00] AB = BC
[01] AB ⟂ BC
Points introduced: D.
[02] AB ∥ CD
[03] AD ∥ BC
Points introduced: E.
[04] BE = BC
[05] B,E,D are collinear
Points introduced: F.
[06] F,C,D are collinear
[07] EF ⟂ BD
[08] FD:BD = FD:BD
Proof steps:
001. AB = BC [00] & BE = BC [04] --deduction--> B is the circumcenter of \Delta CAE [09]
002. F,C,D are collinear [06] & AB ⟂ BC [01] & AB ∥ CD [02] --deduction--> FC ⟂ BC [10]
003. B is the circumcenter of \Delta CAE [09] & FC ⟂ BC [10] --r15--> ∠FCA = ∠CEA [11]
004. B,E,D are collinear [05] & BD ⟂ EF [07] --deduction--> BE ⟂ EF [12]
005. B is the circumcenter of \Delta CAE [09] & BE ⟂ EF [12] --r15--> ∠CEF = ∠CAE [13]
006. F,C,D are collinear [06] & ∠FCA = ∠CEA [11] & AB ∥ CD [02] & ∠CEF = ∠CAE [13] --deduction--> ∠CEF = ∠FCE [14]
007. ∠CEF = ∠FCE [14] --r14--> FC = FE [15]
008. E,B,D are collinear [05] & AB ⟂ BC [01] & EF ⟂ BD [07] & AB ∥ CD [02] --deduction--> ∠FED = ∠DCB [16]
009. F,C,D are collinear [06] & E,B,D are collinear [05] --deduction--> ∠FDE = ∠CDB [17]
010. ∠FED = ∠DCB [16] & ∠FDE = ∠CDB [17] --Similar triangles--> ED:FD = CD:BD [18]
011. ∠FED = ∠DCB [16] & ∠FDE = ∠CDB [17] --Similar triangles--> FE:FD = BC:BD [19]
012. BC ∥ AD [03] & AB ∥ CD [02] --deduction--> ∠ADC = ∠CBA [20]
013. CD ∥ AB [02] --deduction--> ∠ACD = ∠CAB [21]
014. ∠ADC = ∠CBA [20] & ∠ACD = ∠CAB [21] --Similar triangles--> CD = AB [22]
015. ED:FD = CD:BD [18] & FE:FD = BC:BD [19] & CD = AB [22] & AB = BC [00] --deduction--> EF:FD = ED:FD [23]
016. EF:FD = ED:FD [23] & FD:BD = FD:BD [08] --r10--> EF = ED [24]
017. FC = FE [15] & EF = ED [24] --deduction--> ED = CF
Verified conclusion: ED = CF.","{""bucket"": ""hard_candidate""}",machine_verified,False,,"{""answer_only_scorable"": false, ""answer_type"": ""proof_certificate"", ""benchmark_core"": false, ""canonical_reference_field"": ""explanation"", ""counts_toward_headline_score"": false, ""counts_toward_official_topic_score"": false, ""formal_verification_applies_to"": ""formal_statement"", ""reference_proof_type"": ""machine_verified_ddar_trace"", ""scoring_metric"": ""proof_certificate_validity"", ""scoring_requires_proof"": true, ""submission_requirement"": ""A complete proof certificate establishing the stated theorem; repeating answer_only receives no credit."", ""time_limit_minutes"": 60, ""topic_scoring_group"": ""geometry_spatial"", ""track"": ""proof_certificate""}"
puzzle-1b27213075af4d59fae0,AIME_II 2012 #15,2012,geometry_spatial,,spatial_visualization | euclidean_geometry,numeric_answer,"Triangle $ABC$ is inscribed in circle $\omega$ with $AB=5$, $BC=7$, and $AC=3$. The bisector of angle $A$ meets side $\overline{BC}$ at $D$ and circle $\omega$ at a second point $E$. Let $\gamma$ be the circle with diameter $\overline{DE}$. Circles $\omega$ and $\gamma$ meet at $E$ and a second point $F$. Then $AF^2 = \frac mn$, where $m$ and $n$ are relatively prime positive integers. Find $m+n$.",$919$,"Use the angle bisector theorem to find $CD=\tfrac{21}{8}$, $BD=\tfrac{35}{8}$, and use Stewart's Theorem to find $AD=\tfrac{15}{8}$. Use Power of Point $D$ to find $DE=\tfrac{49}{8}$, and so $AE=8$. Use law of cosines to find $\angle CAD = \tfrac{\pi} {3}$, hence $\angle BAD = \tfrac{\pi}{3}$ as well, and $\triangle BCE$ is equilateral, so $BC=CE=BE=7$.
[asy] size(150); defaultpen(fontsize(9pt)); picture pic; pair A,B,C,D,E,F,W; B=MP(""B"",origin,dir(180)); C=MP(""C"",(7,0),dir(0)); A=MP(""A"",IP(CR(B,5),CR(C,3)),N); D=MP(""D"",extension(B,C,A,bisectorpoint(C,A,B)),dir(220)); path omega=circumcircle(A,B,C); E=MP(""E"",OP(omega,A--(A+20*(D-A))),S); path gamma=CR(midpoint(D--E),length(D-E)/2); F=MP(""F"",OP(omega,gamma),SE); draw(omega^^A--B--C--cycle^^gamma); draw(pic, A--E--F--cycle, gray); add(pic); dot(""$W$"",circumcenter(A,B,C),dir(180)); label(""$\gamma$"",gamma,dir(180)); [/asy]
In triangle $AEF$, let $X$ be the foot of the altitude from $A$; then $EF=EX+XF$, where we use signed lengths. Writing $EX=AE \cdot \cos \angle AEF$ and $XF=AF \cdot \cos \angle AFE$, we get
\begin{align}\tag{1} EF = AE \cdot \cos \angle AEF + AF \cdot \cos \angle AFE. \end{align}
Note $\angle AFE = \angle ACE$, and the Law of Cosines in $\triangle ACE$ gives $\cos \angle ACE = -\tfrac 17$. 
Also, $\angle AEF = \angle DEF$, and $\angle DFE = \tfrac{\pi}{2}$ ($DE$ is a diameter), so $\cos \angle AEF = \tfrac{EF}{DE} = \tfrac{8}{49}\cdot EF$.
Plugging in all our values into equation $(1)$, we get:
\[EF = \tfrac{64}{49} EF -\tfrac{1}{7} AF \quad \Longrightarrow \quad EF = \tfrac{7}{15} AF.\]
The Law of Cosines in $\triangle AEF$, with $EF=\tfrac 7{15}AF$ and $\cos\angle AFE = -\tfrac 17$ gives
\[8^2 = AF^2 + \tfrac{49}{225} AF^2 + \tfrac 2{15} AF^2 = \tfrac{225+49+30}{225}\cdot AF^2\]
Thus $AF^2 = \frac{900}{19}$. The answer is $\boxed{919}$.","{""bucket"": ""very_hard""}",needs_review,False,,"{""answer_only_scorable"": true, ""benchmark_core"": true, ""counts_toward_headline_score"": true, ""counts_toward_official_topic_score"": true, ""scoring_metric"": ""binary_accuracy"", ""time_limit_minutes"": 30, ""topic_scoring_group"": ""geometry_spatial"", ""track"": ""answer_only_difficulty_selected_core""}"
puzzle-1bcc5f941207690b2776,AIME_II 2004 #12,2004,geometry_spatial,,spatial_visualization | euclidean_geometry,numeric_answer,"Let $ABCD$ be an isosceles trapezoid, whose dimensions are $AB = 6, BC=5=DA,$and $CD=4.$ Draw circles of radius 3 centered at $A$ and $B,$ and circles of radius 2 centered at $C$ and $D.$ A circle contained within the trapezoid is tangent to all four of these circles. Its radius is $\frac{-k+m\sqrt{n}}p,$ where $k, m, n,$ and $p$ are positive integers, $n$ is not divisible by the square of any prime, and $k$ and $p$ are relatively prime. Find $k+m+n+p.$",$134$,"Let the radius of the center circle be $r$ and its center be denoted as $O$.
[asy] pointpen = black; pathpen = black+linewidth(0.7); pen d = linewidth(0.7) + linetype(""4 4""); pen f = fontsize(8); real r = (-60 + 48 * 3^.5)/23; pair A=(0,0), B=(6,0), D=(1, 24^.5), C=(5,D.y), O = (3,(r^2 + 6*r)^.5); D(MP(""A"",A)--MP(""B"",B)--MP(""C"",C,N)--MP(""D"",D,N)--cycle); D(CR(A,3));D(CR(B,3));D(CR(C,2));D(CR(D,2));D(CR(O,r)); D(O); D((3,0)--(3,D.y),d); D(A--O--D,d); MP(""3"",(3/2,0),S,f);MP(""2"",(2,D.y),N,f); [/asy] Clearly line $AO$ passes through the point of tangency of circle $A$ and circle $O$. Let $y$ be the height from the base of the trapezoid to $O$. From the Pythagorean Theorem, 
\[3^2 + y^2 = (r + 3)^2 \Longrightarrow y = \sqrt {r^2 + 6r}.\]
We use a similar argument with the line $DO$, and find the height from the top of the trapezoid to $O$, $z$, to be $z = \sqrt {r^2 + 4r}$.
Now $y + z$ is simply the height of the trapezoid. Let $D'$ be the foot of the perpendicular from $D$ to $AB$; then $AD' = 3 - 2 = 1$. By the Pythagorean Theorem, $(AD')^2 + (DD')^2 = (AD)^2 \Longrightarrow DD' = \sqrt{24}$ so we need to solve the equation $\sqrt {r^2 + 4r} + \sqrt {r^2 + 6r} = \sqrt {24}$. We can solve this by moving one radical to the other side, and squaring the equation twice to end with a quadratic equation. 
Solving this, we get $r = \frac { - 60 + 48\sqrt {3}}{23}$, and the answer is $k + m + n + p = 60 + 48 + 3 + 23 = \boxed{134}$.","{""bucket"": ""hard_candidate""}",needs_review,False,,"{""answer_only_scorable"": true, ""benchmark_core"": true, ""counts_toward_headline_score"": true, ""counts_toward_official_topic_score"": true, ""scoring_metric"": ""binary_accuracy"", ""time_limit_minutes"": 30, ""topic_scoring_group"": ""geometry_spatial"", ""track"": ""answer_only_difficulty_selected_core""}"
puzzle-1bdb26c5c2f3ad206478,Puzzle 1bdb26c5c2f3ad206478,2026-01-05,geometry_spatial,algorithms_computation,euclidean_geometry | logical_inference | computational_verification,proof_problem | geometry_problem,"In a non-degenerate Euclidean configuration, perform the following constructions. All intersections and choices are those satisfying the stated incidences; directed angles are taken modulo 180°.
1. Let A and B be distinct points.
2. Point D lies on the circle centered at A through B.
3. Line CA is perpendicular to line AB.
4. Point C lies on the circle centered at A through B.
5. Line EC is perpendicular to line AC.
6. Line EB is perpendicular to line AB.
7. Line DF is tangent at D to the circle centered at A through D.
8. Point F lies on line CE.
9. Point G lies on line BE.
10. Point G lies on line DF.
11. Point H lies on line CE.
12. Point H lies on line BD.
Prove that HE = DG.
Formal statement: `a b = segment a b; d = on_circle d a b; c = on_tline c a a b, on_circle c a b; e = on_tline e c a c, on_tline e b a b; f = lc_tangent f d a, on_line f c e; g = on_line g b e, on_line g d f; h = on_line h c e, on_line h b d ? cong h e d g`",HE = DG,"Machine-verified DDAR proof trace.
Premises used:
Points introduced: A.
Points introduced: B.
Points introduced: D.
[00] AD = AB
Points introduced: C.
[01] AC ⟂ AB
[02] AC = AB
Points introduced: E.
[03] AB ⟂ EB
[04] AC ⟂ EC
Points introduced: F.
[05] DF ⟂ AD
Points introduced: G.
[06] F,G,D are collinear
[07] G,B,E are collinear
Points introduced: H.
[08] C,E,H are collinear
[09] B,D,H are collinear
Proof steps:
001. F,G,D are collinear [06] & DF ⟂ AD [05] --deduction--> FG ⟂ AD [10]
002. B,G,E are collinear [07] & AC ⟂ AB [01] & AB ⟂ EB [03] & AC ⟂ EC [04] --deduction--> GB ⟂ CE [11]
003. FG ⟂ AD [10] & GB ⟂ CE [11] --r08--> ∠FGB = ∠(AD-CE) [12]
004. E,C,H are collinear [08] & F,G,D are collinear [06] & ∠FGB = ∠(AD-CE) [12] & G,B,E are collinear [07] --deduction--> ∠HEB = ∠ADG [13]
005. B,G,E are collinear [07] & F,G,D are collinear [06] & DF ⟂ AD [05] & AC ⟂ AB [01] & AB ⟂ EB [03] --deduction--> ∠GBA = ∠GDA [14]
006. ∠GBA = ∠GDA [14] --r04--> B,G,A,D are concyclic [15]
007. B,G,A,D are concyclic [15] --r03--> ∠BGA = ∠BDA [16]
008. B,D,H are collinear [09] & ∠BGA = ∠BDA [16] & G,B,E are collinear [07] --deduction--> ∠HBE = ∠DAG [17]
009. ∠HEB = ∠ADG [13] & ∠HBE = ∠DAG [17] --Similar triangles--> EB:DA = EH:DG [18]
010. AC ⟂ EC [04] & AC ⟂ AB [01] & AB ⟂ EB [03] --deduction--> ∠ECA = ∠ABE [19]
011. AB ⟂ EB [03] & AC ⟂ AB [01] --deduction--> ∠EAC = ∠AEB [20]
012. ∠ECA = ∠ABE [19] & ∠EAC = ∠AEB [20] --Similar triangles--> EC = AB [21]
013. AC = AB [02] & EC = AB [21] --deduction--> CE = CA [22]
014. AC = AB [02] --r13--> ∠CBA = ∠ACB [23]
015. ∠CBA = ∠ACB [23] & AC ⟂ EC [04] & AC ⟂ AB [01] --deduction--> ∠BCE = ∠ACB [24]
016. CE = CA [22] & ∠BCE = ∠ACB [24] --SAS--> BE = BA [25]
017. EB:DA = EH:DG [18] & BE = BA [25] & AD = AB [00] --deduction--> EH = DG
Verified conclusion: HE = DG.","{""bucket"": ""hard_candidate""}",machine_verified,False,,"{""answer_only_scorable"": false, ""answer_type"": ""proof_certificate"", ""benchmark_core"": false, ""canonical_reference_field"": ""explanation"", ""counts_toward_headline_score"": false, ""counts_toward_official_topic_score"": false, ""formal_verification_applies_to"": ""formal_statement"", ""reference_proof_type"": ""machine_verified_ddar_trace"", ""scoring_metric"": ""proof_certificate_validity"", ""scoring_requires_proof"": true, ""submission_requirement"": ""A complete proof certificate establishing the stated theorem; repeating answer_only receives no credit."", ""time_limit_minutes"": 60, ""topic_scoring_group"": ""geometry_spatial"", ""track"": ""proof_certificate""}"
puzzle-1c609e6b98690721ae06,AIME_I 2008 #10,2008,geometry_spatial,,spatial_visualization | euclidean_geometry,numeric_answer,"Let $ABCD$ be an isosceles trapezoid with $\overline{AD}||\overline{BC}$ whose angle at the longer base $\overline{AD}$ is $\dfrac{\pi}{3}$. The diagonals have length $10\sqrt {21}$, and point $E$ is at distances $10\sqrt {7}$ and $30\sqrt {7}$ from vertices $A$ and $D$, respectively. Let $F$ be the foot of the altitude from $C$ to $\overline{AD}$. The distance $EF$ can be expressed in the form $m\sqrt {n}$, where $m$ and $n$ are positive integers and $n$ is not divisible by the square of any prime. Find $m + n$.",$32$,"[asy] size(300); defaultpen(1); pair A=(0,0), D=(4,0), B= A+2 expi(1/3*pi), C= D+2expi(2/3*pi), E=(-4/3,0), F=(3,0); draw(F--C--B--A); draw(E--A--D--C); draw(A--C,dashed); draw(circle(A,abs(C-A)),dotted); label(""\(A\)"",A,S); label(""\(B\)"",B,NW); label(""\(C\)"",C,NE); label(""\(D\)"",D,SE); label(""\(E\)"",E,N); label(""\(F\)"",F,S); clip(currentpicture,(-1.5,-1)--(5,-1)--(5,3)--(-1.5,3)--cycle); [/asy]
<b>Key observation.</b> $AD = 20\sqrt{7}$.
<b>Proof 1.</b> By the triangle inequality, we can immediately see that $AD \geq 20\sqrt{7}$. However, notice that $10\sqrt{21} = 20\sqrt{7}\cdot\sin\frac{\pi}{3}$, so by the law of sines, when $AD = 20\sqrt{7}$, $\angle ACD$ is right and the circle centered at $A$ with radius $10\sqrt{21}$, which we will call $\omega$, is tangent to $\overline{CD}$. Thus, if $AD$ were increased, $\overline{CD}$ would have to be moved even farther outwards from $A$ to maintain the angle of $\frac{\pi}{3}$ and $\omega$ could not touch it, a contradiction.
<b>Proof 2.</b> Again, use the triangle inequality to obtain $AD \geq 20\sqrt{7}$. Let $x = AD$ and $y = CD$. By the law of cosines on $\triangle ADC$, $2100 = x^2+y^2-xy \iff y^2-xy+(x^2-2100) = 0$. Viewing this as a quadratic in $y$, the discriminant $\Delta$ must satisfy $\Delta = x^2-4(x^2-2100) = 8400-3x^2 \geq 0 \iff x \leq 20\sqrt{7}$. Combining these two inequalities yields the desired conclusion.
This observation tells us that $E$, $A$, and $D$ are collinear, in that order.
Then, $\triangle ADC$ and $\triangle ACF$ are $30-60-90$ triangles. Hence $AF = 15\sqrt {7}$, and
$EF = EA + AF = 10\sqrt {7} + 15\sqrt {7} = 25\sqrt {7}$.
Finally, the answer is $25+7=\boxed{32}$.","{""bucket"": ""hard_candidate""}",needs_review,False,,"{""answer_only_scorable"": true, ""benchmark_core"": true, ""counts_toward_headline_score"": true, ""counts_toward_official_topic_score"": true, ""scoring_metric"": ""binary_accuracy"", ""time_limit_minutes"": 30, ""topic_scoring_group"": ""geometry_spatial"", ""track"": ""answer_only_difficulty_selected_core""}"
puzzle-1db7c8d5dd80784678d3,AIME_II 2005 #12,2005,geometry_spatial,,spatial_visualization | euclidean_geometry,numeric_answer,"Square $ABCD$ has center $O,\ AB=900,\ E$ and $F$ are on $AB$ with $AE<BF$ and $E$ between $A$ and $F, m\angle EOF =45^\circ,$ and $EF=400.$ Given that $BF=p+q\sqrt{r},$ where $p,q,$ and $r$ are positive integers and $r$ is not divisible by the square of any prime, find $p+q+r.$",$307$,"[asy] size(200); defaultpen(linewidth(0.7)+fontsize(10)); pair A=(0,9), B=(9,9), C=(9,0), D=(0,0), E=(2.5-0.5*sqrt(7),9), F=(6.5-0.5*sqrt(7),9), G=(4.5,9), O=(4.5,4.5); draw(A--B--C--D--A);draw(E--O--F);draw(G--O); dot(A^^B^^C^^D^^E^^F^^G^^O); label(""\(A\)"",A,(-1,1));label(""\(B\)"",B,(1,1));label(""\(C\)"",C,(1,-1));label(""\(D\)"",D,(-1,-1)); label(""\(E\)"",E,(0,1));label(""\(F\)"",F,(1,1));label(""\(G\)"",G,(-1,1));label(""\(O\)"",O,(1,-1)); label(""\(x\)"",E/2+G/2,(0,1));label(""\(y\)"",G/2+F/2,(0,1)); label(""\(450\)"",(O+G)/2,(-1,1)); [/asy] Let $G$ be the foot of the perpendicular from $O$ to $AB$. Denote $x = EG$ and $y = FG$, and $x > y$ (since $AE < BF$ and $AG = BG$). Then $\tan \angle EOG = \frac{x}{450}$, and $\tan \angle FOG = \frac{y}{450}$.
By the tangent addition rule $\left( \tan (a + b) = \frac{\tan a + \tan b}{1 - \tan a \tan b} \right)$, we see that \[\tan 45 = \tan (EOG + FOG) = \frac{\frac{x}{450} + \frac{y}{450}}{1 - \frac{x}{450} \cdot \frac{y}{450}}.\] Since $\tan 45 = 1$, this simplifies to $1 - \frac{xy}{450^2} = \frac{x + y}{450}$. We know that $x + y = 400$, so we can substitute this to find that $1 - \frac{xy}{450^2} = \frac 89 \Longrightarrow xy = 150^2$.
Substituting $x = 400 - y$ again, we know have $xy = (400 - y)y = 150^2$. This is a quadratic with roots $200 \pm 50\sqrt{7}$. Since $y < x$, use the smaller root, $200 - 50\sqrt{7}$.
Now, $BF = BG - FG = 450 - (200 - 50\sqrt{7}) = 250 + 50\sqrt{7}$. The answer is $250 + 50 + 7 = \boxed{307}$.","{""bucket"": ""hard_candidate""}",needs_review,False,,"{""answer_only_scorable"": true, ""benchmark_core"": true, ""counts_toward_headline_score"": true, ""counts_toward_official_topic_score"": true, ""scoring_metric"": ""binary_accuracy"", ""time_limit_minutes"": 30, ""topic_scoring_group"": ""geometry_spatial"", ""track"": ""answer_only_difficulty_selected_core""}"
puzzle-1e5d7f10a5efe9f4b511,Arc-edge Acreage,2023-04,geometry_spatial,optimization | grid_deduction,area_dissection | combinatorial_geometry | constructive_search | symmetry_reduction | exact_arithmetic,geometry_problem | grid_fill | optimization_challenge | numeric_answer,"In the 7-by-7 grid above, one can draw a simple
1
closed curve using
nothing but quarter-circle segments. Two examples are shown above: one
enclosing a region of 4-π (in blue), and one enclosing a region of
area 6 (in red).
It can be shown that there are 36 ways to enclose a region of area
exactly 4-π. How many ways can one draw a curve enclosing a region of
area exactly
32
?
Note that a simple curve is not allowed to self-intersect.
↩

[Question assets]
- assets/ac9a99dcd83c27d2c627d5d9bc43d3033a709830051f012ee2441b9241924aee.png","89,519,144","Suppose we were to ignore, at least for now, the curviness of the
segments and imagine them as straight diagonals across a unit
square. Then the largest region we could contain would have area 36
(top), comprising 18 squares of area 2.
To draw a “curvy” grid containing the same area, we would simply need
to replace the 22 perimeter segments of such a grid with 11
“outward”-bulging quarter circles segments and 11 “inward”-bulging
segments.
In a similar vein, in order to get an area of 32 we need to base our
curve off a region comprising 16 of the 18 squares. Depending on the
choice of squares to omit, the perimeter of the remaining region is
either 18, 20, 22, or 24. (The example above shows one way to attain a
24-segment perimeter.)
Counting all the cases for removing 2 boxes, and also accounting for
mirror symmetry, the total number of grids of area 32 is
2*Binomial[18,9] + 36*Binomial[20,10] + 56*Binomial[22,11] +
16*Binomial[24,12] =
89,519,144
.
Congrats to the solvers that successfully computed the number of
arrangements!

[Explanation assets]
- assets/95e79ba73a78af5e491ee452008adb31b5e439cee66b7e653e6a2ba4a17857fa.png","{""bucket"": ""collection_override_hard_candidate""}",machine_checked,True,"[{""bytes"": 18757, ""content_type"": ""image/png"", ""path"": ""assets/ac9a99dcd83c27d2c627d5d9bc43d3033a709830051f012ee2441b9241924aee.png"", ""role"": ""question"", ""sha256"": ""ac9a99dcd83c27d2c627d5d9bc43d3033a709830051f012ee2441b9241924aee""}, {""bytes"": 67398, ""content_type"": ""image/png"", ""path"": ""assets/95e79ba73a78af5e491ee452008adb31b5e439cee66b7e653e6a2ba4a17857fa.png"", ""role"": ""explanation"", ""sha256"": ""95e79ba73a78af5e491ee452008adb31b5e439cee66b7e653e6a2ba4a17857fa""}]","{""answer_only_scorable"": true, ""benchmark_core"": true, ""counts_toward_headline_score"": true, ""counts_toward_official_topic_score"": true, ""scoring_metric"": ""binary_accuracy"", ""time_limit_minutes"": 30, ""topic_scoring_group"": ""geometry_spatial"", ""track"": ""answer_only_collection_core""}"
puzzle-20f90fe262afba5d617a,AIME_II 2021 #10,2021,geometry_spatial,,spatial_visualization | euclidean_geometry,numeric_answer,"Two spheres with radii $36$ and one sphere with radius $13$ are each externally tangent to the other two spheres and to two different planes $\mathcal{P}$ and $\mathcal{Q}$. The intersection of planes $\mathcal{P}$ and $\mathcal{Q}$ is the line $\ell$. The distance from line $\ell$ to the point where the sphere with radius $13$ is tangent to plane $\mathcal{P}$ is $\tfrac{m}{n}$, where $m$ and $n$ are relatively prime positive integers. Find $m + n$.",$335$,"This solution refers to the <b>Diagram</b> section.
As shown below, let $O_1,O_2,O_3$ be the centers of the spheres (where sphere $O_3$ has radius $13$) and $T_1,T_2,T_3$ be their respective points of tangency to plane $\mathcal{P}.$ Let $\mathcal{R}$ be the plane that is determined by $O_1,O_2,$ and $O_3.$ Suppose $A$ is the foot of the perpendicular from $O_3$ to line $\ell,$ so $\overleftrightarrow{O_3A}$ is the perpendicular bisector of $\overline{O_1O_2}.$ We wish to find $T_3A.$
[asy] size(300); import graph3; import solids; currentprojection=orthographic((1,1/2,0)); triple O1, O2, O3, T1, T2, T3, A, L1, L2; O1 = (0,-36,0); O2 = (0,36,0); O3 = (0,0,-sqrt(1105)); T1 = (864*sqrt(1105)/1105,-36,-828*sqrt(1105)/1105); T2 = (864*sqrt(1105)/1105,36,-828*sqrt(1105)/1105); T3 = (24*sqrt(1105)/85,0,-108*sqrt(1105)/85); A = (0,0,-36*sqrt(1105)/23); L1 = shift(0,-80,0)*A; L2 = shift(0,80,0)*A; draw(surface(L1--L2--(-T2.x,L2.y,T2.z)--(-T1.x,L1.y,T1.z)--cycle),pink); draw(surface(L1--L2--(L2.x,L2.y,40)--(L1.x,L1.y,40)--cycle),gray); draw(shift(O1)*rotate(90,O1,O2)*scale3(36)*unithemisphere,yellow,light=White); draw(shift(O2)*rotate(90,O1,O2)*scale3(36)*unithemisphere,yellow,light=White); draw(shift(O3)*rotate(90,O1,O2)*scale3(13)*unithemisphere,red,light=White); draw(surface(L1--L2--(T2.x,L2.y,T2.z)--(T1.x,L1.y,T1.z)--cycle),palegreen); draw(surface(L1--L2--(-T2.x,L2.y,L2.z-abs(T2.z))--(-T1.x,L1.y,L2.z-abs(T1.z))--cycle),palegreen); draw(surface(L1--L2--(L2.x,L2.y,L2.z-abs(T1.z))--(L1.x,L1.y,L1.z-abs(T2.z))--cycle),gray); draw(surface(L1--L2--(T2.x,L2.y,L2.z-abs(T1.z))--(T1.x,L1.y,L1.z-abs(T2.z))--cycle),pink); draw(O1--O2--O3--cycle^^O3--A,dashed); draw(T1--T2--T3--cycle^^T3--A,heavygreen); draw(O1--T1^^O2--T2^^O3--T3,mediumblue+dashed); draw(L1--L2,L=Label(""$\ell$"",position=EndPoint,align=3*E),red); label(""$\mathcal{P}$"",midpoint(L1--(T1.x,L1.y,T1.z)),(0,-3,0),heavygreen); label(""$\mathcal{Q}$"",midpoint(L1--(T1.x,L1.y,L1.z-abs(T2.z))),(0,-3,0),heavymagenta); label(""$\mathcal{R}$"",O1,(0,-24,0)); dot(""$O_1$"",O1,(0,-1,1),linewidth(4.5)); dot(""$O_2$"",O2,(0,1,1),linewidth(4.5)); dot(""$O_3$"",O3,(0,-1.5,0),linewidth(4.5)); dot(""$T_1$"",T1,(0,-1,-1),heavygreen+linewidth(4.5)); dot(""$T_2$"",T2,(0,1,-1),heavygreen+linewidth(4.5)); dot(""$T_3$"",T3,(0,-1,-1),heavygreen+linewidth(4.5)); dot(""$A$"",A,(0,0,-2),red+linewidth(4.5)); [/asy]
Note that:
1. In $\triangle O_1O_2O_3,$ we get $O_1O_2=72$ and $O_1O_3=O_2O_3=49.$
2. Both $\triangle O_1O_2O_3$ and $\overline{O_3A}$ lie in plane $\mathcal{R}.$ Both $\triangle T_1T_2T_3$ and $\overline{T_3A}$ lie in plane $\mathcal{P}.$
3. By symmetry, since planes $\mathcal{P}$ and $\mathcal{Q}$ are reflections of each other about plane $\mathcal{R},$ the three planes are concurrent to line $\ell.$
4. Since $\overline{O_1T_1}\perp\mathcal{P}$ and $\overline{O_3T_3}\perp\mathcal{P},$ it follows that $\overline{O_1T_1}\parallel\overline{O_3T_3},$ from which $O_1,O_3,T_1,$ and $T_3$ are coplanar.
Now, we focus on cross-sections $O_1O_3T_3T_1$ and $\mathcal{R}:$
1. <i><b>In the three-dimensional space, the intersection of a line and a plane must be exactly one of the empty set, a point, or a line.</b></i>
Clearly, cross-section $O_1O_3T_3T_1$ intersects line $\ell$ at exactly one point. Furthermore, as the intersection of planes $\mathcal{R}$ and $\mathcal{P}$ is line $\ell,$ we conclude that $\overrightarrow{O_1O_3}$ and $\overrightarrow{T_1T_3}$ must intersect line $\ell$ at the same point. Let $B$ be the point of concurrency of $\overrightarrow{O_1O_3},\overrightarrow{T_1T_3},$ and line $\ell.$
2. In cross-section $\mathcal{R},$ let $C$ be the foot of the perpendicular from $O_1$ to line $\ell,$ and $D$ be the foot of the perpendicular from $O_3$ to $\overline{O_1C}.$
We have the following diagram:
[asy] size(300); import graph3; import solids; currentprojection=orthographic((1,1/2,0)); triple O1, O3, T1, T3, A, B, C, D; O1 = (0,-36,0); O3 = (0,0,-sqrt(1105)); T1 = (864*sqrt(1105)/1105,-36,-828*sqrt(1105)/1105); T3 = (24*sqrt(1105)/85,0,-108*sqrt(1105)/85); A = (0,0,-36*sqrt(1105)/23); B = intersectionpoint(O1--O1+100*(O3-O1),T1--T1+100*(T3-T1)); C = (0,-36,-36*sqrt(1105)/23); D = (0,-36,-sqrt(1105)); draw(C--O1--O3--A^^D--O3--B,dashed); draw(T1--T3--A^^T3--B,heavygreen); draw(O1--T1^^O3--T3,mediumblue+dashed); draw(shift(0,-80,0)*A--shift(0,80,0)*A,L=Label(""$\ell$"",position=EndPoint,align=3*E),red); dot(""$O_1$"",O1,(0,-1,1),linewidth(4.5)); dot(""$O_3$"",O3,(0,1,1),linewidth(4.5)); dot(""$T_1$"",T1,(0,-1,-1),heavygreen+linewidth(4.5)); dot(""$T_3$"",T3,(0,-1,-1),heavygreen+linewidth(4.5)); dot(""$A$"",A,(0,0,-2),red+linewidth(4.5)); dot(""$B$"",B,(0,0,-2),red+linewidth(4.5)); dot(""$C$"",C,(0,0,-2),red+linewidth(4.5)); dot(""$D$"",D,(0,-2,0),linewidth(4.5)); [/asy]
In cross-section $O_1O_3T_3T_1,$ since $\overline{O_1T_1}\parallel\overline{O_3T_3}$ as discussed, we obtain $\triangle O_1T_1B\sim\triangle O_3T_3B$ by AA, with the ratio of similitude $\frac{O_1T_1}{O_3T_3}=\frac{36}{13}.$ Therefore, we get $\frac{O_1B}{O_3B}=\frac{49+O_3B}{O_3B}=\frac{36}{13},$ or $O_3B=\frac{637}{23}.$
In cross-section $\mathcal{R},$ note that $O_1O_3=49$ and $DO_3=\frac{O_1O_2}{2}=36.$ Applying the Pythagorean Theorem to right $\triangle O_1DO_3,$ we have $O_1D=\sqrt{1105}.$ Moreover, since $\ell\perp\overline{O_1C}$ and $\overline{DO_3}\perp\overline{O_1C},$ we obtain $\ell\parallel\overline{DO_3}$ so that $\triangle O_1CB\sim\triangle O_1DO_3$ by AA, with the ratio of similitude $\frac{O_1B}{O_1O_3}=\frac{49+\frac{637}{23}}{49}.$ Therefore, we get $\frac{O_1C}{O_1D}=\frac{\sqrt{1105}+DC}{\sqrt{1105}}=\frac{49+\frac{637}{23}}{49},$ or $DC=\frac{13\sqrt{1105}}{23}.$
Finally, note that $\overline{O_3T_3}\perp\overline{T_3A}$ and $O_3T_3=13.$ Since quadrilateral $DCAO_3$ is a rectangle, we have $O_3A=DC=\frac{13\sqrt{1105}}{23}.$ Applying the Pythagorean Theorem to right $\triangle O_3T_3A$ gives $T_3A=\frac{312}{23},$ from which the answer is $312+23=\boxed{335}.$","{""bucket"": ""hard_candidate""}",needs_review,False,,"{""answer_only_scorable"": true, ""benchmark_core"": true, ""counts_toward_headline_score"": true, ""counts_toward_official_topic_score"": true, ""scoring_metric"": ""binary_accuracy"", ""time_limit_minutes"": 30, ""topic_scoring_group"": ""geometry_spatial"", ""track"": ""answer_only_difficulty_selected_core""}"
puzzle-23a7f602011f2a5cb6c2,Puzzle 23a7f602011f2a5cb6c2,2026-01-05,geometry_spatial,algorithms_computation,euclidean_geometry | logical_inference | computational_verification | coordinate_geometry,proof_problem | geometry_problem,"In a non-degenerate Euclidean configuration, perform the following constructions. All intersections and choices are those satisfying the stated incidences; directed angles are taken modulo 180°.
1. Let A, B, C be the vertices of a non-degenerate triangle.
2. Let D be the midpoint of segment BC.
3. Let E be the midpoint of segment CA.
4. Let F be the midpoint of segment BA.
5. Let DAEG be a parallelogram in the stated vertex order.
Prove that CF = GB.
Formal statement: `a b c = triangle a b c; d = midpoint d b c; e = midpoint e c a; f = midpoint f b a; g = parallelogram d a e g ? cong c f g b`",CF = GB,"Machine-verified DDAR proof trace.
Premises used:
Points introduced: A.
Points introduced: B.
Points introduced: C.
Points introduced: D.
[00] B,C,D are collinear
[01] DB = DC
Points introduced: E.
[02] C,E,A are collinear
[03] EC = EA
Points introduced: F.
[04] B,A,F are collinear
[05] FB = FA
Points introduced: G.
[06] DA ∥ EG
[07] DG ∥ AE
Proof steps:
001. E,C,A are collinear [02] & AD ∥ EG [06] & DG ∥ AE [07] --deduction--> ∠DAE = ∠EGD [08]
002. E,C,A are collinear [02] & DG ∥ AE [07] --deduction--> ∠DEA = ∠EDG [09]
003. ∠DAE = ∠EGD [08] & ∠DEA = ∠EDG [09] --Similar triangles--> EA = DG [10]
004. EA = DG [10] & EC = EA [03] --deduction--> CE = DG [11]
005. B,C,D are collinear [00] & DB = DC [01] --deduction--> D is midpoint of BC [12]
006. C,E,A are collinear [02] & EC = EA [03] --deduction--> E is midpoint of CA [13]
007. D is midpoint of BC [12] & E is midpoint of CA [13] --r06--> DE ∥ BA [14]
008. F,B,A are collinear [04] & DE ∥ AB [14] --deduction--> ∠FDE = ∠DFB [15]
009. B,A,F are collinear [04] & FB = FA [05] --deduction--> F is midpoint of BA [16]
010. E is midpoint of CA [13] & F is midpoint of BA [16] --r06--> EF ∥ CB [17]
011. B,C,D are collinear [00] & B,A,F are collinear [04] & EF ∥ BC [17] & DE ∥ AB [14] --deduction--> ∠FED = ∠DBF [18]
012. ∠FDE = ∠DFB [15] & ∠FED = ∠DBF [18] --Similar triangles--> FE = DB [19]
013. D is midpoint of BC [12] & F is midpoint of BA [16] --r06--> DF ∥ CA [20]
014. DG ∥ AE [07] & C,E,A are collinear [02] & DF ∥ AC [20] --deduction--> DF ∥ DG [21]
015. DF ∥ DG [21] --r28--> F,G,D are collinear [22]
016. E,C,A are collinear [02] & F,G,D are collinear [22] & B,C,D are collinear [00] & AC ∥ DF [20] & EF ∥ BC [17] --deduction--> ∠CEF = ∠GDB [23]
017. CE = DG [11] & FE = DB [19] & ∠CEF = ∠GDB [23] --SAS--> FC = BG
Verified conclusion: CF = GB.","{""bucket"": ""hard_candidate""}",machine_verified,False,,"{""answer_only_scorable"": false, ""answer_type"": ""proof_certificate"", ""benchmark_core"": false, ""canonical_reference_field"": ""explanation"", ""counts_toward_headline_score"": false, ""counts_toward_official_topic_score"": false, ""formal_verification_applies_to"": ""formal_statement"", ""reference_proof_type"": ""machine_verified_ddar_trace"", ""scoring_metric"": ""proof_certificate_validity"", ""scoring_requires_proof"": true, ""submission_requirement"": ""A complete proof certificate establishing the stated theorem; repeating answer_only receives no credit."", ""time_limit_minutes"": 60, ""topic_scoring_group"": ""geometry_spatial"", ""track"": ""proof_certificate""}"
puzzle-2551b5d9fb4605b38059,AIME_II 2021 #14,2021,geometry_spatial,,spatial_visualization | euclidean_geometry,numeric_answer,"Let $\Delta ABC$ be an acute triangle with circumcenter $O$ and centroid $G$. Let $X$ be the intersection of the line tangent to the circumcircle of $\Delta ABC$ at $A$ and the line perpendicular to $GO$ at $G$. Let $Y$ be the intersection of lines $XG$ and $BC$. Given that the measures of $\angle ABC, \angle BCA,$ and $\angle XOY$ are in the ratio $13 : 2 : 17,$ the degree measure of $\angle BAC$ can be written as $\frac{m}{n},$ where $m$ and $n$ are relatively prime positive integers. Find $m+n$.",$592$,"In this solution, all angle measures are in degrees.
Let $M$ be the midpoint of $\overline{BC}$ so that $\overline{OM}\perp\overline{BC}$ and $A,G,M$ are collinear. Let $\angle ABC=13k,\angle BCA=2k$ and $\angle XOY=17k.$ 
Note that:
1. Since $\angle OGX = \angle OAX = 90,$ quadrilateral $OGAX$ is cyclic by the Converse of the Inscribed Angle Theorem.It follows that $\angle OAG = \angle OXG,$ as they share the same intercepted arc $\widehat{OG}.$
2. Since $\angle OGY = \angle OMY = 90,$ quadrilateral $OGYM$ is cyclic by the supplementary opposite angles.It follows that $\angle OMG = \angle OYG,$ as they share the same intercepted arc $\widehat{OG}.$
Together, we conclude that $\triangle OAM \sim \triangle OXY$ by AA, so $\angle AOM = \angle XOY = 17k.$
Next, we express $\angle BAC$ in terms of $k.$ By angle addition, we have
\begin{align*} \angle AOM &= \angle AOB + \angle BOM \\ &= 2\angle BCA + \frac12\angle BOC \hspace{10mm} &&\text{by Inscribed Angle Theorem and Perpendicular Bisector Property} \\ &= 2\angle BCA + \angle BAC. &&\text{by Inscribed Angle Theorem} \end{align*}
Substituting back gives $17k=2(2k)+\angle BAC,$ from which $\angle BAC=13k.$
For the sum of the interior angles of $\triangle ABC,$ we get
\begin{align*} \angle ABC + \angle BCA + \angle BAC &= 180 \\ 13k+2k+13k&=180 \\ 28k&=180 \\ k&=\frac{45}{7}. \end{align*}
Finally, we obtain $\angle BAC=13k=\frac{585}{7},$ from which the answer is $585+7=\boxed{592}.$","{""bucket"": ""very_hard""}",needs_review,False,,"{""answer_only_scorable"": true, ""benchmark_core"": true, ""counts_toward_headline_score"": true, ""counts_toward_official_topic_score"": true, ""scoring_metric"": ""binary_accuracy"", ""time_limit_minutes"": 30, ""topic_scoring_group"": ""geometry_spatial"", ""track"": ""answer_only_difficulty_selected_core""}"
puzzle-2da73ab7f892d43ab8af,Puzzle 2da73ab7f892d43ab8af,2026-01-05,geometry_spatial,algorithms_computation,euclidean_geometry | logical_inference | computational_verification,proof_problem | geometry_problem,"In a non-degenerate Euclidean configuration, perform the following constructions. All intersections and choices are those satisfying the stated incidences; directed angles are taken modulo 180°.
1. Let A and B be distinct points.
2. Choose C so that the directed angle from ray AB to ray AC is 60°.
3. Let D be the foot of the perpendicular from A to line BC.
4. Let E be the foot of the perpendicular from B to line AC.
5. Let G be the circumcenter of triangle BCA.
6. Point F lies on line AD.
7. Point F lies on line BE.
Prove that AF = AG.
Formal statement: `a b = segment a b; c = s_angle b a c 60; d = foot d a b c; e = foot e b a c; g = circumcenter g b c a; f = on_line f a d, on_line f b e ? cong a f a g`",AF = AG,"Machine-verified DDAR proof trace.
Premises used:
Points introduced: A.
Points introduced: B.
Points introduced: C.
[00] ∠CAB = 1_PI/3
[01] ∠BAC = 2_PI/3
Points introduced: D.
[02] B,C,D are collinear
[03] AD ⟂ BC
Points introduced: E.
[04] BE ⟂ AC
[05] C,E,A are collinear
Points introduced: G.
[06] GB = GC
[07] GC = GA
Points introduced: F.
[08] F,A,D are collinear
[09] B,E,F are collinear
Proof steps:
001. GB = GC [06] & GC = GA [07] --deduction--> GA = GB [10]
002. GA = GB [10] --r13--> ∠GAB = ∠ABG [11]
003. GC = GA [07] --r13--> ∠GAC = ∠ACG [12]
004. GB = GC [06] --r13--> ∠GBC = ∠BCG [13]
005. ∠CAB = 1_PI/3 [00] & ∠GAB = ∠ABG [11] & ∠GAC = ∠ACG [12] & ∠GBC = ∠BCG [13] --Angle chase--> ∠CBG = 5_PI/6 [14]
006. ∠CAB = 1_PI/3 [00] & BE ⟂ AC [04] --Angle chase--> ∠EBA = 5_PI/6 [15]
007. ∠CBG = 5_PI/6 [14] & ∠EBA = 5_PI/6 [15] --deduction--> ∠EBA = ∠CBG [16]
008. ∠GAB = ∠ABG [11] & ∠EBA = ∠CBG [16] --r09--> ∠ABC = ∠(AG-BE) [17]
009. ∠CAB = 1_PI/3 [00] & ∠GAB = ∠ABG [11] & ∠GAC = ∠ACG [12] --Angle chase--> ∠BGC = 1_PI/3 [18]
010. E,C,A are collinear [05] & B,C,D are collinear [02] & AD ⟂ BC [03] & BE ⟂ AC [04] --deduction--> ∠BEA = ∠BDA [19]
011. ∠BEA = ∠BDA [19] --r04--> B,E,A,D are concyclic [20]
012. B,E,A,D are concyclic [20] --r03--> ∠BAE = ∠BDE [21]
013. B,E,A,D are concyclic [20] --r03--> ∠DEB = ∠DAB [22]
014. B,E,A,D are concyclic [20] --r03--> ∠EBA = ∠EDA [23]
015. C,E,A are collinear [05] & ∠BAE = ∠BDE [21] & B,C,D are collinear [02] --deduction--> ∠CED = ∠ABC [24]
016. E,B,F are collinear [09] & E,C,A are collinear [05] & F,A,D are collinear [08] & C,B,D are collinear [02] & AD ⟂ BC [03] & BE ⟂ AC [04] --deduction--> ∠FEC = ∠FDC [25]
017. ∠FEC = ∠FDC [25] --r04--> F,C,E,D are concyclic [26]
018. F,C,E,D are concyclic [26] --r03--> ∠FCD = ∠FED [27]
019. ∠FCD = ∠FED [27] & B,C,D are collinear [02] & B,E,F are collinear [09] --deduction--> ∠FCB = ∠BED [28]
020. ∠CED = ∠ABC [24] & ∠FCB = ∠BED [28] --r09--> ∠CEB = ∠(BA-CF) [29]
021. F,E,B are collinear [09] & ∠BGC = 1_PI/3 [18] & ∠CAB = 1_PI/3 [00] & ∠CEB = ∠(BA-CF) [29] & C,E,A are collinear [05] --deduction--> ∠BFC = ∠BGC [30]
022. ∠BFC = ∠BGC [30] --r04--> B,C,G,F are concyclic [31]
023. B,C,G,F are concyclic [31] --r03--> ∠BCG = ∠BFG [32]
024. B,C,G,F are concyclic [31] --r03--> ∠CBG = ∠CFG [33]
025. ∠BCG = ∠BFG [32] & B,E,F are collinear [09] --deduction--> ∠BCG = ∠(BE-FG) [34]
026. ∠ABC = ∠(AG-BE) [17] & ∠BCG = ∠(BE-FG) [34] --r09--> ∠(CG-AB) = ∠FGA [35]
027. ∠CAB = 1_PI/3 [00] & AD ⟂ BC [03] & ∠GAB = ∠ABG [11] & ∠GAC = ∠ACG [12] & ∠GBC = ∠BCG [13] --Angle chase--> ∠(AD-CG) = 2_PI/3 [36]
028. F,A,D are collinear [08] & ∠BAE = ∠BDE [21] & C,E,A are collinear [05] & B,C,D are collinear [02] & ∠BAC = 2_PI/3 [01] & ∠(AD-CG) = 2_PI/3 [36] --deduction--> ∠(FA-CG) = ∠(BC-ED) [37]
029. F,A,D are collinear [08] & ∠BCF = ∠DEB [28] & ∠DEB = ∠DAB [22] --deduction--> ∠FAB = ∠BCF [38]
030. ∠(FA-CG) = ∠(BC-ED) [37] & ∠FAB = ∠BCF [38] --r09--> ∠(CG-DE) = ∠(AB-CF) [39]
031. F,A,D are collinear [08] & ∠CBG = ∠CFG [33] & ∠CBG = ∠EBA [16] & ∠EBA = ∠EDA [23] --deduction--> ∠(ED-FA) = ∠CFG [40]
032. ∠(CG-DE) = ∠(AB-CF) [39] & ∠(ED-FA) = ∠CFG [40] --r09--> ∠(CG-FA) = ∠(BA-FG) [41]
033. F,A,D are collinear [08] & ∠(CG-AB) = ∠FGA [35] & ∠(CG-FA) = ∠(BA-FG) [41] --deduction--> ∠AFG = ∠FGA [42]
034. ∠AFG = ∠FGA [42] --r14--> AG = AF
Verified conclusion: AF = AG.","{""bucket"": ""hard_candidate""}",machine_verified,False,,"{""answer_only_scorable"": false, ""answer_type"": ""proof_certificate"", ""benchmark_core"": false, ""canonical_reference_field"": ""explanation"", ""counts_toward_headline_score"": false, ""counts_toward_official_topic_score"": false, ""formal_verification_applies_to"": ""formal_statement"", ""reference_proof_type"": ""machine_verified_ddar_trace"", ""scoring_metric"": ""proof_certificate_validity"", ""scoring_requires_proof"": true, ""submission_requirement"": ""A complete proof certificate establishing the stated theorem; repeating answer_only receives no credit."", ""time_limit_minutes"": 60, ""topic_scoring_group"": ""geometry_spatial"", ""track"": ""proof_certificate""}"
puzzle-2de6819d66bc3cb50624,AIME_II 2012 #13,2012,geometry_spatial,,spatial_visualization | euclidean_geometry,numeric_answer,"Equilateral $\triangle ABC$ has side length $\sqrt{111}$. There are four distinct triangles $AD_1E_1$, $AD_1E_2$, $AD_2E_3$, and $AD_2E_4$, each congruent to $\triangle ABC$, with $BD_1 = BD_2 = \sqrt{11}$. Find $\sum_{k=1}^4(CE_k)^2$.",$677$,"Note that there are only two possible locations for points $D_1$ and $D_2$, as they are both $\sqrt{111}$ from point $A$ and $\sqrt{11}$ from point $B$, so they are the two points where a circle centered at $A$ with radius $\sqrt{111}$ and a circle centered at $B$ with radius $\sqrt{11}$ intersect. Let $D_1$ be the point on the opposite side of $\overline{AB}$ from $C$, and $D_2$ the point on the same side of $\overline{AB}$ as $C$.
Let $\theta$ be the measure of angle $BAD_1$ (also the measure of angle $BAD_2$); by the Law of Cosines,
\begin{align*}\sqrt{11}^2 &= \sqrt{111}^2 + \sqrt{111}^2 - 2 \cdot \sqrt{111} \cdot \sqrt{111} \cdot \cos\theta\\ 11 &= 222(1 - \cos\theta)\end{align*}
There are two equilateral triangles with $\overline{AD_1}$ as a side; let $E_1$ be the third vertex that is farthest from $C$, and $E_2$ be the third vertex that is nearest to $C$.
Angle $E_1AC = E_1AD_1 + D_1AB + BAC = 60 + \theta + 60 = 120 + \theta$; by the Law of Cosines,
\begin{align*}(E_1C)^2 &= (E_1A)^2 + (AC)^2 - 2 (E_1A) (AC)\cos(120 + \theta)\\ &= 111 + 111 - 222\cos(120 + \theta)\end{align*}
Angle $E_2AC = \theta$; by the Law of Cosines,
\begin{align*}(E_2C)^2 &= (E_2A)^2 + (AC)^2 - 2 (E_2A) (AC)\cos\theta\\ &= 111 + 111 - 222\,\cos\theta\end{align*}
There are two equilateral triangles with $\overline{AD_2}$ as a side; let $E_3$ be the third vertex that is farthest from $C$, and $E_4$ be the third vertex that is nearest to $C$.
Angle $E_3AC = E_3AB + BAC = (60 - \theta) + 60 = 120 - \theta$; by the Law of Cosines,
\begin{align*}(E_3C)^2 &= (E_3A)^2 + (AC)^2 - 2 (E_3A) (AC)\cos(120 - \theta)\\ &= 111 + 111 - 222\cos(120 - \theta)\end{align*}
Angle $E_4AC = \theta$; by the Law of Cosines,
\begin{align*}(E_4C)^2 &= (E_4A)^2 + (AC)^2 - 2 (E_4A) (AC)\cos\theta \\ &= 111 + 111 - 222\cos\theta\end{align*}
The solution is:
\begin{align*} \sum_{k=1}^4(CE_k)^2 &= (E_1C)^2 + (E_3C)^2 + (E_2C)^2 + (E_4C)^2\\ &= 222(1 - \cos(120 + \theta)) + 222(1 - \cos(120 - \theta)) + 222(1 - \cos\theta) + 222(1 - \cos\theta)\\ &= 222((1 - (\cos120\cos\theta - \sin120\sin\theta)) + (1 - (\cos120\cos\theta + \sin120\sin\theta)) + 2(1 -\cos\theta))\\ &= 222(1 - \cos120\cos\theta + \sin120\sin\theta + 1 - \cos120\cos\theta - \sin120\sin\theta + 2 - 2\cos\theta)\\ &= 222(1 + \frac{1}{2}\cos\theta + 1 + \frac{1}{2}\cos\theta + 2 - 2\cos\theta)\\ &= 222(4 - \cos\theta)\\ &= 666 + 222(1 - \cos\theta) \end{align*}
Substituting $11$ for $222(1 - \cos\theta)$ gives the solution $666 + 11 = \boxed{677}.$","{""bucket"": ""very_hard""}",needs_review,False,,"{""answer_only_scorable"": true, ""benchmark_core"": true, ""counts_toward_headline_score"": true, ""counts_toward_official_topic_score"": true, ""scoring_metric"": ""binary_accuracy"", ""time_limit_minutes"": 30, ""topic_scoring_group"": ""geometry_spatial"", ""track"": ""answer_only_difficulty_selected_core""}"
puzzle-2e5d654dc077fcf72797,AIME_II 2013 #10,2013,geometry_spatial,,spatial_visualization | euclidean_geometry,numeric_answer,"Given a circle of radius $\sqrt{13}$, let $A$ be a point at a distance $4 + \sqrt{13}$ from the center $O$ of the circle. Let $B$ be the point on the circle nearest to point $A$. A line passing through the point $A$ intersects the circle at points $K$ and $L$. The maximum possible area for $\triangle BKL$ can be written in the form $\frac{a - b\sqrt{c}}{d}$, where $a$, $b$, $c$, and $d$ are positive integers, $a$ and $d$ are relatively prime, and $c$ is not divisible by the square of any prime. Find $a+b+c+d$.",$146$,"[asy] import math; import olympiad; import graph; pair A, B, K, L; B = (sqrt(13), 0); A=(4+sqrt(13), 0); dot(B); dot(A); draw(Circle((0,0), sqrt(13))); label(""$O$"", (0,0), S);label(""$B$"", B, SW);label(""$A$"", A, S); dot((0,0)); [/asy]
Now we put the figure in the Cartesian plane, let the center of the circle $O (0,0)$, then $B (\sqrt{13},0)$, and $A(4+\sqrt{13},0)$
The equation for Circle O is $x^2+y^2=13$, and let the slope of the line $AKL$ be $k$, then the equation for line $AKL$ is $y=k(x-4-\sqrt{13})$.
Then we get $(k^2+1)x^2-2k^2(4+\sqrt{13})x+k^2\cdot (4+\sqrt{13})^2-13=0$. According to Vieta's Formulas, we get
$x_1+x_2=\frac{2k^2(4+\sqrt{13})}{k^2+1}$, and $x_1x_2=\frac{(4+\sqrt{13})^2\cdot k^2-13}{k^2+1}$
So, $LK=\sqrt{1+k^2}\cdot \sqrt{(x_1+x_2)^2-4x_1x_2}$
Also, the distance between $B$ and $LK$ is $\frac{k\times \sqrt{13}-(4+\sqrt{13})\cdot k}{\sqrt{1+k^2}}=\frac{-4k}{\sqrt{1+k^2}}$
So the area $S=0.5ah=\frac{-4k\sqrt{(16+8\sqrt{13})k^2-13}}{k^2+1}$
Then the maximum value of $S$ is $\frac{104-26\sqrt{13}}{3}$
So the answer is $104+26+13+3=\boxed{146}$.","{""bucket"": ""hard_candidate""}",needs_review,False,,"{""answer_only_scorable"": true, ""benchmark_core"": true, ""counts_toward_headline_score"": true, ""counts_toward_official_topic_score"": true, ""scoring_metric"": ""binary_accuracy"", ""time_limit_minutes"": 30, ""topic_scoring_group"": ""geometry_spatial"", ""track"": ""answer_only_difficulty_selected_core""}"
puzzle-30500eba7118b2815612,AIME_II 2016 #14,2016,geometry_spatial,,spatial_visualization | euclidean_geometry,numeric_answer,"Equilateral $\triangle ABC$ has side length $600$. Points $P$ and $Q$ lie outside the plane of $\triangle ABC$ and are on opposite sides of the plane. Furthermore, $PA=PB=PC$, and $QA=QB=QC$, and the planes of $\triangle PAB$ and $\triangle QAB$ form a $120^{\circ}$ dihedral angle (the angle between the two planes). There is a point $O$ whose distance from each of $A,B,C,P,$ and $Q$ is $d$. Find $d$.",$450$,"The inradius of $\triangle ABC$ is $100\sqrt 3$ and the circumradius is $200 \sqrt 3$. Now, consider the line perpendicular to plane $ABC$ through the circumcenter of $\triangle ABC$. Note that $P,Q,O$ must lie on that line to be equidistant from each of the triangle's vertices. Also, note that since $P, Q, O$ are collinear, and $OP=OQ$, we must have $O$ is the midpoint of $PQ$. Now, Let $K$ be the circumcenter of $\triangle ABC$, and $L$ be the foot of the altitude from $A$ to $BC$. We must have $\tan(\angle KLP+ \angle QLK)= \tan(120^{\circ})$. Setting $KP=x$ and $KQ=y$, assuming WLOG $x>y$, we must have $\tan(120^{\circ})=-\sqrt{3}=\dfrac{\dfrac{x+y}{100 \sqrt{3}}}{\dfrac{30000-xy}{30000}}$. Therefore, we must have $100(x+y)=xy-30000$. Also, we must have $\left(\dfrac{x+y}{2}\right)^{2}=\left(\dfrac{x-y}{2}\right)^{2}+120000$ by the Pythagorean theorem, so we have $xy=120000$, so substituting into the other equation we have $90000=100(x+y)$, or $x+y=900$. Since we want $\dfrac{x+y}{2}$, the desired answer is $\boxed{450}$.","{""bucket"": ""very_hard""}",needs_review,False,,"{""answer_only_scorable"": true, ""benchmark_core"": true, ""counts_toward_headline_score"": true, ""counts_toward_official_topic_score"": true, ""scoring_metric"": ""binary_accuracy"", ""time_limit_minutes"": 30, ""topic_scoring_group"": ""geometry_spatial"", ""track"": ""answer_only_difficulty_selected_core""}"
puzzle-33ef4b3186cc89992262,AIME_I 2001 #13,2001,geometry_spatial,,spatial_visualization | euclidean_geometry,numeric_answer,"In a certain circle, the chord of a $d$-degree arc is $22$ centimeters long, and the chord of a $2d$-degree arc is $20$ centimeters longer than the chord of a $3d$-degree arc, where $d < 120.$ The length of the chord of a $3d$-degree arc is $- m + \sqrt {n}$ centimeters, where $m$ and $n$ are positive integers. Find $m + n.$",$174$,"Note that a cyclic quadrilateral in the form of an isosceles trapezoid can be formed from three chords of three $d$-degree arcs and one chord of one $3d$-degree arc. The diagonals of this trapezoid turn out to be two chords of two $2d$-degree arcs. Let $AB$, $AC$, and $BD$ be the chords of the $d$-degree arcs, and let $CD$ be the chord of the $3d$-degree arc. Also let $x$ be equal to the chord length of the $3d$-degree arc. Hence, the length of the chords, $AD$ and $BC$, of the $2d$-degree arcs can be represented as $x + 20$, as given in the problem. 
Using Ptolemy's theorem,
\[AB(CD) + AC(BD) = AD(BC)\]
\[22x + 22(22) = (x + 20)^2\]
\[22x + 484 = x^2 + 40x + 400\]
\[0 = x^2 + 18x - 84\]
We can then apply the quadratic formula to find the positive root to this equation since polygons obviously cannot have sides of negative length.
\[x = \frac{-18 + \sqrt{18^2 + 4(84)}}{2}\]
\[x = \frac{-18 + \sqrt{660}}{2}\]
$x$ simplifies to $\frac{-18 + 2\sqrt{165}}{2},$ which equals $-9 + \sqrt{165}.$ Thus, the answer is $9 + 165 = \boxed{174}$.","{""bucket"": ""very_hard""}",needs_review,False,,"{""answer_only_scorable"": true, ""benchmark_core"": true, ""counts_toward_headline_score"": true, ""counts_toward_official_topic_score"": true, ""scoring_metric"": ""binary_accuracy"", ""time_limit_minutes"": 30, ""topic_scoring_group"": ""geometry_spatial"", ""track"": ""answer_only_difficulty_selected_core""}"
puzzle-346f1275d5c7ea00e190,Puzzle 346f1275d5c7ea00e190,1992,geometry_spatial,,spatial_visualization | euclidean_geometry,numeric_answer,"In triangle $ABC^{}_{}$, $A'$, $B'$, and $C'$ are on the sides $BC$, $AC^{}_{}$, and $AB^{}_{}$, respectively. Given that $AA'$, $BB'$, and $CC'$ are concurrent at the point $O^{}_{}$, and that $\frac{AO^{}_{}}{OA'}+\frac{BO}{OB'}+\frac{CO}{OC'}=92$, find $\frac{AO}{OA'}\cdot \frac{BO}{OB'}\cdot \frac{CO}{OC'}$.",$94$,"Let $K_A=[BOC], K_B=[COA],$ and $K_C=[AOB].$ Due to triangles $BOC$ and $ABC$ having the same base, \[\frac{AO}{OA'}+1=\frac{AA'}{OA'}=\frac{[ABC]}{[BOC]}=\frac{K_A+K_B+K_C}{K_A}.\] Therefore, we have
\[\frac{AO}{OA'}=\frac{K_B+K_C}{K_A}\] \[\frac{BO}{OB'}=\frac{K_A+K_C}{K_B}\] \[\frac{CO}{OC'}=\frac{K_A+K_B}{K_C}.\]
Thus, we are given \[\frac{K_B+K_C}{K_A}+\frac{K_A+K_C}{K_B}+\frac{K_A+K_B}{K_C}=92.\] Combining and expanding gives \[\frac{K_A^2K_B+K_AK_B^2+K_A^2K_C+K_AK_C^2+K_B^2K_C+K_BK_C^2}{K_AK_BK_C}=92.\] We desire $\frac{(K_B+K_C)(K_C+K_A)(K_A+K_B)}{K_AK_BK_C}.$ Expanding this gives \[\frac{K_A^2K_B+K_AK_B^2+K_A^2K_C+K_AK_C^2+K_B^2K_C+K_BK_C^2}{K_AK_BK_C}+2=\boxed{94}.\]","{""bucket"": ""very_hard""}",needs_review,False,,"{""answer_only_scorable"": true, ""benchmark_core"": true, ""counts_toward_headline_score"": true, ""counts_toward_official_topic_score"": true, ""scoring_metric"": ""binary_accuracy"", ""time_limit_minutes"": 30, ""topic_scoring_group"": ""geometry_spatial"", ""track"": ""answer_only_difficulty_selected_core""}"
puzzle-35b943724eeb57d47e9e,AIME_II 2022 #11,2022,geometry_spatial,,spatial_visualization | euclidean_geometry,numeric_answer,"Let $ABCD$ be a convex quadrilateral with $AB=2, AD=7,$ and $CD=3$ such that the bisectors of acute angles $\angle{DAB}$ and $\angle{ADC}$ intersect at the midpoint of $\overline{BC}.$ Find the square of the area of $ABCD.$",$180$,"[asy] defaultpen(fontsize(12)+0.6); size(300); pair A,B,C,D,M,H; real xb=71, xd=121; A=origin; D=(7,0); B=2*dir(xb); C=3*dir(xd)+D; M=(B+C)/2; H=foot(M,A,D); path c=CR(D,3); pair A1=bisectorpoint(D,A,B), D1=bisectorpoint(C,D,A), Bp=IP(CR(A,2),A--H), Cp=IP(CR(D,3),D--H); draw(B--A--D--C--B); draw(A--M--D^^M--H^^Bp--M--Cp, gray+0.4); draw(rightanglemark(A,H,M,5)); dot(""$A$"",A,SW); dot(""$D$"",D,SE); dot(""$B$"",B,NW); dot(""$C$"",C,NE); dot(""$M$"",M,up); dot(""$H$"",H,down); dot(""$B'$"",Bp,down); dot(""$C'$"",Cp,down); [/asy]
According to the problem, we have $AB=AB'=2$, $DC=DC'=3$, $MB=MB'$, $MC=MC'$, and $B'C'=7-2-3=2$
Because $M$ is the midpoint of $BC$, we have $BM=MC$, so: \[MB=MB'=MC'=MC.\]
Then, we can see that $\bigtriangleup{MB'C'}$ is an isosceles triangle with $MB'=MC'$
Therefore, we could start our angle chasing: $\angle{MB'C'}=\angle{MC'B'}=180^\circ-\angle{MC'D}=180^\circ-\angle{MCD}$.
This is when we found that points $M$, $C$, $D$, and $B'$ are on a circle. Thus, $\angle{BMB'}=\angle{CDC'} \Rightarrow \angle{B'MA}=\angle{C'DM}$. This is the time we found that $\bigtriangleup{AB'M} \sim \bigtriangleup{MC'D}$.
Thus, $\frac{AB'}{B'M}=\frac{MC'}{C'D} \Longrightarrow (B'M)^2=AB' \cdot C'D = 6$
Point $H$ is the midpoint of $B'C'$, and $MH \perp AD$. $B'H=HC'=1 \Longrightarrow MH=\sqrt{B'M^2-B'H^2}=\sqrt{6-1}=\sqrt{5}$.
The area of this quadrilateral is the sum of areas of triangles: \[S_{\bigtriangleup{ABM}}+S_{\bigtriangleup{AB'M}}+S_{\bigtriangleup{CDM}}+S_{\bigtriangleup{CD'M}}+S_{\bigtriangleup{B'C'M}}\]
\[=S_{\bigtriangleup{AB'M}}\cdot 2 + S_{\bigtriangleup{B'C'M}} + S_{\bigtriangleup{C'DM}}\cdot 2\]
\[=2 \cdot \frac{1}{2} \cdot AB' \cdot MH + \frac{1}{2} \cdot B'C' \cdot MH + 2 \cdot \frac{1}{2} \cdot C'D \cdot MH\]
\[=2\sqrt{5}+\sqrt{5}+3\sqrt{5}=6\sqrt{5}\]
Finally, the square of the area is $(6\sqrt{5})^2=\boxed{180}$","{""bucket"": ""hard_candidate""}",needs_review,False,,"{""answer_only_scorable"": true, ""benchmark_core"": true, ""counts_toward_headline_score"": true, ""counts_toward_official_topic_score"": true, ""scoring_metric"": ""binary_accuracy"", ""time_limit_minutes"": 30, ""topic_scoring_group"": ""geometry_spatial"", ""track"": ""answer_only_difficulty_selected_core""}"
puzzle-365d7b74f1d0668ef3c5,AIME_I 2010 #15,2010,geometry_spatial,,spatial_visualization | euclidean_geometry,numeric_answer,"In $\triangle{ABC}$ with $AB = 12$, $BC = 13$, and $AC = 15$, let $M$ be a point on $\overline{AC}$ such that the incircles of $\triangle{ABM}$ and $\triangle{BCM}$ have equal radii. Then $\frac{AM}{CM} = \frac{p}{q}$, where $p$ and $q$ are relatively prime positive integers. Find $p + q$.",$45$,"Let $AM = x$, then $CM = 15 - x$. Also let $BM = d$ Clearly, $\frac {[ABM]}{[CBM]} = \frac {x}{15 - x}$. We can also express each area by the rs formula. Then $\frac {[ABM]}{[CBM]} = \frac {p(ABM)}{p(CBM)} = \frac {12 + d + x}{28 + d - x}$. Equating and cross-multiplying yields $25x + 2dx = 15d + 180$ or $d = \frac {25x - 180}{15 - 2x}.$ Note that for $d$ to be positive, we must have $7.2 < x < 7.5$.
By Stewart's Theorem, we have $12^2(15 - x) + 13^2x = d^215 + 15x(15 - x)$ or $432 = 3d^2 + 40x - 3x^2.$ Brute forcing by plugging in our previous result for $d$, we have $432 = \frac {3(25x - 180)^2}{(15 - 2x)^2} + 40x - 3x^2.$ Clearing the fraction and gathering like terms, we get $0 = 12x^4 - 340x^3 + 2928x^2 - 7920x.$
<i>Aside: Since $x$ must be rational in order for our answer to be in the desired form, we can use the Rational Root Theorem to reveal that $6x$ is an integer because we can divide the polynomial by $2$. The only such $x$ in the above-stated range is $\frac {22}3$.</i>
Legitimately solving that quartic, note that $x = 0$ and $x = 15$ should clearly be solutions, corresponding to the sides of the triangle and thus degenerate cevians. Factoring those out, we get $0 = 4x(x - 15)(3x^2 - 40x + 132) = x(x - 15)(x - 6)(3x - 22).$ The only solution in the desired range is thus $\frac {22}3$. Then $CM = \frac {23}3$, and our desired ratio $\frac {AM}{CM} = \frac {22}{23}$, giving us an answer of $\boxed{45}$.","{""bucket"": ""very_hard""}",needs_review,False,,"{""answer_only_scorable"": true, ""benchmark_core"": true, ""counts_toward_headline_score"": true, ""counts_toward_official_topic_score"": true, ""scoring_metric"": ""binary_accuracy"", ""time_limit_minutes"": 30, ""topic_scoring_group"": ""geometry_spatial"", ""track"": ""answer_only_difficulty_selected_core""}"
puzzle-36edc82ab8f71a7dfe0a,AIME_II 2019 #11,2019,geometry_spatial,,spatial_visualization | euclidean_geometry,numeric_answer,"Triangle $ABC$ has side lengths $AB=7, BC=8,$ and $CA=9.$ Circle $\omega_1$ passes through $B$ and is tangent to line $AC$ at $A.$ Circle $\omega_2$ passes through $C$ and is tangent to line $AB$ at $A.$ Let $K$ be the intersection of circles $\omega_1$ and $\omega_2$ not equal to $A.$ Then $AK=\tfrac mn,$ where $m$ and $n$ are relatively prime positive integers. Find $m+n.$",$11$,"[asy] unitsize(20); pair B = (0,0); pair A = (2,sqrt(45)); pair C = (8,0); draw(circumcircle(A,B,(-17/8,0)),rgb(.7,.7,.7)); draw(circumcircle(A,C,(49/8,0)),rgb(.7,.7,.7)); draw(B--A--C--cycle); label(""$A$"",A,dir(105)); label(""$B$"",B,dir(-135)); label(""$C$"",C,dir(-75)); dot((2.68,2.25)); label(""$K$"",(2.68,2.25),2*down); label(""$\omega_1$"",(-4.5,1)); label(""$\omega_2$"",(12.75,6)); label(""$7$"",(A+B)/2,dir(140)); label(""$8$"",(B+C)/2,dir(-90)); label(""$9$"",(A+C)/2,dir(60)); [/asy]
Note that from the tangency condition that the supplement of $\angle CAB$ with respects to lines $AB$ and $AC$ are equal to $\angle AKB$ and $\angle AKC$, respectively, so from tangent-chord, \[\angle AKC=\angle AKB=180^{\circ}-\angle BAC\] Also note that $\angle ABK=\angle KAC$$^{(*)}$, so $\triangle AKB\sim \triangle CKA$. Using similarity ratios, we can easily find \[AK^2=BK*KC\] However, since $AB=7$ and $CA=9$, we can use similarity ratios to get \[BK=\frac{7}{9}AK, CK=\frac{9}{7}AK\] 
* Now we use Law of Cosines on $\triangle AKB$: From reverse Law of Cosines, $\cos{\angle BAC}=\frac{11}{21}\implies \cos{(180^{\circ}-\angle BAC)}=\angle AKB=-\frac{11}{21}$
Giving us \[AK^2+\frac{49}{81}AK^2+\frac{22}{27}AK^2=49\] \[\implies \frac{196}{81}AK^2=49\] \[AK=\frac{9}{2}\] so our answer is $9+2=\boxed{11}$.
$^{(*)}$ Let $O$ be the center of $\omega_1$. Then $\angle KAC = 90 - \angle OAK = 90 - \frac{1}{2}(180 - \angle AOK) = \frac{\angle AOK}{2} = \angle ABK$. Thus, $\angle ABK = \angle KAC$","{""bucket"": ""hard_candidate""}",needs_review,False,,"{""answer_only_scorable"": true, ""benchmark_core"": true, ""counts_toward_headline_score"": true, ""counts_toward_official_topic_score"": true, ""scoring_metric"": ""binary_accuracy"", ""time_limit_minutes"": 30, ""topic_scoring_group"": ""geometry_spatial"", ""track"": ""answer_only_difficulty_selected_core""}"
puzzle-3773f71c8be71033726c,Puzzle 3773f71c8be71033726c,1998,geometry_spatial,,spatial_visualization | euclidean_geometry,numeric_answer,"Let $ABC$ be equilateral, and $D, E,$ and $F$ be the midpoints of $\overline{BC}, \overline{CA},$ and $\overline{AB},$ respectively. There exist points $P, Q,$ and $R$ on $\overline{DE}, \overline{EF},$ and $\overline{FD},$ respectively, with the property that $P$ is on $\overline{CQ}, Q$ is on $\overline{AR},$ and $R$ is on $\overline{BP}.$ The ratio of the area of triangle $ABC$ to the area of triangle $PQR$ is $a + b\sqrt {c},$ where $a, b$ and $c$ are integers, and $c$ is not divisible by the square of any prime. What is $a^{2} + b^{2} + c^{2}$?",$83$,"WLOG, let $\Delta ABC$ have side length $2.$ Then, $DE = EF = FD = 1.$ We also notice that $\angle CEP = \angle DEF = 60^{\circ},$ meaning $\angle CEF = \angle CEP + \angle DEF = 120^{\circ}.$
Let $EP = x.$ Since $FQ = x$ by congruent triangles $\Delta EPC$ and $\Delta FQA,$ $EQ = EF - FQ = 1-x.$ We can now apply Law of Cosines to $\Delta CEP, \Delta PEQ,$ and $\Delta CEQ.$
By LoC on $\Delta CEP,$ we get \[CP^2 = 1^2 + x^2 - 2\cdot 1\cdot x\cdot \left(\frac{1}{2}\right) = x^2 - x + 1.\]
In a similar vein, using LoC on $\Delta PEQ$ and $\Delta CEQ,$ respectively, earns \[PQ^2 = x^2 + (1-x)^2 - 2\cdot x\cdot (1-x)\cdot \left(\frac{1}{2}\right) = 3x^2 - 3x + 1\] \[CQ^2 = 1^2 + (1-x)^2 - 2\cdot 1\cdot (1-x)\cdot \left(-\frac{1}{2}\right) = x^2 - 3x + 3\]
We have $CP^2, PQ^2,$ and $CQ^2.$ Additionally, by segment addition, $CP + PQ = CQ.$ Solving for $CP, PQ,$ and $CQ$ from the Law of Cosines expressions and plugging them into the segment addition gets the (admittedly-ugly) equation \[\sqrt{x^2-3x+3} = \sqrt{x^2-x+1} + \sqrt{3x^2-3x+1}.\]
Since the equation is ugly, we look at what the problem is asking for us to solve. We want $\frac{[ABC]}{[PQR]}.$ We see that $[ABC] = \sqrt{3}$ and $[PQR] = [DEF] - [PDR] - [RFQ] - [QEP] = \frac{\sqrt{3}}{4} - \frac{3}{2}\left(\frac{\sqrt{3}}{2}x(1-x)\right),$ since $[PDR] = [RFQ] = [QEP] = \frac{1}{2}x(1-x)\frac{\sqrt{3}}{2}$ from the sine area formula. Simplifying $\frac{[ABC]}{[PQR]}$ gets us wanting to find $\frac{4}{3x^2-3x+1}.$
We see $3x^2-3x+1$ in both the denominator of what we want and under a radicand in our algebraic expression, which leads us to think the calculations may not be that bad. Isolate $\sqrt{3x^2-3x+1}$ and square to get \[3x^2-3x+1 = 2x^2-4x+4-2\sqrt{(x^2-3x+3)(x^2-x+1)}\]
Isolate the radicand and square and expand to get $x^4+2x^3-5x^2-6x+9=4x^4-16x^3+28x^2-24x+12,$ and moving terms to one side and dividing by $3,$ we get \[x^4-6x^3+11x^2-6x+1=0.\]
This can be factored into $(x^2-3x+1)^2 = 0 \rightarrow x^2-3x+1 = 0 \rightarrow x = \frac{3 \pm \sqrt{5}}{2}.$ From the equation $x^2-3x+1=0,$ we have $x^2=3x+1,$ so plugging that value into the expression we want to find, we get $\frac{4}{3(3x+1)-3x+1} = \frac{4}{6x+2}.$
Substituting $x = \frac{3-\sqrt{5}}{2}$ into $\frac{4}{6x+2}$ gets an expression of $7+3\sqrt{5},$ so $a^2+b^2+c^2 = \boxed{83}$.","{""bucket"": ""hard_candidate""}",needs_review,False,,"{""answer_only_scorable"": true, ""benchmark_core"": true, ""counts_toward_headline_score"": true, ""counts_toward_official_topic_score"": true, ""scoring_metric"": ""binary_accuracy"", ""time_limit_minutes"": 30, ""topic_scoring_group"": ""geometry_spatial"", ""track"": ""answer_only_difficulty_selected_core""}"
puzzle-3a13b3191555f4f82abb,Puzzle 3a13b3191555f4f82abb,2026-01-05,geometry_spatial,algorithms_computation,euclidean_geometry | logical_inference | computational_verification | coordinate_geometry,proof_problem | geometry_problem,"In a non-degenerate Euclidean configuration, perform the following constructions. All intersections and choices are those satisfying the stated incidences; directed angles are taken modulo 180°.
1. Let A and B be distinct points.
2. Let D be the midpoint of segment BA.
3. Point F lies on the circle centered at D through A.
4. Let C be the intersection of line AB and the line through F perpendicular to DF.
5. Let E be the midpoint of segment CA.
6. Line GB is perpendicular to line AB.
7. Point G lies on the circle centered at E through A.
Prove that the directed angle between FC and FG equals the directed angle between GF and GC.
Formal statement: `a b = segment a b; d = midpoint d b a; f = on_circle f d a; c = intersection_lt c a b f d f; e = midpoint e c a; g = on_tline g b a b, on_circle g e a ? eqangle f c f g g f g c`",the directed angle between FC and FG equals the directed angle between GF and GC,"Machine-verified DDAR proof trace.
Premises used:
Points introduced: A.
Points introduced: B.
Points introduced: D.
[00] DB = DA
Points introduced: F.
[01] DF = DA
Points introduced: C.
[02] B,C,A are collinear
[03] CF ⟂ DF
[04] ∠(AB-CF) = ∠(AB-CF)
Points introduced: E.
[05] EC = EA
[06] E,C,A are collinear
Points introduced: G.
[07] BG ⟂ AB
[08] EG = EA
[09] ∠BAG = ∠BAG
Proof steps:
001. EG = EA [08] & EC = EA [05] --deduction--> E is the circumcenter of \Delta CGA [10]
002. E is the circumcenter of \Delta CGA [10] & E,C,A are collinear [06] --r20--> CG ⟂ AG [11]
003. BG ⟂ AB [07] & CG ⟂ AG [11] --deduction--> ∠CGA = ∠ABG [12]
004. C,B,A are collinear [02] & ∠BAG = ∠BAG [09] --deduction--> ∠CAG = ∠BAG [13]
005. ∠CGA = ∠ABG [12] & ∠CAG = ∠BAG [13] --Similar triangles--> CG:CA = BG:GA [14]
006. ∠CGA = ∠ABG [12] & ∠CAG = ∠BAG [13] --Similar triangles--> CG:GA = BG:BA [15]
007. DF = DA [01] & DB = DA [00] --deduction--> D is the circumcenter of \Delta BFA [16]
008. D is the circumcenter of \Delta BFA [16] & CF ⟂ DF [03] --r15--> ∠AFC = ∠ABF [17]
009. C,B,A are collinear [02] & ∠ABF = ∠AFC [17] --deduction--> ∠CBF = ∠AFC [18]
010. C,B,A are collinear [02] & ∠(AB-CF) = ∠(AB-CF) [04] --deduction--> ∠ACF = ∠BCF [19]
011. ∠CBF = ∠AFC [18] & ∠ACF = ∠BCF [19] --Similar triangles--> FA:CA = BF:CF [20]
012. ∠CBF = ∠AFC [18] & ∠ACF = ∠BCF [19] --Similar triangles--> FA:CF = BF:BC [21]
013. B,C,A are collinear [02] & BG ⟂ AB [07] --deduction--> ∠GBC = ∠ABG [22]
014. C,B,A are collinear [02] & AB ⟂ BG [07] --deduction--> CB ⟂ BG [23]
015. CG ⟂ AG [11] & CB ⟂ BG [23] --r08--> ∠GCB = ∠AGB [24]
016. ∠GBC = ∠ABG [22] & ∠AGB = ∠GCB [24] --Similar triangles--> BG:BC = BA:BG [25]
017. CG:CA = BG:GA [14] & CG:GA = BG:BA [15] & FA:CA = BF:CF [20] & FA:CF = BF:BC [21] & BG:BC = BA:BG [25] --Ratio chase--> CG = CF [26]
018. CG = CF [26] --r13--> ∠CFG = ∠FGC
Verified conclusion: the directed angle between FC and FG equals the directed angle between GF and GC.","{""bucket"": ""hard_candidate""}",machine_verified,False,,"{""answer_only_scorable"": false, ""answer_type"": ""proof_certificate"", ""benchmark_core"": false, ""canonical_reference_field"": ""explanation"", ""counts_toward_headline_score"": false, ""counts_toward_official_topic_score"": false, ""formal_verification_applies_to"": ""formal_statement"", ""reference_proof_type"": ""machine_verified_ddar_trace"", ""scoring_metric"": ""proof_certificate_validity"", ""scoring_requires_proof"": true, ""submission_requirement"": ""A complete proof certificate establishing the stated theorem; repeating answer_only receives no credit."", ""time_limit_minutes"": 60, ""topic_scoring_group"": ""geometry_spatial"", ""track"": ""proof_certificate""}"
puzzle-3b49ec03fcf74675c945,AIME_II 2008 #11,2008,geometry_spatial,,spatial_visualization | euclidean_geometry,numeric_answer,"In triangle $ABC$, $AB = AC = 100$, and $BC = 56$. Circle $P$ has radius $16$ and is tangent to $\overline{AC}$ and $\overline{BC}$. Circle $Q$ is externally tangent to $P$ and is tangent to $\overline{AB}$ and $\overline{BC}$. No point of circle $Q$ lies outside of $\triangle ABC$. The radius of circle $Q$ can be expressed in the form $m - n\sqrt {k}$, where $m$, $n$, and $k$ are positive integers and $k$ is the product of distinct primes. Find $m + nk$.",$254$,"[asy] size(200); pathpen=black;pointpen=black;pen f=fontsize(9); real r=44-6*35^.5; pair A=(0,96),B=(-28,0),C=(28,0),X=C-(64/3,0),Y=B+(4*r/3,0),P=X+(0,16),Q=Y+(0,r),M=foot(Q,X,P); path PC=CR(P,16),QC=CR(Q,r); D(A--B--C--cycle); D(Y--Q--P--X); D(Q--M); D(P--C,dashed); D(PC); D(QC); MP(""A"",A,N,f);MP(""B"",B,f);MP(""C"",C,f);MP(""X"",X,f);MP(""Y"",Y,f);D(MP(""P"",P,NW,f));D(MP(""Q"",Q,NW,f)); [/asy]
Let $X$ and $Y$ be the feet of the perpendiculars from $P$ and $Q$ to $BC$, respectively. Let the radius of $\odot Q$ be $r$. We know that $PQ = r + 16$. From $Q$ draw segment $\overline{QM} \parallel \overline{BC}$ such that $M$ is on $PX$. Clearly, $QM = XY$ and $PM = 16-r$. Also, we know $QPM$ is a right triangle.
To find $XC$, consider the right triangle $PCX$. Since $\odot P$ is tangent to $\overline{AC},\overline{BC}$, then $PC$ bisects $\angle ACB$. Let $\angle ACB = 2\theta$; then $\angle PCX = \angle QBX = \theta$. Dropping the altitude from $A$ to $BC$, we recognize the $7 - 24 - 25$ right triangle, except scaled by $4$.
So we get that $\tan(2\theta) = 24/7$. From the half-angle identity, we find that $\tan(\theta) = \frac {3}{4}$. Therefore, $XC = \frac {64}{3}$. By similar reasoning in triangle $QBY$, we see that $BY = \frac {4r}{3}$.
We conclude that $XY = 56 - \frac {4r + 64}{3} = \frac {104 - 4r}{3}$.
So our right triangle $QPM$ has sides $r + 16$, $r - 16$, and $\frac {104 - 4r}{3}$.
By the Pythagorean Theorem, simplification, and the quadratic formula, we can get $r = 44 - 6\sqrt {35}$, for a final answer of $\boxed{254}$.","{""bucket"": ""hard_candidate""}",needs_review,False,,"{""answer_only_scorable"": true, ""benchmark_core"": true, ""counts_toward_headline_score"": true, ""counts_toward_official_topic_score"": true, ""scoring_metric"": ""binary_accuracy"", ""time_limit_minutes"": 30, ""topic_scoring_group"": ""geometry_spatial"", ""track"": ""answer_only_difficulty_selected_core""}"
puzzle-3bd0678260d1ad092ee2,AIME_I 2005 #15,2005,geometry_spatial,,spatial_visualization | euclidean_geometry,numeric_answer,"Triangle $ABC$ has $BC=20.$ The incircle of the triangle evenly trisects the median $AD.$ If the area of the triangle is $m \sqrt{n}$ where $m$ and $n$ are integers and $n$ is not divisible by the square of a prime, find $m+n.$",$38$,"[asy] size(300); pointpen=black;pathpen=black+linewidth(0.65); pen s = fontsize(10); pair A=(0,0),B=(26,0),C=IP(circle(A,10),circle(B,20)),D=(B+C)/2,I=incenter(A,B,C); path cir = incircle(A,B,C); pair E1=IP(cir,B--C),F=IP(cir,A--C),G=IP(cir,A--B),P=IP(A--D,cir),Q=OP(A--D,cir); D(MP(""A"",A,s)--MP(""B"",B,s)--MP(""C"",C,N,s)--cycle); D(cir); D(A--MP(""D"",D,NE,s)); D(MP(""E"",E1,NE,s)); D(MP(""F"",F,NW,s)); D(MP(""G"",G,s)); D(MP(""P"",P,SW,s)); D(MP(""Q"",Q,SE,s)); MP(""10"",(B+D)/2,NE); MP(""10"",(C+D)/2,NE); [/asy]
Let $E$, $F$ and $G$ be the points of tangency of the incircle with $BC$, $AC$ and $AB$, respectively. Without loss of generality, let $AC < AB$, so that $E$ is between $D$ and $C$. Let the length of the median be $3m$. Then by two applications of the Power of a Point Theorem, $DE^2 = 2m \cdot m = AF^2$, so $DE = AF$. Now, $CE$ and $CF$ are two tangents to a circle from the same point, so by the Two Tangent Theorem $CE = CF = c$ and thus $AC = AF + CF = DE + CE = CD = 10$. Then $DE = AF = AG = 10 - c$ so $BG = BE = BD + DE = 20 - c$ and thus $AB = AG + BG = 30 - 2c$.
Now, by Stewart's Theorem in triangle $\triangle ABC$ with cevian $\overline{AD}$, we have
\[(3m)^2\cdot 20 + 20\cdot10\cdot10 = 10^2\cdot10 + (30 - 2c)^2\cdot 10.\]
Our earlier result from Power of a Point was that $2m^2 = (10 - c)^2$, so we combine these two results to solve for $c$ and we get
\[9(10 - c)^2 + 200 = 100 + (30 - 2c)^2 \quad \Longrightarrow \quad c^2 - 12c + 20 = 0.\]
Thus $c = 2$ or $= 10$. We discard the value $c = 10$ as extraneous (it gives us a line) and are left with $c = 2$, so our triangle has area $\sqrt{28 \cdot 18 \cdot 8 \cdot 2} = 24\sqrt{14}$ and so the answer is $24 + 14 = \boxed{38}$.","{""bucket"": ""very_hard""}",needs_review,False,,"{""answer_only_scorable"": true, ""benchmark_core"": true, ""counts_toward_headline_score"": true, ""counts_toward_official_topic_score"": true, ""scoring_metric"": ""binary_accuracy"", ""time_limit_minutes"": 30, ""topic_scoring_group"": ""geometry_spatial"", ""track"": ""answer_only_difficulty_selected_core""}"
puzzle-3df70f08d89a7a2f672b,Puzzle 3df70f08d89a7a2f672b,1994,geometry_spatial,,spatial_visualization | euclidean_geometry,numeric_answer,"In triangle $ABC,\,$ angle $C$ is a right angle and the altitude from $C\,$ meets $\overline{AB}\,$ at $D.\,$ The lengths of the sides of $\triangle ABC\,$ are integers, $BD=29^3,\,$ and $\cos B=m/n\,$, where $m\,$ and $n\,$ are relatively prime positive integers. Find $m+n.\,$",$450$,"Since $\triangle ABC \sim \triangle CBD$, we have $\frac{BC}{AB} = \frac{29^3}{BC} \Longrightarrow BC^2 = 29^3 AB$. It follows that $29^2 | BC$ and $29 | AB$, so $BC$ and $AB$ are in the form $29^2 x$ and $29 x^2$, respectively, where x is an integer. 
By the Pythagorean Theorem, we find that $AC^2 + BC^2 = AB^2 \Longrightarrow (29^2x)^2 + AC^2 = (29 x^2)^2$, so $29x | AC$. Letting $y = AC / 29x$, we obtain after dividing through by $(29x)^2$, $29^2 = x^2 - y^2 = (x-y)(x+y)$. As $x,y \in \mathbb{Z}$, the pairs of factors of $29^2$ are $(1,29^2)(29,29)$; clearly $y = \frac{AC}{29x} \neq 0$, so $x-y = 1, x+y= 29^2$. Then, $x = \frac{1+29^2}{2} = 421$.
Thus, $\cos B = \frac{BC}{AB} = \frac{29^2 x}{29x^2} = \frac{29}{421}$, and $m+n = \boxed{450}$.","{""bucket"": ""hard_candidate""}",needs_review,False,,"{""answer_only_scorable"": true, ""benchmark_core"": true, ""counts_toward_headline_score"": true, ""counts_toward_official_topic_score"": true, ""scoring_metric"": ""binary_accuracy"", ""time_limit_minutes"": 30, ""topic_scoring_group"": ""geometry_spatial"", ""track"": ""answer_only_difficulty_selected_core""}"
puzzle-3dfc163142bc32e90e8a,Puzzle 3dfc163142bc32e90e8a,2026-01-05,geometry_spatial,algorithms_computation,euclidean_geometry | logical_inference | computational_verification,proof_problem | geometry_problem,"In a non-degenerate Euclidean configuration, perform the following constructions. All intersections and choices are those satisfying the stated incidences; directed angles are taken modulo 180°.
1. Let A, B, C be the vertices of a non-degenerate triangle.
2. Let D be the foot of the perpendicular from B to line AC.
3. Let E be the foot of the perpendicular from A to line BC.
4. Point F lies on line BD.
5. Point F lies on line AE.
6. Let G be the circumcenter of triangle BFA.
7. Point H lies on line BC.
8. Point H lies on the circle centered at G through A.
9. Point I lies on line AC.
10. Point I lies on the circle centered at G through A.
Prove that FC = FI.
Formal statement: `a b c = triangle a b c; d = foot d b a c; e = foot e a b c; f = on_line f b d, on_line f a e; g = circle g b f a; h = on_line h b c, on_circle h g a; i = on_line i a c, on_circle i g a ? cong f c f i`",FC = FI,"Machine-verified DDAR proof trace.
Premises used:
Points introduced: A.
Points introduced: B.
Points introduced: C.
Points introduced: D.
[00] C,A,D are collinear
[01] BD ⟂ AC
Points introduced: E.
[02] B,C,E are collinear
[03] AE ⟂ BC
Points introduced: F.
[04] F,B,D are collinear
[05] E,A,F are collinear
Points introduced: G.
[06] GB = GF
[07] GF = GA
Points introduced: I.
[08] GI = GA
[09] C,A,I are collinear
Proof steps:
001. GB = GF [06] & GF = GA [07] & GI = GA [08] --deduction--> B,A,F,I are concyclic [10]
002. B,A,F,I are concyclic [10] --r03--> ∠BFI = ∠BAI [11]
003. B,A,F,I are concyclic [10] --r03--> ∠BFA = ∠BIA [12]
004. E,C,B are collinear [02] & C,A,D are collinear [00] & BD ⟂ AC [01] & AE ⟂ BC [03] --deduction--> ∠AEB = ∠ADB [13]
005. ∠AEB = ∠ADB [13] --r04--> B,E,A,D are concyclic [14]
006. B,E,A,D are concyclic [14] --r03--> ∠BED = ∠BAD [15]
007. E,A,F are collinear [05] & E,C,B are collinear [02] & F,B,D are collinear [04] & C,A,D are collinear [00] & BD ⟂ AC [01] & AE ⟂ BC [03] --deduction--> ∠FEC = ∠FDC [16]
008. ∠FEC = ∠FDC [16] --r04--> F,C,E,D are concyclic [17]
009. F,C,E,D are concyclic [17] --r03--> ∠FCE = ∠FDE [18]
010. F,B,D are collinear [04] & ∠BFI = ∠BAI [11] & C,A,I are collinear [09] & ∠BED = ∠BAD [15] & B,C,E are collinear [02] & C,A,D are collinear [00] & ∠FCE = ∠FDE [18] --deduction--> ∠CFD = ∠DFI [19]
011. C,A,I are collinear [09] & C,A,D are collinear [00] --deduction--> D,C,I are collinear [20]
012. ∠CFD = ∠DFI [19] & D,C,I are collinear [20] --r12--> DC:DI = FC:FI [21]
013. C,A,D are collinear [00] & C,A,I are collinear [09] & BD ⟂ AC [01] --deduction--> ∠BDC = ∠IDB [22]
014. F,B,D are collinear [04] & AC ⟂ BD [01] --deduction--> CA ⟂ FB [23]
015. AE ⟂ BC [03] & CA ⟂ FB [23] --r08--> ∠BCA = ∠(EA-FB) [24]
016. C,A,D are collinear [00] & C,A,I are collinear [09] & ∠BFA = ∠BIA [12] & F,B,D are collinear [04] & E,A,F are collinear [05] & ∠BCA = ∠(EA-FB) [24] --deduction--> ∠BCD = ∠DIB [25]
017. ∠BDC = ∠IDB [22] & ∠BCD = ∠DIB [25] --Similar triangles--> DC = DI [26]
018. DC:DI = FC:FI [21] & DC = DI [26] --deduction--> FC = FI
Verified conclusion: FC = FI.","{""bucket"": ""hard_candidate""}",machine_verified,False,,"{""answer_only_scorable"": false, ""answer_type"": ""proof_certificate"", ""benchmark_core"": false, ""canonical_reference_field"": ""explanation"", ""counts_toward_headline_score"": false, ""counts_toward_official_topic_score"": false, ""formal_verification_applies_to"": ""formal_statement"", ""reference_proof_type"": ""machine_verified_ddar_trace"", ""scoring_metric"": ""proof_certificate_validity"", ""scoring_requires_proof"": true, ""submission_requirement"": ""A complete proof certificate establishing the stated theorem; repeating answer_only receives no credit."", ""time_limit_minutes"": 60, ""topic_scoring_group"": ""geometry_spatial"", ""track"": ""proof_certificate""}"
puzzle-3f80ab94dcd0b2a5e029,The Lodgings,1885,geometry_spatial,optimization,coordinate_geometry | upper_bound_proof,numeric_answer | optimization_challenge,"A Square has 20 doors on each side, which contains 21 equal parts. They are numbered all round, beginning at one corner. From which of the four, Nos. 9, 25, 52, 73, is the sum of the distances, to the other three, least?

Normalized assumptions:
- Distances may be taken by straight paths across the square, not only along its perimeter.",From No. 9.,"Let A be No. 9, B No. 25, C No. 52, and D No. 73.

Then AB = √(12^{2} + 5^{2}) = √169 = 13;
AC = 21;
AD = √(9^{2} + 8^{2}) = √145 = 12+
(N.B. i.e. ""between 12 and 13."")
BC = √(16^{2} + 12^{2}) = √400 = 20;
BD = √(3^{2} + 21^{2}) = √450 = 21+;
CD = √(9^{2} + 13^{2}) = √250 = 15+;

Hence sum of distances from A is between 46 and 47; from B, between 54 and 55; from C, between 56 and 57; from D, between 48 and 51. (Why not ""between 48 and 49""? Make this out for yourselves.) Hence the sum is least for A.","{""bucket"": ""hard_candidate_historical""}",needs_review,False,,"{""answer_only_scorable"": true, ""benchmark_core"": false, ""counts_toward_headline_score"": false, ""counts_toward_official_topic_score"": false, ""scoring_metric"": ""binary_accuracy"", ""time_limit_minutes"": 30, ""topic_scoring_group"": ""geometry_spatial"", ""track"": ""historical_difficulty_candidate""}"
puzzle-4019950fccc66c82768d,AIME_I 2001 #12,2001,geometry_spatial,,spatial_visualization | euclidean_geometry,numeric_answer,"A sphere is inscribed in the tetrahedron whose vertices are $A = (6,0,0), B = (0,4,0), C = (0,0,2),$ and $D = (0,0,0).$ The radius of the sphere is $m/n,$ where $m$ and $n$ are relatively prime positive integers. Find $m + n.$",$5$,"[asy] import three; currentprojection = perspective(-2,9,4); triple A = (6,0,0), B = (0,4,0), C = (0,0,2), D = (0,0,0); triple E = (2/3,0,0), F = (0,2/3,0), G = (0,0,2/3), L = (0,2/3,2/3), M = (2/3,0,2/3), N = (2/3,2/3,0); triple I = (2/3,2/3,2/3); triple J = (6/7,20/21,26/21); draw(C--A--D--C--B--D--B--A--C); draw(L--F--N--E--M--G--L--I--M--I--N--I--J); label(""$I$"",I,W); label(""$A$"",A,S); label(""$B$"",B,S); label(""$C$"",C,W*-1); label(""$D$"",D,W*-1); [/asy]
The center $I$ of the insphere must be located at $(r,r,r)$ where $r$ is the sphere's radius.
$I$ must also be a distance $r$ from the plane $ABC$
The signed distance between a plane and a point $I$ can be calculated as $\frac{(I-G) \cdot P}{|P|}$, where G is any point on the plane, and P is a vector perpendicular to ABC.
A vector $P$ perpendicular to plane $ABC$ can be found as $V=(A-C)\times(B-C)=\langle 8, 12, 24 \rangle$
Thus $\frac{(I-C) \cdot P}{|P|}=-r$ where the negative comes from the fact that we want $I$ to be in the opposite direction of $P$
\begin{align*}\frac{(I-C) \cdot P}{|P|}&=-r\\ \frac{(\langle r, r, r \rangle-\langle 0, 0, 2 \rangle) \cdot P}{|P|}&=-r\\ \frac{\langle r, r, r-2 \rangle \cdot \langle 8, 12, 24 \rangle}{\langle 8, 12, 24 \rangle}&=-r\\ \frac{44r -48}{28}&=-r\\ 44r-48&=-28r\\ 72r&=48\\ r&=\frac{2}{3} \end{align*}
Finally $2+3=\boxed{5}$","{""bucket"": ""hard_candidate""}",needs_review,False,,"{""answer_only_scorable"": true, ""benchmark_core"": true, ""counts_toward_headline_score"": true, ""counts_toward_official_topic_score"": true, ""scoring_metric"": ""binary_accuracy"", ""time_limit_minutes"": 30, ""topic_scoring_group"": ""geometry_spatial"", ""track"": ""answer_only_difficulty_selected_core""}"
puzzle-403da2243018a196bbad,Puzzle 403da2243018a196bbad,2026-01-05,geometry_spatial,algorithms_computation,euclidean_geometry | logical_inference | computational_verification,proof_problem | geometry_problem,"In a non-degenerate Euclidean configuration, perform the following constructions. All intersections and choices are those satisfying the stated incidences; directed angles are taken modulo 180°.
1. Let Q4Q1Q3Q0Q2 be a non-degenerate pentagon in the stated vertex order.
2. Point P0 lies on line Q4Q1.
3. Point P0 lies on line Q0Q2.
4. Point P4 lies on line Q4Q1.
5. Point P4 lies on line Q3Q0.
6. Point P3 lies on line Q3Q0.
7. Point P3 lies on line Q4Q2.
8. Point P2 lies on line Q1Q3.
9. Point P2 lies on line Q4Q2.
10. Point P1 lies on line Q1Q3.
11. Point P1 lies on line Q0Q2.
12. Let O0 be the circumcenter of triangle Q0P0P4.
13. Let O1 be the circumcenter of triangle P1Q1P0.
14. Let O4 be the circumcenter of triangle P4P3Q4.
15. Let O3 be the circumcenter of triangle P3P2Q3.
16. Let O2 be the circumcenter of triangle P1P2Q2.
17. Point M0 lies on the circle centered at O0 through Q0.
18. Point M0 lies on the circle centered at O1 through Q1.
19. Point M4 lies on the circle centered at O0 through Q0.
20. Point M4 lies on the circle centered at O4 through Q4.
21. Point M3 lies on the circle centered at O4 through Q4.
22. Point M3 lies on the circle centered at O3 through Q3.
23. Point M2 lies on the circle centered at O3 through Q3.
24. Point M2 lies on the circle centered at O2 through Q2.
25. Point M1 lies on the circle centered at O2 through Q2.
26. Point M1 lies on the circle centered at O1 through Q1.
Prove that M4, M3, M2, M1 are concyclic.
Formal statement: `q4 q1 q3 q0 q2 = pentagon q4 q1 q3 q0 q2; p0 = on_line p0 q4 q1, on_line p0 q0 q2; p4 = on_line p4 q4 q1, on_line p4 q3 q0; p3 = on_line p3 q3 q0, on_line p3 q4 q2; p2 = on_line p2 q1 q3, on_line p2 q4 q2; p1 = on_line p1 q1 q3, on_line p1 q0 q2; o0 = circle o0 q0 p0 p4; o1 = circle o1 p1 q1 p0; o4 = circle o4 p4 p3 q4; o3 = circle o3 p3 p2 q3; o2 = circle o2 p1 p2 q2; m0 = on_circle m0 o0 q0, on_circle m0 o1 q1; m4 = on_circle m4 o0 q0, on_circle m4 o4 q4; m3 = on_circle m3 o4 q4, on_circle m3 o3 q3; m2 = on_circle m2 o3 q3, on_circle m2 o2 q2; m1 = on_circle m1 o2 q2, on_circle m1 o1 q1 ? cyclic m4 m3 m2 m1`","M4, M3, M2, M1 are concyclic","Machine-verified DDAR proof trace.
Premises used:
Points introduced: Q4.
Points introduced: Q1.
Points introduced: Q3.
Points introduced: Q0.
Points introduced: Q2.
Points introduced: P0.
[00] Q_4,Q_1,P_0 are collinear
[01] Q_0,P_0,Q_2 are collinear
Points introduced: P4.
[02] P_4,Q_1,Q_4 are collinear
[03] P_4,Q_0,Q_3 are collinear
Points introduced: P3.
[04] P_3,Q_0,Q_3 are collinear
[05] P_3,Q_4,Q_2 are collinear
Points introduced: P2.
[06] Q_2,Q_4,P_2 are collinear
[07] Q_1,Q_3,P_2 are collinear
Points introduced: P1.
[08] Q_0,P_1,Q_2 are collinear
[09] Q_1,P_1,Q_3 are collinear
Points introduced: O0.
[10] O_0Q_0 = O_0P_0
[11] O_0P_0 = O_0P_4
Points introduced: O1.
[12] O_1Q_1 = O_1P_0
[13] O_1P_1 = O_1Q_1
Points introduced: O4.
[14] O_4P_4 = O_4P_3
[15] O_4P_3 = O_4Q_4
Points introduced: O3.
[16] O_3P_3 = O_3P_2
[17] O_3P_2 = O_3Q_3
Points introduced: O2.
[18] O_2P_2 = O_2Q_2
[19] O_2P_1 = O_2P_2
Points introduced: M4.
[20] O_4M_4 = O_4Q_4
[21] O_0M_4 = O_0Q_0
Points introduced: M3.
[22] O_3M_3 = O_3Q_3
[23] O_4M_3 = O_4Q_4
Points introduced: M2.
[24] O_2M_2 = O_2Q_2
[25] O_3M_2 = O_3Q_3
Points introduced: M1.
[26] O_1M_1 = O_1Q_1
[27] O_2M_1 = O_2Q_2
Auxiliary constructions:
Points introduced: M0.
[28] O_1M_0 = O_1Q_1
Proof steps:
001. O_1Q_1 = O_1P_0 [12] & O_1M_1 = O_1Q_1 [26] & O_1M_0 = O_1Q_1 [28] & O_1P_1 = O_1Q_1 [13] --deduction--> P_0,M_1,P_1,Q_1 are concyclic [29]
002. P_0,M_1,P_1,Q_1 are concyclic [29] --r03--> ∠P_0P_1M_1 = ∠P_0Q_1M_1 [30]
003. O_2P_2 = O_2Q_2 [18] & O_2M_1 = O_2Q_2 [27] & O_2M_2 = O_2Q_2 [24] --deduction--> M_2,M_1,P_2,Q_2 are concyclic [31]
004. O_2P_1 = O_2P_2 [19] & O_2P_2 = O_2Q_2 [18] & O_2M_2 = O_2Q_2 [24] --deduction--> M_2,Q_2,P_1,P_2 are concyclic [32]
005. M_2,M_1,P_2,Q_2 are concyclic [31] & M_2,Q_2,P_1,P_2 are concyclic [32] --deduction--> Q_2,M_1,P_1,P_2 are concyclic [33]
006. Q_2,M_1,P_1,P_2 are concyclic [33] --r03--> ∠Q_2P_1M_1 = ∠Q_2P_2M_1 [34]
007. Q_2,Q_4,P_2 are collinear [06] & Q_1,Q_4,P_0 are collinear [00] & ∠P_0P_1M_1 = ∠P_0Q_1M_1 [30] & Q_0,P_1,Q_2 are collinear [08] & Q_0,P_0,Q_2 are collinear [01] & ∠Q_2P_1M_1 = ∠Q_2P_2M_1 [34] --deduction--> ∠Q_4P_2M_1 = ∠Q_4Q_1M_1 [35]
008. ∠Q_4P_2M_1 = ∠Q_4Q_1M_1 [35] --r04--> Q_1,M_1,Q_4,P_2 are concyclic [36]
009. O_3P_3 = O_3P_2 [16] & O_3P_2 = O_3Q_3 [17] & O_3M_3 = O_3Q_3 [22] --deduction--> P_3,M_3,Q_3,P_2 are concyclic [37]
010. P_3,M_3,Q_3,P_2 are concyclic [37] --r03--> ∠M_3P_3Q_3 = ∠M_3P_2Q_3 [38]
011. O_4P_4 = O_4P_3 [14] & O_4P_3 = O_4Q_4 [15] & O_4M_4 = O_4Q_4 [20] --deduction--> M_4,P_4,P_3,Q_4 are concyclic [39]
012. O_4P_4 = O_4P_3 [14] & O_4P_3 = O_4Q_4 [15] & O_4M_3 = O_4Q_4 [23] & O_4M_4 = O_4Q_4 [20] & M_4,P_4,P_3,Q_4 are concyclic [39] --deduction--> P_4,Q_4,M_3,P_3 are concyclic [40]
013. O_4P_4 = O_4P_3 [14] & O_4P_3 = O_4Q_4 [15] & O_4M_3 = O_4Q_4 [23] & O_4M_4 = O_4Q_4 [20] & M_4,P_4,P_3,Q_4 are concyclic [39] --deduction--> Q_4,M_3,P_3,M_4 are concyclic [41]
014. P_4,Q_4,M_3,P_3 are concyclic [40] --r03--> ∠P_4Q_4M_3 = ∠P_4P_3M_3 [42]
015. Q_1,Q_4,P_0 are collinear [00] & Q_1,P_1,Q_3 are collinear [09] & Q_1,Q_3,P_2 are collinear [07] & ∠M_3P_3Q_3 = ∠M_3P_2Q_3 [38] & P_3,Q_0,Q_3 are collinear [04] & ∠P_4Q_4M_3 = ∠P_4P_3M_3 [42] & P_4,Q_1,Q_4 are collinear [02] & P_4,Q_0,Q_3 are collinear [03] --deduction--> ∠Q_1Q_4M_3 = ∠Q_1P_2M_3 [43]
016. ∠Q_1Q_4M_3 = ∠Q_1P_2M_3 [43] --r04--> Q_1,M_3,Q_4,P_2 are concyclic [44]
017. Q_1,M_1,Q_4,P_2 are concyclic [36] & Q_1,M_3,Q_4,P_2 are concyclic [44] --deduction--> Q_4,M_3,M_1,P_2 are concyclic [45]
018. Q_4,M_3,M_1,P_2 are concyclic [45] --r03--> ∠Q_4M_3M_1 = ∠Q_4P_2M_1 [46]
019. Q_4,M_3,P_3,M_4 are concyclic [41] --r03--> ∠Q_4M_3M_4 = ∠Q_4P_3M_4 [47]
020. ∠Q_4M_3M_1 = ∠Q_4P_2M_1 [46] & Q_2,Q_4,P_2 are collinear [06] & ∠Q_4M_3M_4 = ∠Q_4P_3M_4 [47] & P_3,Q_4,Q_2 are collinear [05] --deduction--> ∠M_3M_4P_3 = ∠M_3M_1P_2 [48]
021. M_2,M_1,Q_2,P_2 are concyclic [31] --r03--> ∠P_2Q_2M_2 = ∠P_2M_1M_2 [49]
022. M_2,Q_2,P_1,P_2 are concyclic [32] --r03--> ∠Q_2M_2P_2 = ∠Q_2P_1P_2 [50]
023. O_3P_3 = O_3P_2 [16] & O_3P_2 = O_3Q_3 [17] & O_3M_2 = O_3Q_3 [25] & O_3M_3 = O_3Q_3 [22] & P_3,M_3,Q_3,P_2 are concyclic [37] --deduction--> M_2,Q_3,P_3,P_2 are concyclic [51]
024. M_2,Q_3,P_3,P_2 are concyclic [51] --r03--> ∠M_2P_3Q_3 = ∠M_2P_2Q_3 [52]
025. Q_0,P_0,Q_2 are collinear [01] & ∠Q_2M_2P_2 = ∠Q_2P_1P_2 [50] & Q_0,P_1,Q_2 are collinear [08] & Q_1,P_1,Q_3 are collinear [09] & Q_1,Q_3,P_2 are collinear [07] & ∠M_2P_3Q_3 = ∠M_2P_2Q_3 [52] & P_3,Q_0,Q_3 are collinear [04] --deduction--> ∠M_2P_3Q_0 = ∠M_2Q_2Q_0 [53]
026. ∠M_2P_3Q_0 = ∠M_2Q_2Q_0 [53] --r04--> P_3,Q_0,M_2,Q_2 are concyclic [54]
027. M_4,P_4,P_3,Q_4 are concyclic [39] --r03--> ∠P_4Q_4P_3 = ∠P_4M_4P_3 [55]
028. O_0Q_0 = O_0P_0 [10] & O_0M_4 = O_0Q_0 [21] & O_0P_0 = O_0P_4 [11] --deduction--> M_4,Q_0,P_4,P_0 are concyclic [56]
029. P_4,Q_0,P_0,M_4 are concyclic [56] --r03--> ∠P_4P_0Q_0 = ∠P_4M_4Q_0 [57]
030. Q_0,P_0,Q_2 are collinear [01] & Q_2,Q_4,P_2 are collinear [06] & P_3,Q_4,Q_2 are collinear [05] & ∠P_4Q_4P_3 = ∠P_4M_4P_3 [55] & P_4,Q_1,Q_4 are collinear [02] & Q_4,Q_1,P_0 are collinear [00] & ∠P_4P_0Q_0 = ∠P_4M_4Q_0 [57] --deduction--> ∠Q_2Q_0M_4 = ∠Q_2P_3M_4 [58]
031. ∠Q_2Q_0M_4 = ∠Q_2P_3M_4 [58] --r04--> M_4,Q_0,P_3,Q_2 are concyclic [59]
032. P_3,Q_0,M_2,Q_2 are concyclic [54] & M_4,Q_0,P_3,Q_2 are concyclic [59] --deduction--> Q_2,M_2,M_4,P_3 are concyclic [60]
033. Q_2,M_2,M_4,P_3 are concyclic [60] --r03--> ∠Q_2M_2M_4 = ∠Q_2P_3M_4 [61]
034. ∠P_2Q_2M_2 = ∠P_2M_1M_2 [49] & ∠Q_2M_2M_4 = ∠Q_2P_3M_4 [61] & Q_2,Q_4,P_2 are collinear [06] & P_3,Q_4,Q_2 are collinear [05] --deduction--> ∠P_3M_4M_2 = ∠P_2M_1M_2 [62]
035. ∠M_3M_4P_3 = ∠M_3M_1P_2 [48] & ∠P_3M_4M_2 = ∠P_2M_1M_2 [62] --r09--> ∠M_4M_3M_1 = ∠M_4M_2M_1 [63]
036. ∠M_4M_3M_1 = ∠M_4M_2M_1 [63] --r04--> M_4,M_2,M_1,M_3 are concyclic
Verified conclusion: M4, M3, M2, M1 are concyclic.","{""bucket"": ""hard_candidate""}",machine_verified,False,,"{""answer_only_scorable"": false, ""answer_type"": ""proof_certificate"", ""benchmark_core"": false, ""canonical_reference_field"": ""explanation"", ""counts_toward_headline_score"": false, ""counts_toward_official_topic_score"": false, ""formal_verification_applies_to"": ""formal_statement"", ""reference_proof_type"": ""machine_verified_ddar_trace"", ""scoring_metric"": ""proof_certificate_validity"", ""scoring_requires_proof"": true, ""submission_requirement"": ""A complete proof certificate establishing the stated theorem; repeating answer_only receives no credit."", ""time_limit_minutes"": 60, ""topic_scoring_group"": ""geometry_spatial"", ""track"": ""proof_certificate""}"
puzzle-41faf07598754c858532,AIME_I 2008 #14,2008,geometry_spatial,,spatial_visualization | euclidean_geometry,numeric_answer,"Let $\overline{AB}$ be a diameter of circle $\omega$. Extend $\overline{AB}$ through $A$ to $C$. Point $T$ lies on $\omega$ so that line $CT$ is tangent to $\omega$. Point $P$ is the foot of the perpendicular from $A$ to line $CT$. Suppose $\overline{AB} = 18$, and let $m$ denote the maximum possible length of segment $BP$. Find $m^{2}$.",$432$,"[asy] size(250); defaultpen(0.70 + fontsize(10)); import olympiad; pair O = (0,0), B = O - (9,0), A= O + (9,0), C=A+(18,0), T = 9 * expi(-1.2309594), P = foot(A,C,T); draw(Circle(O,9)); draw(B--C--T--O); draw(A--P); dot(A); dot(B); dot(C); dot(O); dot(T); dot(P); draw(rightanglemark(O,T,C,30)); draw(rightanglemark(A,P,C,30)); draw(anglemark(B,A,P,35)); draw(B--P, blue); label(""\(A\)"",A,NW); label(""\(B\)"",B,NW); label(""\(C\)"",C,NW); label(""\(O\)"",O,NW); label(""\(P\)"",P,SE); label(""\(T\)"",T,SE); label(""\(9\)"",(O+A)/2,N); label(""\(9\)"",(O+B)/2,N); label(""\(x-9\)"",(C+A)/2,N); [/asy]
Let $x = OC$. Since $OT, AP \perp TC$, it follows easily that $\triangle APC \sim \triangle OTC$. Thus $\frac{AP}{OT} = \frac{CA}{CO} \Longrightarrow AP = \frac{9(x-9)}{x}$. By the Law of Cosines on $\triangle BAP$, 
\begin{align*}BP^2 = AB^2 + AP^2 - 2 \cdot AB \cdot AP \cdot \cos \angle BAP \end{align*}
where $\cos \angle BAP = \cos (180 - \angle TOA) = - \frac{OT}{OC} = - \frac{9}{x}$, so: 
\begin{align*}BP^2 &= 18^2 + \frac{9^2(x-9)^2}{x^2} + 2(18) \cdot \frac{9(x-9)}{x} \cdot \frac 9x = 405 + 729\left(\frac{2x - 27}{x^2}\right)\end{align*}
Let $k = \frac{2x-27}{x^2} \Longrightarrow kx^2 - 2x + 27 = 0$; this is a quadratic, and its discriminant must be nonnegative: $(-2)^2 - 4(k)(27) \ge 0 \Longleftrightarrow k \le \frac{1}{27}$. Thus,
\[BP^2 \le 405 + 729 \cdot \frac{1}{27} = \boxed{432}\]
Equality holds when $x = 27$.~Shen Kislay Kai","{""bucket"": ""very_hard""}",needs_review,False,,"{""answer_only_scorable"": true, ""benchmark_core"": true, ""counts_toward_headline_score"": true, ""counts_toward_official_topic_score"": true, ""scoring_metric"": ""binary_accuracy"", ""time_limit_minutes"": 30, ""topic_scoring_group"": ""geometry_spatial"", ""track"": ""answer_only_difficulty_selected_core""}"
puzzle-438c7137beb61d599ea0,Puzzle 438c7137beb61d599ea0,2026-01-05,geometry_spatial,algorithms_computation,euclidean_geometry | logical_inference | computational_verification | coordinate_geometry,proof_problem | geometry_problem,"In a non-degenerate Euclidean configuration, perform the following constructions. All intersections and choices are those satisfying the stated incidences; directed angles are taken modulo 180°.
1. Let ABCD be a square in the stated vertex order.
2. Let E be the reflection of A across point B.
3. Let F be the midpoint of segment BA.
4. Line GF is perpendicular to line DF.
5. Point G lies on the internal angle bisector of ∠CBE.
6. Let H be the foot of the perpendicular from G to line AB.
Prove that DF = GF.
Formal statement: `a b c d = isquare a b c d; e = mirror e a b; f = midpoint f b a; g = on_tline g f d f, angle_bisector g c b e; h = foot h g a b ? cong d f g f`",DF = GF,"Machine-verified DDAR proof trace.
Premises used:
Points introduced: A.
Points introduced: B.
Points introduced: C.
[00] AB = BC
[01] AB ⟂ BC
Points introduced: D.
[02] AD ∥ BC
[03] AB ∥ CD
Points introduced: E.
[04] BA = BE
[05] B,E,A are collinear
Points introduced: F.
[06] B,A,F are collinear
Points introduced: G.
[07] FG ⟂ DF
[08] ∠CBG = ∠GBE
Proof steps:
001. BA = BE [04] & AB = BC [00] --deduction--> B is the circumcenter of \Delta CEA [09]
002. BA = BE [04] & AB = BC [00] --deduction--> BC = BE [10]
003. B is the circumcenter of \Delta CEA [09] & B,E,A are collinear [05] --r20--> CE ⟂ AC [11]
004. FG ⟂ DF [07] & CE ⟂ AC [11] --r08--> ∠DFG = ∠ECA [12]
005. BC ∥ AD [02] & AB ∥ CD [03] --deduction--> ∠ADC = ∠CBA [13]
006. CD ∥ AB [03] --deduction--> ∠ACD = ∠CAB [14]
007. ∠ADC = ∠CBA [13] & ∠ACD = ∠CAB [14] --Similar triangles--> BC:BA = DA:DC [15]
008. BC:BA = DA:DC [15] & AB = BC [00] --deduction--> DA = DC [16]
009. AB = BC [00] & DA = DC [16] --r23--> AC ⟂ BD [17]
010. BC = BE [10] & ∠CBG = ∠GBE [08] --SAS--> GC = GE [18]
011. BC = BE [10] & GC = GE [18] --r23--> EC ⟂ BG [19]
012. ∠DFG = ∠ECA [12] & AC ⟂ BD [17] & BG ⟂ CE [19] & CE ⟂ AC [11] --deduction--> ∠DFG = ∠DBG [20]
013. ∠DFG = ∠DBG [20] --r04--> F,B,G,D are concyclic [21]
014. B,E,A are collinear [05] & BA = BE [04] --deduction--> B is midpoint of EA [22]
015. E,B,A are collinear [05] & BC ⟂ AB [01] --deduction--> CB ⟂ EA [23]
016. B is midpoint of EA [22] & CB ⟂ EA [23] --r22--> CE = CA [24]
017. BA = BE [04] & CE = CA [24] --SSS--> ∠BEC = ∠CAB [25]
018. B,A,F are collinear [06] & ∠BEC = ∠CAB [25] & B,E,A are collinear [05] & AC ⟂ BD [17] & BG ⟂ CE [19] & CE ⟂ AC [11] --deduction--> ∠FBG = ∠DBF [26]
019. F,B,G,D are concyclic [21] & ∠FBG = ∠DBF [26] --r05--> FG = DF
Verified conclusion: DF = GF.","{""bucket"": ""hard_candidate""}",machine_verified,False,,"{""answer_only_scorable"": false, ""answer_type"": ""proof_certificate"", ""benchmark_core"": false, ""canonical_reference_field"": ""explanation"", ""counts_toward_headline_score"": false, ""counts_toward_official_topic_score"": false, ""formal_verification_applies_to"": ""formal_statement"", ""reference_proof_type"": ""machine_verified_ddar_trace"", ""scoring_metric"": ""proof_certificate_validity"", ""scoring_requires_proof"": true, ""submission_requirement"": ""A complete proof certificate establishing the stated theorem; repeating answer_only receives no credit."", ""time_limit_minutes"": 60, ""topic_scoring_group"": ""geometry_spatial"", ""track"": ""proof_certificate""}"
puzzle-43cf22ecb72701207e68,AIME_I 2021 #13,2021,geometry_spatial,,spatial_visualization | euclidean_geometry,numeric_answer,"Circles $\omega_1$ and $\omega_2$ with radii $961$ and $625$, respectively, intersect at distinct points $A$ and $B$. A third circle $\omega$ is externally tangent to both $\omega_1$ and $\omega_2$. Suppose line $AB$ intersects $\omega$ at two points $P$ and $Q$ such that the measure of minor arc $\widehat{PQ}$ is $120^{\circ}$. Find the distance between the centers of $\omega_1$ and $\omega_2$.",$672$,"Let $O_i$ and $r_i$ be the center and radius of $\omega_i$, and let $O$ and $r$ be the center and radius of $\omega$.
Since $\overline{AB}$ extends to an arc with arc $120^\circ$, the distance from $O$ to $\overline{AB}$ is $r/2$. Let $X=\overline{AB}\cap \overline{O_1O_2}$. Consider $\triangle OO_1O_2$. The line $\overline{AB}$ is perpendicular to $\overline{O_1O_2}$ and passes through $X$. Let $H$ be the foot from $O$ to $\overline{O_1O_2}$; so $HX=r/2$. We have by tangency $OO_1=r+r_1$ and $OO_2=r+r_2$. Let $O_1O_2=d$.
[asy] unitsize(3cm); pointpen=black; pointfontpen=fontsize(9); pair A=dir(110), B=dir(230), C=dir(310); DPA(A--B--C--A); pair H = foot(A, B, C); draw(A--H); pair X = 0.3*B + 0.7*C; pair Y = A+X-H; draw(X--1.3*Y-0.3*X); draw(A--Y, dotted); pair R1 = 1.3*X-0.3*Y; pair R2 = 0.7*X+0.3*Y; draw(R1--X); D(""O"",A,dir(A)); D(""O_1"",B,dir(B)); D(""O_2"",C,dir(C)); D(""H"",H,dir(270)); D(""X"",X,dir(225)); D(""A"",R1,dir(180)); D(""B"",R2,dir(180)); draw(rightanglemark(Y,X,C,3)); [/asy]
Since $X$ is on the radical axis of $\omega_1$ and $\omega_2$, it has equal power with respect to both circles, so
\[O_1X^2 - r_1^2 = O_2X^2-r_2^2 \implies O_1X-O_2X = \frac{r_1^2-r_2^2}{d}\]since $O_1X+O_2X=d$. Now we can solve for $O_1X$ and $O_2X$, and in particular,
\begin{align*} O_1H &= O_1X - HX = \frac{d+\frac{r_1^2-r_2^2}{d}}{2} - \frac{r}{2} \\ O_2H &= O_2X + HX = \frac{d-\frac{r_1^2-r_2^2}{d}}{2} + \frac{r}{2}. \end{align*}
We want to solve for $d$. By the Pythagorean Theorem (twice):
\begin{align*} &\qquad -OH^2 = O_2H^2 - (r+r_2)^2 = O_1H^2 - (r+r_1)^2 \\ &\implies \left(d+r-\tfrac{r_1^2-r_2^2}{d}\right)^2 - 4(r+r_2)^2 = \left(d-r+\tfrac{r_1^2-r_2^2}{d}\right)^2 - 4(r+r_1)^2 \\ &\implies 2dr - 2(r_1^2-r_2^2)-8rr_2-4r_2^2 = -2dr+2(r_1^2-r_2^2)-8rr_1-4r_1^2 \\ &\implies 4dr = 8rr_2-8rr_1 \\ &\implies d=2r_2-2r_1 \end{align*}
Therefore, $d=2(r_2-r_1) = 2(961-625)=\boxed{672}$.","{""bucket"": ""very_hard""}",needs_review,False,,"{""answer_only_scorable"": true, ""benchmark_core"": true, ""counts_toward_headline_score"": true, ""counts_toward_official_topic_score"": true, ""scoring_metric"": ""binary_accuracy"", ""time_limit_minutes"": 30, ""topic_scoring_group"": ""geometry_spatial"", ""track"": ""answer_only_difficulty_selected_core""}"
puzzle-447f68e4a5229e540833,Puzzle 447f68e4a5229e540833,1983,geometry_spatial,,spatial_visualization | euclidean_geometry,numeric_answer,"The solid shown has a square base of side length $s$. The upper edge is parallel to the base and has length $2s$. All other edges have length $s$. Given that $s=6\sqrt{2}$, what is the volume of the solid? [asy] size(180); import three; pathpen = black+linewidth(0.65); pointpen = black; currentprojection = perspective(30,-20,10); real s = 6 * 2^.5; triple A=(0,0,0),B=(s,0,0),C=(s,s,0),D=(0,s,0),E=(-s/2,s/2,6),F=(3*s/2,s/2,6); draw(A--B--C--D--A--E--D); draw(B--F--C); draw(E--F); label(""A"",A,W); label(""B"",B,S); label(""C"",C,SE); label(""D"",D,NE); label(""E"",E,N); label(""F"",F,N); [/asy]",$288$,"First, we find the height of the solid by dropping a perpendicular from the midpoint of $AD$ to $EF$. The hypotenuse of the triangle formed is the median of equilateral triangle $ADE$, and one of the legs is $3\sqrt{2}$. We apply the Pythagorean Theorem to deduce that the height is $6$.
[asy] size(180); import three; pathpen = black+linewidth(0.65); pointpen = black; pen d = linewidth(0.65); pen l = linewidth(0.5); currentprojection = perspective(30,-20,10); real s = 6 * 2^.5; triple A=(0,0,0),B=(s,0,0),C=(s,s,0),D=(0,s,0),E=(-s/2,s/2,6),F=(3*s/2,s/2,6); triple Aa=(E.x,0,0),Ba=(F.x,0,0),Ca=(F.x,s,0),Da=(E.x,s,0); draw(A--B--C--D--A--E--D); draw(B--F--C); draw(E--F); draw(B--Ba--Ca--C,dashed+d); draw(A--Aa--Da--D,dashed+d); draw(E--(E.x,E.y,0),dashed+l); draw(F--(F.x,F.y,0),dashed+l); draw(Aa--E--Da,dashed+d); draw(Ba--F--Ca,dashed+d); label(""A"",A,S); label(""B"",B,S); label(""C"",C,S); label(""D"",D,NE); label(""E"",E,N); label(""F"",F,N); label(""$12\sqrt{2}$"",(E+F)/2,N); label(""$6\sqrt{2}$"",(A+B)/2,S); label(""6"",(3*s/2,s/2,3),ENE); [/asy]
Next, we complete t he figure into a triangular prism, and find its volume, which is $\frac{6\sqrt{2}\cdot 12\sqrt{2}\cdot 6}{2}=432$.
Now, we subtract off the two extra pyramids that we included, whose combined volume is $2\cdot \left( \frac{6\sqrt{2}\cdot 3\sqrt{2} \cdot 6}{3} \right)=144$.
Thus, our answer is $432-144=\boxed{288}$.","{""bucket"": ""hard_candidate""}",needs_review,False,,"{""answer_only_scorable"": true, ""benchmark_core"": true, ""counts_toward_headline_score"": true, ""counts_toward_official_topic_score"": true, ""scoring_metric"": ""binary_accuracy"", ""time_limit_minutes"": 30, ""topic_scoring_group"": ""geometry_spatial"", ""track"": ""answer_only_difficulty_selected_core""}"
puzzle-487837c6c73905eec3fc,AIME_II 2017 #15,2017,geometry_spatial,,spatial_visualization | euclidean_geometry,numeric_answer,"Tetrahedron $ABCD$ has $AD=BC=28$, $AC=BD=44$, and $AB=CD=52$. For any point $X$ in space, suppose $f(X)=AX+BX+CX+DX$. The least possible value of $f(X)$ can be expressed as $m\sqrt{n}$, where $m$ and $n$ are positive integers, and $n$ is not divisible by the square of any prime. Find $m+n$.",$682$,"Set $a=BC=28$, $b=CA=44$, $c=AB=52$. Let $O$ be the point which minimizes $f(X)$.
$\boxed{\textrm{Claim 1: } O \textrm{ is the gravity center } \ \tfrac {1}{4}(\vec A + \vec B + \vec C + \vec D)}$
$\textrm{Proof:}$ Let $M$ and $N$ denote the midpoints of $AB$ and $CD$. From $\triangle ABD \cong \triangle BAC$ and $\triangle CDA \cong \triangle DCB$, we have $MC=MD$, $NA=NB$ an hence $MN$ is a perpendicular bisector of both segments $AB$ and $CD$. Then if $X$ is any point inside tetrahedron $ABCD$, its orthogonal projection onto line $MN$ will have smaller $f$-value; hence we conclude that $O$ must lie on $MN$. Similarly, $O$ must lie on the line joining the midpoints of $AC$ and $BD$. $\square$
$\boxed{\textrm{Claim 2: The gravity center } O \textrm{ coincides with the circumcenter.} \phantom{\vec A}}$
$\textrm{Proof:}$ Let $G_D$ be the centroid of triangle $ABC$; then $DO = \tfrac 34 DG_D$ (by vectors). If we define $G_A$, $G_B$, $G_C$ similarly, we get $AO = \tfrac 34 AG_A$ and so on. But from symmetry we have $AG_A = BG_B = CG_C = DG_D$, hence $AO = BO = CO = DO$. $\square$
Now we use the fact that an isosceles tetrahedron has circumradius $R = \sqrt{\tfrac18(a^2+b^2+c^2)}$. 
Here $R = \sqrt{678}$ so $f(O) = 4R = 4\sqrt{678}$. Therefore, the answer is $4 + 678 = \boxed{682}$.","{""bucket"": ""very_hard""}",needs_review,False,,"{""answer_only_scorable"": true, ""benchmark_core"": true, ""counts_toward_headline_score"": true, ""counts_toward_official_topic_score"": true, ""scoring_metric"": ""binary_accuracy"", ""time_limit_minutes"": 30, ""topic_scoring_group"": ""geometry_spatial"", ""track"": ""answer_only_difficulty_selected_core""}"
puzzle-48a7363eef627c25308e,AIME_I 2024 #15,2024,geometry_spatial,,spatial_visualization | euclidean_geometry,numeric_answer,"Let $\mathcal{B}$ be the set of rectangular boxes with surface area $54$ and volume $23$. Let $r$ be the radius of the smallest sphere that can contain each of the rectangular boxes that are elements of $\mathcal{B}$. The value of $r^2$ can be written as $\frac{p}{q}$, where $p$ and $q$ are relatively prime positive integers. Find $p+q$.",$721$,"Observe that the ""worst"" possible box is one of the maximum possible length. 
By symmetry, the height and the width are the same in this antioptimal box. (If the height and width weren't the same, the extra difference between them could be used to make the length longer.) Thus, let the width and height be of length $a$ and the length be $L$. 
We're given that the volume is $23$; thus, $a^2L=23$. We're also given that the surface area is $54=2\cdot27$; thus, $a^2+2aL=27$. 
From the first equation, we can get $L=\dfrac{23}{a^2}$. We do a bunch of algebra: 
\begin{align*}
L&=\dfrac{23}{a^2} \\
27&=a^2+2aL \\
&=a^2+2a\left(\dfrac{23}{a^2}\right) \\
&=a^2+\dfrac{46}a \\
27a&=a^3+46 \\
a^3-27a+46&=0. \\
\end{align*}
We can use the Rational Root Theorem and test a few values. It turns out that $a=2$ works. We use synthetic division to divide by $a-2$: 
As we expect, the remainder is $0$, and we are left with the polynomial $x^2+2x-23$. We can now simply use the quadratic formula and find that the remaining roots are $\dfrac{-2\pm\sqrt{4-4(-23)}}2=\dfrac{-2\pm\sqrt{96}}2=\dfrac{-2\pm4\sqrt{6}}2=-1\pm2\sqrt6$. We want the smallest $a$ to maximize $L$, and it turns out that $a=2$ is in fact the smallest root. Thus, we let $a=2$. Substituting this into $L=\dfrac{23}{a^2}$, we find that $L=\dfrac{23}4$. However, this is not our answer! This is simply the length of the box; we want the radius of the sphere enclosing it. We know that the diameter of the sphere is the diagonal of the box, and the 3D Pythagorean Theorem can give us the space diagonal. Applying it, we find that the diagonal has length $\sqrt{2^2+2^2+\left(\dfrac{23}4\right)^2}=\sqrt{8+\dfrac{529}{16}}=\sqrt{\dfrac{128+529}{16}}=\dfrac{\sqrt{657}}4$. This is the diameter; we halve it to find the radius, $\dfrac{\sqrt{657}}8$. We then square this and end up with $\dfrac{657}{64}$, giving us an answer of $657+64=\boxed{721}$.","{""bucket"": ""very_hard""}",needs_review,False,,"{""answer_only_scorable"": true, ""benchmark_core"": true, ""counts_toward_headline_score"": true, ""counts_toward_official_topic_score"": true, ""scoring_metric"": ""binary_accuracy"", ""time_limit_minutes"": 30, ""topic_scoring_group"": ""geometry_spatial"", ""track"": ""answer_only_difficulty_selected_core""}"
puzzle-4a2e85c9319166241ff8,AIME_I 2005 #11,2005,geometry_spatial,,spatial_visualization | euclidean_geometry,numeric_answer,"A semicircle with diameter $d$ is contained in a square whose sides have length 8. Given the maximum value of $d$ is $m - \sqrt{n},$ find $m+n.$",$544$,"We can just look at a quarter circle inscribed in a $45-45-90$ right triangle. We can then extend a radius, $r$ to one of the sides creating an $r,r, r\sqrt{2}$ right triangle. This means that we have $r + r\sqrt{2} = 8\sqrt{2}$ so $r = \frac{8\sqrt{2}}{1+\sqrt{2}} = 16 - 8\sqrt{2}$. Then the diameter is $32 - \sqrt{512}$ giving us $32 + 512 = \boxed{544}$","{""bucket"": ""hard_candidate""}",needs_review,False,,"{""answer_only_scorable"": true, ""benchmark_core"": true, ""counts_toward_headline_score"": true, ""counts_toward_official_topic_score"": true, ""scoring_metric"": ""binary_accuracy"", ""time_limit_minutes"": 30, ""topic_scoring_group"": ""geometry_spatial"", ""track"": ""answer_only_difficulty_selected_core""}"
puzzle-4a4355697ae35001b64d,Front Page,,geometry_spatial,mixed_meta | word_language,spatial_visualization | visual_decoding | external_knowledge_linking | wordplay | lexical_search,multi_part | word_puzzle,"Title: Front Page

A mysterious disappearance of six Hightower Gems has left the police puzzled. Suspicion has shifted from a gardener to Mrs. Hightower herself, and a high-speed chase has only deepened the mystery. Clues from newspaper headlines might reveal the answer.

The complete puzzle statement and its visual/structured clues are in the required question asset(s):
- assets/e08b259dbd33a420f83a3504e14cc7125caad096c58524ace7ffdca079d8d3af.png

Return the short canonical final answer.",JEWEL,"1. Identify the first half of each birth month gem name in the left column and the second half in the right column, denoted by the dash marks which signify an uncompleted word.

2. Draw lines that connect each pair of dashed words to form the gemstones of each birth month in the middle column.
   Reasoning figure: assets/a4249421f0062f9a7dbeff7e3a0d14a72c28d89a586d4ba3d4acfa9aa104989d.png

3. Correctly identify the words that are crossed by intersections of the drawn in lines. These words spell: SHIFT HEADLINE INITIALS BACK TWO

4. Correctly idetify the initials of the articls to be LGYGN: ((L)ost (G)emstones (Y)ield (G)rea (N)uisance

5. The shifted initials spell 'JEWEL', which is the answer.","{""bucket"": ""hard""}",needs_review,True,"[{""bytes"": 864872, ""content_type"": ""image/png"", ""path"": ""assets/e08b259dbd33a420f83a3504e14cc7125caad096c58524ace7ffdca079d8d3af.png"", ""role"": ""question"", ""sha256"": ""e08b259dbd33a420f83a3504e14cc7125caad096c58524ace7ffdca079d8d3af""}, {""bytes"": 469650, ""content_type"": ""image/png"", ""path"": ""assets/a4249421f0062f9a7dbeff7e3a0d14a72c28d89a586d4ba3d4acfa9aa104989d.png"", ""role"": ""explanation"", ""sha256"": ""a4249421f0062f9a7dbeff7e3a0d14a72c28d89a586d4ba3d4acfa9aa104989d""}]","{""answer_only_scorable"": true, ""benchmark_core"": true, ""counts_toward_headline_score"": true, ""counts_toward_official_topic_score"": true, ""scoring_metric"": ""binary_accuracy"", ""time_limit_minutes"": 30, ""topic_scoring_group"": ""geometry_spatial"", ""track"": ""answer_only_upstream_hard_core""}"
puzzle-4cd6cb49924becb00535,Puzzle 4cd6cb49924becb00535,1990,geometry_spatial,,spatial_visualization | euclidean_geometry,numeric_answer,"The rectangle $ABCD^{}_{}$ below has dimensions $AB^{}_{} = 12 \sqrt{3}$ and $BC^{}_{} = 13 \sqrt{3}$. Diagonals $\overline{AC}$ and $\overline{BD}$ intersect at $P^{}_{}$. If triangle $ABP^{}_{}$ is cut out and removed, edges $\overline{AP}$ and $\overline{BP}$ are joined, and the figure is then creased along segments $\overline{CP}$ and $\overline{DP}$, we obtain a triangular pyramid, all four of whose faces are isosceles triangles. Find the volume of this pyramid. [asy] pair D=origin, A=(13,0), B=(13,12), C=(0,12), P=(6.5, 6); draw(B--C--P--D--C^^D--A); filldraw(A--P--B--cycle, gray, black); label(""$A$"", A, SE); label(""$B$"", B, NE); label(""$C$"", C, NW); label(""$D$"", D, SW); label(""$P$"", P, N); label(""$13\sqrt{3}$"", A--D, S); label(""$12\sqrt{3}$"", A--B, E);[/asy]",$594$,"[asy] import three; pointpen = black; pathpen = black+linewidth(0.7); pen small = fontsize(9); currentprojection = perspective(20,-20,12); triple O=(0,0,0); triple A=(0, 399^(0.5), 0); triple D=(108^(0.5), 0, 0); triple C=(-108^(0.5), 0, 0); triple Pa; pair Ci=circumcenter((A.x,A.y),(C.x,C.y),(D.x,D.y)); triple P=(Ci.x, Ci.y, (99/133)^.5); Pa=(P.x,P.y,0); draw(P--Pa--A); draw(C--Pa--D); draw((C+D)/2--A--C--D--P--C--P--A--D); label(""A"", A, NE); label(""P"", P, N); label(""C"", C); label(""D"", D, S); label(""$13\sqrt{3}$"", (A+D)/2, E, small); label(""$13\sqrt{3}$"", (A+C)/2, N, small); label(""$12\sqrt{3}$"", (C+D)/2, SW, small); [/asy]
Our triangular pyramid has base $12\sqrt{3} - 13\sqrt{3} - 13\sqrt{3} \triangle$. The area of this isosceles triangle is easy to find by $[ACD] = \frac{1}{2}bh$, where we can find $h_{ACD}$ to be $\sqrt{399}$ by the Pythagorean Theorem. Thus $A = \frac 12(12\sqrt{3})\sqrt{399} = 18\sqrt{133}$.
[asy] size(280); import three; pointpen = black; pathpen = black+linewidth(0.7); pen small = fontsize(9); real h=169/2*(3/133)^.5; currentprojection = perspective(20,-20,12); triple O=(0,0,0); triple A=(0,399^.5,0); triple D=(108^.5,0,0); triple C=(-108^.5,0,0); pair Ci=circumcenter((A.x,A.y),(C.x,C.y),(D.x,D.y)); triple P=(Ci.x, Ci.y, 99/133^.5); triple Pa=(P.x,P.y,0); draw(A--C--D--P--C--P--A--D); draw(P--Pa--A); draw(C--Pa--D); draw(circle(Pa, h)); label(""A"", A, NE); label(""C"", C, NW); label(""D"", D, S); label(""P"",P , N); label(""P$'$"", Pa, SW); label(""$13\sqrt{3}$"", (A+D)/2, E, small); label(""$13\sqrt{3}$"", (A+C)/2, NW, small); label(""$12\sqrt{3}$"", (C+D)/2, SW, small); label(""h"", (P + Pa)/2, W); label(""$\frac{\sqrt{939}}{2}$"", (C+P)/2 ,NW); [/asy] 
To find the volume, we want to use the equation $\frac 13Bh = 6\sqrt{133}h$, so we need to find the height of the tetrahedron. By the Pythagorean Theorem, $AP = CP = DP = \frac{\sqrt{939}}{2}$. If we let $P$ be the center of a sphere with radius $\frac{\sqrt{939}}{2}$, then $A,C,D$ lie on the sphere. The cross section of the sphere that contains $A,C,D$ is a circle, and the center of that circle is the foot of the perpendicular from the center of the sphere. Hence the foot of the height we want to find occurs at the circumcenter of $\triangle ACD$. 
From here we just need to perform some brutish calculations. Using the formula $A = 18\sqrt{133} = \frac{abc}{4R}$ (where $R$ is the circumradius), we find $R = \frac{12\sqrt{3} \cdot (13\sqrt{3})^2}{4\cdot 18\sqrt{133}} = \frac{13^2\sqrt{3}}{2\sqrt{133}}$ (there are slightly simpler ways to calculate $R$ since we have an isosceles triangle). By the Pythagorean Theorem, 
\begin{align*}h^2 &= PA^2 - R^2 \\ &= \left(\frac{\sqrt{939}}{2}\right)^2 - \left(\frac{13^2\sqrt{3}}{2\sqrt{133}}\right)^2\\ &= \frac{939 \cdot 133 - 13^4 \cdot 3}{4 \cdot 133} = \frac{13068 \cdot 3}{4 \cdot 133} = \frac{99^2}{133}\\ h &= \frac{99}{\sqrt{133}} \end{align*}
Finally, we substitute $h$ into the volume equation to find $V = 6\sqrt{133}\left(\frac{99}{\sqrt{133}}\right) = \boxed{594}$.","{""bucket"": ""very_hard""}",needs_review,False,,"{""answer_only_scorable"": true, ""benchmark_core"": true, ""counts_toward_headline_score"": true, ""counts_toward_official_topic_score"": true, ""scoring_metric"": ""binary_accuracy"", ""time_limit_minutes"": 30, ""topic_scoring_group"": ""geometry_spatial"", ""track"": ""answer_only_difficulty_selected_core""}"
puzzle-4cd7ff2b3b1dfb606e69,AIME_II 2017 #10,2017,geometry_spatial,,spatial_visualization | euclidean_geometry,numeric_answer,"Rectangle $ABCD$ has side lengths $AB=84$ and $AD=42$. Point $M$ is the midpoint of $\overline{AD}$, point $N$ is the trisection point of $\overline{AB}$ closer to $A$, and point $O$ is the intersection of $\overline{CM}$ and $\overline{DN}$. Point $P$ lies on the quadrilateral $BCON$, and $\overline{BP}$ bisects the area of $BCON$. Find the area of $\triangle CDP$.",$546$,"[asy] pair A,B,C,D,M,n,O,P; A=(0,42);B=(84,42);C=(84,0);D=(0,0);M=(0,21);n=(28,42);O=(12,18);P=(32,13); fill(C--D--P--cycle,blue); draw(A--B--C--D--cycle); draw(C--M); draw(D--n); draw(B--P); draw(D--P); label(""$A$"",A,NW); label(""$B$"",B,NE); label(""$C$"",C,SE); label(""$D$"",D,SW); label(""$M$"",M,W); label(""$N$"",n,N); label(""$O$"",O,(-0.5,1)); label(""$P$"",P,N); dot(A); dot(B); dot(C); dot(D); dot(M); dot(n); dot(O); dot(P); label(""28"",(0,42)--(28,42),N); label(""56"",(28,42)--(84,42),N); [/asy]
Impose a coordinate system on the diagram where point $D$ is the origin. Therefore $A=(0,42)$, $B=(84,42)$, $C=(84,0)$, and $D=(0,0)$. Because $M$ is a midpoint and $N$ is a trisection point, $M=(0,21)$ and $N=(28,42)$. The equation for line $DN$ is $y=\frac{3}{2}x$ and the equation for line $CM$ is $\frac{1}{84}x+\frac{1}{21}y=1$, so their intersection, point $O$, is $(12,18)$. Using the shoelace formula on quadrilateral $BCON$, or drawing diagonal $\overline{BO}$ and using $\frac12bh$, we find that its area is $2184$. Therefore the area of triangle $BCP$ is $\frac{2184}{2} = 1092$. Using $A = \frac 12 bh$, we get $2184 = 42h$. Simplifying, we get $h = 52$. This means that the x-coordinate of $P = 84 - 52 = 32$. Since P lies on $\frac{1}{84}x+\frac{1}{21}y=1$, you can solve and get that the y-coordinate of $P$ is $13$. Therefore the area of $CDP$ is $\frac{1}{2} \cdot 13 \cdot 84=\boxed{546}$.","{""bucket"": ""hard_candidate""}",needs_review,False,,"{""answer_only_scorable"": true, ""benchmark_core"": true, ""counts_toward_headline_score"": true, ""counts_toward_official_topic_score"": true, ""scoring_metric"": ""binary_accuracy"", ""time_limit_minutes"": 30, ""topic_scoring_group"": ""geometry_spatial"", ""track"": ""answer_only_difficulty_selected_core""}"
puzzle-4ce5e31cd38f44ce2450,Poker Night,,geometry_spatial,logic_constraints | mixed_meta,spatial_visualization | visual_decoding | logical_inference | constraint_propagation | external_knowledge_linking,image_puzzle | multi_part | logic_grid,"Title: Poker Night

Last night, the poker game ended with an epic fourplayer showdown. Each player laid down on the table his five card hand, each one better than the previous. Cut out the cards below and reconstruct the player’s hands. Note: All hands are 2-pair or better and no two hands have the same strength.

The complete puzzle statement and its visual/structured clues are in the required question asset(s):
- assets/c461ef1f9cd7cf63b9d0ec0a3a17e678ead3a69a75fefac229f1d15bca96945b.png

Return the short canonical final answer.",QUEEN OF HEARTS,"1. Determine that the 4 pokers hands, from weakest to strongest, are Kings and 4s, 6-10 straight, Heart flush, and 4 Queens.

2. Arrange the hands in 4 rows in descending order of strength, and put each hand in descending rank order and reversible alphabetical order of suits.
   Reasoning figure: assets/9c1025b35c6d1ed6f04b48635c775d16e10425f5d833668f20ab7a3399b41fe8.png

3. Observe that it spells the answer QUEEN OF HEARTS in between the cards.","{""bucket"": ""hard""}",needs_review,True,"[{""bytes"": 167751, ""content_type"": ""image/png"", ""path"": ""assets/c461ef1f9cd7cf63b9d0ec0a3a17e678ead3a69a75fefac229f1d15bca96945b.png"", ""role"": ""question"", ""sha256"": ""c461ef1f9cd7cf63b9d0ec0a3a17e678ead3a69a75fefac229f1d15bca96945b""}, {""bytes"": 146186, ""content_type"": ""image/png"", ""path"": ""assets/9c1025b35c6d1ed6f04b48635c775d16e10425f5d833668f20ab7a3399b41fe8.png"", ""role"": ""explanation"", ""sha256"": ""9c1025b35c6d1ed6f04b48635c775d16e10425f5d833668f20ab7a3399b41fe8""}]","{""answer_only_scorable"": true, ""benchmark_core"": true, ""counts_toward_headline_score"": true, ""counts_toward_official_topic_score"": true, ""scoring_metric"": ""binary_accuracy"", ""time_limit_minutes"": 30, ""topic_scoring_group"": ""geometry_spatial"", ""track"": ""answer_only_upstream_hard_core""}"
puzzle-4df25897f9254516d212,Puzzle 4df25897f9254516d212,2026-01-05,geometry_spatial,algorithms_computation,euclidean_geometry | logical_inference | computational_verification | coordinate_geometry,proof_problem | geometry_problem,"In a non-degenerate Euclidean configuration, perform the following constructions. All intersections and choices are those satisfying the stated incidences; directed angles are taken modulo 180°.
1. Let C, D, A be the vertices of a non-degenerate triangle.
2. Line BC is parallel to line DA.
3. Line BA is parallel to line DC.
4. Point E lies on line CD.
5. Point F lies on line AB.
6. Line FC is parallel to line AE.
7. Point G lies on line BE.
8. Point G lies on line CF.
9. Point H lies on line DF.
10. Point H lies on line AE.
Prove that GE = FH.
Formal statement: `c d a = triangle c d a; b = on_pline b c d a, on_pline b a d c; e = on_line e c d; f = on_line f a b, on_pline f c a e; g = on_line g b e, on_line g c f; h = on_line h d f, on_line h a e ? cong g e f h`",GE = FH,"Machine-verified DDAR proof trace.
Premises used:
Points introduced: C.
Points introduced: D.
Points introduced: A.
Points introduced: B.
[00] BA ∥ DC
[01] BC ∥ DA
Points introduced: E.
[02] C,E,D are collinear
Points introduced: F.
[03] FC ∥ AE
[04] B,A,F are collinear
Points introduced: G.
[05] C,G,F are collinear
[06] G,B,E are collinear
Points introduced: H.
[07] E,A,H are collinear
[08] F,D,H are collinear
Proof steps:
001. C,E,D are collinear [02] & C,G,F are collinear [05] & CD ∥ AB [00] & CF ∥ AE [03] --deduction--> ∠ECG = ∠BAE [09]
002. E,G,B are collinear [06] & C,G,F are collinear [05] & CF ∥ AE [03] --deduction--> ∠EGC = ∠BEA [10]
003. ∠ECG = ∠BAE [09] & ∠EGC = ∠BEA [10] --Similar triangles--> CE:CG = AB:AE [11]
004. F,B,A are collinear [04] & H,E,A are collinear [07] & CD ∥ AB [00] & CF ∥ AE [03] --deduction--> ∠DCF = ∠FAH [12]
005. H,F,D are collinear [08] & H,E,A are collinear [07] & CF ∥ AE [03] --deduction--> ∠DFC = ∠FHA [13]
006. ∠DCF = ∠FAH [12] & ∠DFC = ∠FHA [13] --Similar triangles--> CD:CF = AF:AH [14]
007. BC ∥ AD [01] & AB ∥ CD [00] --deduction--> ∠CBA = ∠ADC [15]
008. AB ∥ CD [00] --deduction--> ∠CAB = ∠ACD [16]
009. ∠CBA = ∠ADC [15] & ∠CAB = ∠ACD [16] --Similar triangles--> AB = CD [17]
010. F,B,A are collinear [04] & E,C,D are collinear [02] & AB ∥ CD [00] & CF ∥ AE [03] --deduction--> ∠AFC = ∠CEA [18]
011. CF ∥ AE [03] --deduction--> ∠ACF = ∠CAE [19]
012. ∠AFC = ∠CEA [18] & ∠ACF = ∠CAE [19] --Similar triangles--> CF = AE [20]
013. ∠AFC = ∠CEA [18] & ∠ACF = ∠CAE [19] --Similar triangles--> AF = CE [21]
014. CG:CE = EA:BA [11] & CD:CF = AF:AH [14] & AB = CD [17] & CF = AE [20] --deduction--> AH:AF = CG:CE [22]
015. H,E,A are collinear [07] & F,B,A are collinear [04] & C,G,F are collinear [05] & C,E,D are collinear [02] & AE ∥ CF [03] & AB ∥ CD [00] --deduction--> ∠HAF = ∠GCE [23]
016. AH:AF = CG:CE [22] & ∠HAF = ∠GCE [23] --Similar triangles--> FA:EC = FH:EG [24]
017. FA:EC = FH:EG [24] & AF = CE [21] --deduction--> FH = EG
Verified conclusion: GE = FH.","{""bucket"": ""hard_candidate""}",machine_verified,False,,"{""answer_only_scorable"": false, ""answer_type"": ""proof_certificate"", ""benchmark_core"": false, ""canonical_reference_field"": ""explanation"", ""counts_toward_headline_score"": false, ""counts_toward_official_topic_score"": false, ""formal_verification_applies_to"": ""formal_statement"", ""reference_proof_type"": ""machine_verified_ddar_trace"", ""scoring_metric"": ""proof_certificate_validity"", ""scoring_requires_proof"": true, ""submission_requirement"": ""A complete proof certificate establishing the stated theorem; repeating answer_only receives no credit."", ""time_limit_minutes"": 60, ""topic_scoring_group"": ""geometry_spatial"", ""track"": ""proof_certificate""}"
puzzle-4f81e8144cab5dc387fa,AIME_II 2006 #15,2006,geometry_spatial,,spatial_visualization | euclidean_geometry,numeric_answer,"Given that $x, y,$ and $z$ are real numbers that satisfy: \begin{align*} x &= \sqrt{y^2-\frac{1}{16}}+\sqrt{z^2-\frac{1}{16}}, \\ y &= \sqrt{z^2-\frac{1}{25}}+\sqrt{x^2-\frac{1}{25}}, \\ z &= \sqrt{x^2 - \frac 1{36}}+\sqrt{y^2-\frac 1{36}}, \end{align*} and that $x+y+z = \frac{m}{\sqrt{n}},$ where $m$ and $n$ are positive integers and $n$ is not divisible by the square of any prime, find $m+n.$",$9$,"Let $\triangle XYZ$ be a triangle with sides of length $x, y$ and $z$, and suppose this triangle is acute (so all altitudes are in the interior of the triangle).
Let the altitude to the side of length $x$ be of length $h_x$, and similarly for $y$ and $z$. Then we have by two applications of the Pythagorean Theorem we that \[x = \sqrt{y^2 - h_x^2} + \sqrt{z^2 - h_x^2}\] 
As a function of $h_x$, the RHS of this equation is strictly decreasing, so it takes each value in its range exactly once. Thus we must have that $h_x^2 = \frac1{16}$ and so $h_x = \frac{1}4$ and similarly $h_y = \frac15$ and $h_z = \frac16$.
The area of the triangle must be the same no matter how we measure it; therefore $x\cdot h_x = y\cdot h_y = z \cdot h_z$ gives us $\frac x4 = \frac y5 = \frac z6 = 2A$ and $x = 8A, y = 10A$ and $z = 12A$. 
The semiperimeter of the triangle is $s = \frac{8A + 10A + 12A}{2} = 15A$ so by Heron's formula we have \[A = \sqrt{15A \cdot 7A \cdot 5A \cdot 3A} = 15A^2\sqrt{7}\] 
Thus, $A = \frac{1}{15\sqrt{7}}$ and $x + y + z = 30A = \frac2{\sqrt{7}}$ and the answer is $2 + 7 = \boxed{9}$.
The justification that there is an acute triangle with sides of length $x, y$ and $z$:
Note that $x, y$ and $z$ are each the sum of two positive square roots of real numbers, so $x, y, z \geq 0$. (Recall that, by the collection convention, all numbers (including square roots) are taken to be real unless otherwise indicated.) 
Also, $\sqrt{y^2-\frac{1}{16}} < \sqrt{y^2} = y$, so we have $x < y + z$, $y < z + x$ and $z < x + y$. But these conditions are exactly those of the triangle inequality, so there does exist such a triangle.","{""bucket"": ""very_hard""}",needs_review,False,,"{""answer_only_scorable"": true, ""benchmark_core"": true, ""counts_toward_headline_score"": true, ""counts_toward_official_topic_score"": true, ""scoring_metric"": ""binary_accuracy"", ""time_limit_minutes"": 30, ""topic_scoring_group"": ""geometry_spatial"", ""track"": ""answer_only_difficulty_selected_core""}"
puzzle-516a788607b82368c376,Gluttony,,geometry_spatial,mixed_meta,spatial_visualization | visual_decoding | external_knowledge_linking,image_puzzle,"Title: Gluttony

I'm a foodie. I understand the difference between the various cuts of meat and can fold leftovers together into a whole new meal. I recently took an amazing trip around the world. In each country, I saw the most famous sight and sampled the cuisine. My lifestyle has only one problem…

The complete puzzle statement and its visual/structured clues are in the required question asset(s):
- assets/7b42d371be2caf495f99b5f6d0884b8031e66e99a7cf1af06e26df56f09a1814.png

Return the short canonical final answer.",OVERWEIGHT,"1. Cut out the two horizontal rectange strips.

2. Associate the towers with words based on the language of origin / cuisine.
   Reasoning figure: assets/8ece8744ca2281133b5767dedc582c3cba733642127b010739867a76daf51143.png

3. Pick one tower and align the tower symbols on the two stripes.

4. Fold along the associated food edges to get a 2D letter.

5. Repeat for each of the 6 towers.

6. Sorting these letters in order of the dots below each tower spells OVERW8, which becomes OVERWEIGHT by the theme of the puzzle.
   Reasoning figure: assets/25beaea25110f5a82502e45746d8168b3410f00f2196685af0e7f97c95676867.png","{""bucket"": ""hard""}",needs_review,True,"[{""bytes"": 612137, ""content_type"": ""image/png"", ""path"": ""assets/7b42d371be2caf495f99b5f6d0884b8031e66e99a7cf1af06e26df56f09a1814.png"", ""role"": ""question"", ""sha256"": ""7b42d371be2caf495f99b5f6d0884b8031e66e99a7cf1af06e26df56f09a1814""}, {""bytes"": 71387, ""content_type"": ""image/png"", ""path"": ""assets/8ece8744ca2281133b5767dedc582c3cba733642127b010739867a76daf51143.png"", ""role"": ""explanation"", ""sha256"": ""8ece8744ca2281133b5767dedc582c3cba733642127b010739867a76daf51143""}, {""bytes"": 579651, ""content_type"": ""image/png"", ""path"": ""assets/25beaea25110f5a82502e45746d8168b3410f00f2196685af0e7f97c95676867.png"", ""role"": ""explanation"", ""sha256"": ""25beaea25110f5a82502e45746d8168b3410f00f2196685af0e7f97c95676867""}]","{""answer_only_scorable"": true, ""benchmark_core"": true, ""counts_toward_headline_score"": true, ""counts_toward_official_topic_score"": true, ""scoring_metric"": ""binary_accuracy"", ""time_limit_minutes"": 30, ""topic_scoring_group"": ""geometry_spatial"", ""track"": ""answer_only_upstream_hard_core""}"
puzzle-5214892f9938d69484cc,AIME_I 2000 #13,2000,geometry_spatial,,spatial_visualization | euclidean_geometry,numeric_answer,"In the middle of a vast prairie, a firetruck is stationed at the intersection of two perpendicular straight highways. The truck travels at $50$ miles per hour along the highways and at $14$ miles per hour across the prairie. Consider the set of points that can be reached by the firetruck within six minutes. The area of this region is $m/n$ square miles, where $m$ and $n$ are relatively prime positive integers. Find $m + n$.",$731$,"Let the intersection of the highways be at the origin $O$, and let the highways be the x and y axes. We consider the case where the truck moves in the positive x direction. 
After going $x$ miles, $t=\frac{d}{r}=\frac{x}{50}$ hours has passed. If the truck leaves the highway it can travel for at most $t=\frac{1}{10}-\frac{x}{50}$ hours, or $d=rt=14t=1.4-\frac{7x}{25}$ miles. It can end up anywhere off the highway in a circle with this radius centered at $(x,0)$. All these circles are homothetic with respect to a center at $(5,0)$. 
[asy] pair truck(pair P){ pair Q = IP(P--P+(7/10,24/10),(35/31,35/31)--(5,0)); D(P--Q,EndArrow(5)); D(CP(P,Q),linewidth(0.5)); return Q; } pointpen = black; pathpen = black+linewidth(0.7); size(250); pair B=(5,0), C=(35/31,35/31); D(D(B)--D(C)--D(B*dir(90))--D(C*dir(90))--D(B*dir(180))--D(C*dir(180))--D(B*dir(270))--D(C*dir(270))--cycle); D((-6,0)--(6,0),Arrows(4)); D((0,-6)--(0,6),Arrows(4)); truck((1,0)); truck((2,0)); truck((3,0)); truck((4,0)); [/asy] [asy] pointpen = black; pathpen = black+linewidth(0.7); size(250); pair O=(0,0), B=(5,0), A=1.4*expi(atan(24/7)), C=1.4*expi(atan(7/24)); D(D(B)--D(A)--D(O)); D(O--D(C)--D(B*dir(90))--D(A*dir(90))--O--D(C*dir(90))--D(B*dir(180))--D(A*dir(180))--O--D(C*dir(180))--D(B*dir(270))--D(A*dir(270))--O--D(C*dir(270))--B,linewidth(0.5)); D(CR(O,1.4)); D((-6,0)--(6,0),Arrows(4)); D((0,-6)--(0,6),Arrows(4)); MP(""A"",A,N); MP(""B"",B); MP(""(5,0)"",B,N); D(MP(""\left(\frac{35}{31},\frac{35}{31}\right)"",(35/31,35/31),NE)); D(rightanglemark(O,A,B)); [/asy]
Now consider the circle at $(0,0)$. Draw a line tangent to it at $A$ and passing through $B (5,0)$. By the Pythagorean Theorem $AB^2+AO^2=OB^2 \Longrightarrow AB=\sqrt{OB^2-AO^2}=\sqrt{5^2-1.4^2}=\frac{24}{5}$. Then $\tan(\angle ABO)=\frac{OA}{AB}=\frac{7}{24}$, so the slope of line $AB$ is $\frac{-7}{24}$. Since it passes through $(5,0)$ its equation is $y=\frac{-7}{24}(x-5)$. 
This line and the x and y axis bound the region the truck can go if it moves in the positive x direction. Similarly, the line $y=5-\frac{24}{7}x$ bounds the region the truck can go if it moves in positive y direction. The intersection of these two lines is $\left(\frac{35}{31},\frac{35}{31}\right)$. The bounded region in Quadrant I is made up of a square and two triangles. $A=x^2+x(5-x)=5x$. By symmetry, the regions in the other quadrants are the same, so the area of the whole region is $20x=\frac{700}{31}$ so the answer is $700+31=\boxed{731}$.","{""bucket"": ""very_hard""}",needs_review,False,,"{""answer_only_scorable"": true, ""benchmark_core"": true, ""counts_toward_headline_score"": true, ""counts_toward_official_topic_score"": true, ""scoring_metric"": ""binary_accuracy"", ""time_limit_minutes"": 30, ""topic_scoring_group"": ""geometry_spatial"", ""track"": ""answer_only_difficulty_selected_core""}"
puzzle-522ab7c857d0f7610cb2,Puzzle 522ab7c857d0f7610cb2,2026-01-05,geometry_spatial,algorithms_computation,euclidean_geometry | logical_inference | computational_verification | coordinate_geometry,proof_problem | geometry_problem,"In a non-degenerate Euclidean configuration, perform the following constructions. All intersections and choices are those satisfying the stated incidences; directed angles are taken modulo 180°.
1. Let A, B, C be the vertices of a non-degenerate triangle.
2. Let BAED be a square in the stated vertex order.
3. Let ACFG be a square in the stated vertex order.
4. Point H lies on line BE.
5. Point H lies on line AD.
6. Line IE is parallel to line AG.
7. Line IG is parallel to line AE.
Prove that CH is perpendicular to HI.
Formal statement: `a b c = triangle a b c; e d = square b a e d; f g = square a c f g; h = on_line h b e, on_line h a d; i = on_pline i e a g, on_pline i g a e ? perp c h h i`",CH is perpendicular to HI,"Machine-verified DDAR proof trace.
Premises used:
Points introduced: A.
Points introduced: B.
Points introduced: C.
Points introduced: E.
[00] AB ⟂ AE
[01] BA = AE
Points introduced: D.
[02] BA ∥ ED
[03] BD ∥ AE
Points introduced: F.
[04] AC = CF
[05] AC ⟂ CF
Points introduced: G.
[06] AG ∥ CF
[07] AC ∥ FG
Points introduced: H.
[08] B,E,H are collinear
[09] H,A,D are collinear
Points introduced: I.
[10] IE ∥ AG
[11] IG ∥ AE
Proof steps:
001. AB ∥ DE [02] & B,E,H are collinear [08] & H,A,D are collinear [09] --r07--> EB:DA = EH:DH [12]
002. AB ⟂ AE [00] & AB ∥ DE [02] & AE ∥ BD [03] --deduction--> ∠EAB = ∠EDB [13]
003. ∠EAB = ∠EDB [13] --r04--> B,E,A,D are concyclic [14]
004. AE ∥ BD [03] --deduction--> ∠BAE = ∠ABD [15]
005. B,E,A,D are concyclic [14] & ∠BAE = ∠ABD [15] --r05--> BE = AD [16]
006. EB:DA = EH:DH [12] & BE = AD [16] --deduction--> EH = DH [17]
007. AE ∥ BD [03] & AB ∥ DE [02] --deduction--> ∠EAB = ∠BDE [18]
008. AB ∥ DE [02] --deduction--> ∠EBA = ∠BED [19]
009. ∠EAB = ∠BDE [18] & ∠EBA = ∠BED [19] --Similar triangles--> BA = ED [20]
010. ∠EAB = ∠BDE [18] & ∠EBA = ∠BED [19] --Similar triangles--> AE:AB = DB:DE [21]
011. ∠EAB = ∠BDE [18] & ∠EBA = ∠BED [19] --Similar triangles--> EA = BD [22]
012. BA = ED [20] & BA = AE [01] --deduction--> EA = ED [23]
013. CF ∥ AG [06] & AC ∥ FG [07] --deduction--> ∠AGF = ∠FCA [24]
014. FG ∥ AC [07] --deduction--> ∠AFG = ∠FAC [25]
015. ∠AGF = ∠FCA [24] & ∠AFG = ∠FAC [25] --Similar triangles--> FG = AC [26]
016. FG = AC [26] & AC = CF [04] --deduction--> FC = FG [27]
017. AC = CF [04] --r13--> ∠CAF = ∠AFC [28]
018. ∠CAF = ∠AFC [28] & EI ∥ AG [10] & AG ∥ CF [06] & AC ∥ FG [07] --deduction--> ∠CFA = ∠AFG [29]
019. FC = FG [27] & ∠CFA = ∠AFG [29] --SAS--> AC = AG [30]
020. EI ∥ AG [10] & AE ∥ GI [11] --deduction--> ∠GAE = ∠EIG [31]
021. AE ∥ GI [11] --deduction--> ∠GEA = ∠EGI [32]
022. ∠GAE = ∠EIG [31] & ∠GEA = ∠EGI [32] --Similar triangles--> GA = EI [33]
023. AC = AG [30] & GA = EI [33] --deduction--> EI = AC [34]
024. AC ⟂ CF [05] & EI ∥ AG [10] & AG ∥ CF [06] & AC ∥ FG [07] --deduction--> EI ⟂ FG [35]
025. AB ⟂ AE [00] & AB ∥ DE [02] --deduction--> EA ⟂ ED [36]
026. EI ⟂ FG [35] & EA ⟂ ED [36] --r08--> ∠IED = ∠(FG-AE) [37]
027. EI ⟂ FG [35] & EA ⟂ ED [36] --r08--> ∠(EI-FG) = ∠AED [38]
028. EI ⟂ FG [35] & EA ⟂ ED [36] --r08--> ∠(EI-FG) = ∠DEA [39]
029. ∠IED = ∠(FG-AE) [37] & AB ∥ DE [02] & AC ∥ FG [07] --deduction--> ∠DEI = ∠EAC [40]
030. EA = ED [23] & EI = AC [34] & ∠DEI = ∠EAC [40] --SAS--> ID = CE [41]
031. AE:AB = DB:DE [21] & BA = AE [01] --deduction--> DB = DE [42]
032. BA = AE [01] & DB = DE [42] --r23--> BE ⟂ AD [43]
033. H,A,D are collinear [09] & AD ⟂ BE [43] --deduction--> HA ⟂ BE [44]
034. ∠IED = ∠(FG-AE) [37] & AB ∥ DE [02] & AC ∥ FG [07] & EI ∥ AG [10] --deduction--> ∠BAG = ∠EAC [45]
035. BA = AE [01] & AC = AG [30] & ∠BAG = ∠EAC [45] --SAS--> ∠(BG-CE) = ∠GAC [46]
036. BA = AE [01] & AC = AG [30] & ∠BAG = ∠EAC [45] --SAS--> ∠BAE = ∠(BG-CE) [47]
037. ∠(EI-FG) = ∠AED [38] & AG ∥ CF [06] & EI ∥ AG [10] & AC ∥ FG [07] & AB ∥ DE [02] --deduction--> ∠ACF = ∠BAE [48]
038. ∠(BG-CE) = ∠GAC [46] & AG ∥ CF [06] & EI ∥ AG [10] & ∠ACF = ∠BAE [48] & ∠BAE = ∠(BG-CE) [47] --deduction--> BG ⟂ CE [49]
039. HA ⟂ BE [44] & BG ⟂ CE [49] --r08--> ∠(HA-BG) = ∠BEC [50]
040. AB ∥ DE [02] & EI ∥ AG [10] --deduction--> ∠DEI = ∠BAG [51]
041. BA = ED [20] & GA = EI [33] & ∠DEI = ∠BAG [51] --SAS--> ∠(DE-AB) = ∠(DI-BG) [52]
042. E,B,H are collinear [08] & H,A,D are collinear [09] & ∠(HA-BG) = ∠BEC [50] & ∠(DE-AB) = ∠(DI-BG) [52] & AB ∥ DE [02] --deduction--> ∠HEC = ∠HDI [53]
043. EH = DH [17] & ID = CE [41] & ∠HEC = ∠HDI [53] --SAS--> ∠EHC = ∠DHI [54]
044. BD ∥ AE [03] & B,E,H are collinear [08] & H,A,D are collinear [09] --r07--> EB:AD = EH:AH [55]
045. EB:AD = EH:AH [55] & BE = AD [16] --deduction--> EH = AH [56]
046. EA = BD [22] & BA = AE [01] & CA = CF [04] --deduction--> BA:BD = CA:CF [57]
047. ∠(EI-FG) = ∠DEA [39] & AG ∥ CF [06] & EI ∥ AG [10] & AC ∥ FG [07] & AB ∥ DE [02] & AE ∥ BD [03] --deduction--> ∠ABD = ∠FCA [58]
048. BA:BD = CA:CF [57] & ∠ABD = ∠FCA [58] --Similar triangles--> ∠BAF = ∠DAC [59]
049. AB = AE [01] & CF = CA [04] --deduction--> AB:AE = CF:CA [60]
050. AB:AE = CF:CA [60] & ∠BAE = ∠ACF [48] --Similar triangles--> ∠BAF = ∠(BE-CF) [61]
051. E,B,H are collinear [08] & H,A,D are collinear [09] & ∠BAF = ∠DAC [59] & ∠BAF = ∠(BE-CF) [61] & EI ∥ AG [10] & AG ∥ CF [06] --deduction--> ∠HEI = ∠HAC [62]
052. EH = AH [56] & EI = AC [34] & ∠HEI = ∠HAC [62] --SAS--> ∠EHI = ∠AHC [63]
053. ∠EHC = ∠DHI [54] & B,E,H are collinear [08] & H,A,D are collinear [09] & ∠EHI = ∠AHC [63] --deduction--> CH ⟂ HI
Verified conclusion: CH is perpendicular to HI.","{""bucket"": ""hard_candidate""}",machine_verified,False,,"{""answer_only_scorable"": false, ""answer_type"": ""proof_certificate"", ""benchmark_core"": false, ""canonical_reference_field"": ""explanation"", ""counts_toward_headline_score"": false, ""counts_toward_official_topic_score"": false, ""formal_verification_applies_to"": ""formal_statement"", ""reference_proof_type"": ""machine_verified_ddar_trace"", ""scoring_metric"": ""proof_certificate_validity"", ""scoring_requires_proof"": true, ""submission_requirement"": ""A complete proof certificate establishing the stated theorem; repeating answer_only receives no credit."", ""time_limit_minutes"": 60, ""topic_scoring_group"": ""geometry_spatial"", ""track"": ""proof_certificate""}"
puzzle-53e3eb9fc02fe1bf5288,AIME_II 2009 #10,2009,geometry_spatial,,spatial_visualization | euclidean_geometry,numeric_answer,"Four lighthouses are located at points $A$, $B$, $C$, and $D$. The lighthouse at $A$ is $5$ kilometers from the lighthouse at $B$, the lighthouse at $B$ is $12$ kilometers from the lighthouse at $C$, and the lighthouse at $A$ is $13$ kilometers from the lighthouse at $C$. To an observer at $A$, the angle determined by the lights at $B$ and $D$ and the angle determined by the lights at $C$ and $D$ are equal. To an observer at $C$, the angle determined by the lights at $A$ and $B$ and the angle determined by the lights at $D$ and $B$ are equal. The number of kilometers from $A$ to $D$ is given by $\frac {p\sqrt{q}}{r}$, where $p$, $q$, and $r$ are relatively prime positive integers, and $r$ is not divisible by the square of any prime. Find $p$ + $q$ + $r$.",$96$,"Let $O$ be the intersection of $BC$ and $AD$. By the Angle Bisector Theorem, $\frac {5}{BO}$ = $\frac {13}{CO}$, so $BO$ = $5x$ and $CO$ = $13x$, and $BO$ + $OC$ = $BC$ = $12$, so $x$ = $\frac {2}{3}$, and $OC$ = $\frac {26}{3}$. Let $P$ be the foot of the altitude from $D$ to $OC$. It can be seen that triangle $DOP$ is similar to triangle $AOB$, and triangle $DPC$ is similar to triangle $ABC$. If $DP$ = $15y$, then $CP$ = $36y$, $OP$ = $10y$, and $OD$ = $5y\sqrt {13}$. Since $OP$ + $CP$ = $46y$ = $\frac {26}{3}$, $y$ = $\frac {13}{69}$, and $AD$ = $\frac {60\sqrt{13}}{23}$ (by the pythagorean theorem on triangle $ABO$ we sum $AO$ and $OD$). The answer is $60$ + $13$ + $23$ = $\boxed{96}$.","{""bucket"": ""hard_candidate""}",needs_review,False,,"{""answer_only_scorable"": true, ""benchmark_core"": true, ""counts_toward_headline_score"": true, ""counts_toward_official_topic_score"": true, ""scoring_metric"": ""binary_accuracy"", ""time_limit_minutes"": 30, ""topic_scoring_group"": ""geometry_spatial"", ""track"": ""answer_only_difficulty_selected_core""}"
puzzle-5bacb19c2d87f10bf6b2,AIME_II 2007 #11,2007,geometry_spatial,,spatial_visualization | euclidean_geometry,numeric_answer,"Two long cylindrical tubes of the same length but different diameters lie parallel to each other on a flat surface. The larger tube has radius $72$ and rolls along the surface toward the smaller tube, which has radius $24$. It rolls over the smaller tube and continues rolling along the flat surface until it comes to rest on the same point of its circumference as it started, having made one complete revolution. If the smaller tube never moves, and the rolling occurs with no slipping, the larger tube ends up a distance $x$ from where it starts. The distance $x$ can be expressed in the form $a\pi+b\sqrt{c},$ where $a,$ $b,$ and $c$ are integers and $c$ is not divisible by the square of any prime. Find $a+b+c.$",$179$,"If it weren't for the small tube, the larger tube would travel $144\pi$. Consider the distance from which the larger tube first contacts the smaller tube, until when it completely loses contact with the smaller tube.
Drawing the radii as shown in the diagram, notice that the hypotenuse of the right triangle in the diagram has a length of $72 + 24 = 96$. The horizontal line divides the radius of the larger circle into $72 - 24 = 48$ on the top half, which indicates that the right triangle has leg of 48 and hypotenuse of 96, a $30-60-90 \triangle$. 
Find the length of the purple arc in the diagram (the distance the tube rolled, but not the horizontal distance). The sixty degree central angle indicates to take $\frac{60}{360} = \frac 16$ of the circumference of the larger circle (twice), while the $180 - 2(30) = 120^{\circ}$ central angle in the smaller circle indicates to take $\frac{120}{360} = \frac 13$ of the circumference. This adds up to $2 \cdot \frac 16 144\pi + \frac 13 48\pi = 64\pi$. 
The actual horizontal distance it takes can be found by using the $30-60-90 \triangle$s. The missing leg is equal in length to $48\sqrt{3}$. Thus, the total horizontal distance covered is $96\sqrt{3}$. 
Thus, we get $144\pi - 64\pi + 96\sqrt{3} = 80\pi + 96\sqrt{3}$, and our answer is $\boxed{179}$.","{""bucket"": ""hard_candidate""}",needs_review,False,,"{""answer_only_scorable"": true, ""benchmark_core"": true, ""counts_toward_headline_score"": true, ""counts_toward_official_topic_score"": true, ""scoring_metric"": ""binary_accuracy"", ""time_limit_minutes"": 30, ""topic_scoring_group"": ""geometry_spatial"", ""track"": ""answer_only_difficulty_selected_core""}"
puzzle-5eb2c118b44e607004c1,Puzzle 5eb2c118b44e607004c1,1999,geometry_spatial,,spatial_visualization | euclidean_geometry,numeric_answer,"The inscribed circle of triangle $ABC$ is tangent to $\overline{AB}$ at $P_{},$ and its radius is $21$. Given that $AP=23$ and $PB=27,$ find the perimeter of the triangle.",$345$,"Let $Q$ be the tangency point on $\overline{AC}$, and $R$ on $\overline{BC}$. By the Two Tangent Theorem, $AP = AQ = 23$, $BP = BR = 27$, and $CQ = CR = x$. Using $rs = A$, where $s = \frac{27 \cdot 2 + 23 \cdot 2 + x \cdot 2}{2} = 50 + x$, we get $(21)(50 + x) = A$. By Heron's formula, $A = \sqrt{s(s-a)(s-b)(s-c)} = \sqrt{(50+x)(x)(23)(27)}$. Equating and squaring both sides, 
\begin{eqnarray*} [21(50+x)]^2 &=& (50+x)(x)(621)\\ 441(50+x) &=& 621x\\ 180x = 441 \cdot 50 &\Longrightarrow & x = \frac{245}{2} \end{eqnarray*}
We want the perimeter, which is $2s = 2\left(50 + \frac{245}{2}\right) = \boxed{345}$.","{""bucket"": ""hard_candidate""}",needs_review,False,,"{""answer_only_scorable"": true, ""benchmark_core"": true, ""counts_toward_headline_score"": true, ""counts_toward_official_topic_score"": true, ""scoring_metric"": ""binary_accuracy"", ""time_limit_minutes"": 30, ""topic_scoring_group"": ""geometry_spatial"", ""track"": ""answer_only_difficulty_selected_core""}"
puzzle-6049a1ff9d6130cb8dc3,AIME_I 2020 #13,2020,geometry_spatial,,spatial_visualization | euclidean_geometry,numeric_answer,"Point $D$ lies on side $\overline{BC}$ of $\triangle ABC$ so that $\overline{AD}$ bisects $\angle BAC.$ The perpendicular bisector of $\overline{AD}$ intersects the bisectors of $\angle ABC$ and $\angle ACB$ in points $E$ and $F,$ respectively. Given that $AB=4,BC=5,$ and $CA=6,$ the area of $\triangle AEF$ can be written as $\tfrac{m\sqrt{n}}p,$ where $m$ and $p$ are relatively prime positive integers, and $n$ is a positive integer not divisible by the square of any prime. Find $m+n+p.$",$36$,"Points are defined as shown. It is pretty easy to show that $\triangle AFE \sim \triangle AGH$ by spiral similarity at $A$ by some short angle chasing. Now, note that $AD$ is the altitude of $\triangle AFE$, as the altitude of $AGH$. We need to compare these altitudes in order to compare their areas. Note that Stewart's theorem implies that $AD/2 = \frac{\sqrt{18}}{2}$, the altitude of $\triangle AFE$. Similarly, the altitude of $\triangle AGH$ is the altitude of $\triangle ABC$, or $\frac{3\sqrt{7}}{2}$. However, it's not too hard to see that $GB = HC = 1$, and therefore $[AGH] = [ABC]$. From here, we get that the area of $\triangle ABC$ is $\frac{15\sqrt{7}}{14} \implies \boxed{36}$, by similarity.","{""bucket"": ""very_hard""}",needs_review,False,,"{""answer_only_scorable"": true, ""benchmark_core"": true, ""counts_toward_headline_score"": true, ""counts_toward_official_topic_score"": true, ""scoring_metric"": ""binary_accuracy"", ""time_limit_minutes"": 30, ""topic_scoring_group"": ""geometry_spatial"", ""track"": ""answer_only_difficulty_selected_core""}"
puzzle-61535a6234e5dbe6ba96,AIME_I 2014 #13,2014,geometry_spatial,,spatial_visualization | euclidean_geometry,numeric_answer,"On square $ABCD$, points $E,F,G$, and $H$ lie on sides $\overline{AB},\overline{BC},\overline{CD},$ and $\overline{DA},$ respectively, so that $\overline{EG} \perp \overline{FH}$ and $EG=FH = 34$. Segments $\overline{EG}$ and $\overline{FH}$ intersect at a point $P$, and the areas of the quadrilaterals $AEPH, BFPE, CGPF,$ and $DHPG$ are in the ratio $269:275:405:411.$ Find the area of square $ABCD$. [asy] pair A = (0,sqrt(850)); pair B = (0,0); pair C = (sqrt(850),0); pair D = (sqrt(850),sqrt(850)); draw(A--B--C--D--cycle); dotfactor = 3; dot(""$A$"",A,dir(135)); dot(""$B$"",B,dir(215)); dot(""$C$"",C,dir(305)); dot(""$D$"",D,dir(45)); pair H = ((2sqrt(850)-sqrt(306))/6,sqrt(850)); pair F = ((2sqrt(850)+sqrt(306)+7)/6,0); dot(""$H$"",H,dir(90)); dot(""$F$"",F,dir(270)); draw(H--F); pair E = (0,(sqrt(850)-6)/2); pair G = (sqrt(850),(sqrt(850)+sqrt(100))/2); dot(""$E$"",E,dir(180)); dot(""$G$"",G,dir(0)); draw(E--G); pair P = extension(H,F,E,G); dot(""$P$"",P,dir(60)); label(""$w$"", intersectionpoint( A--P, E--H )); label(""$x$"", intersectionpoint( B--P, E--F )); label(""$y$"", intersectionpoint( C--P, G--F )); label(""$z$"", intersectionpoint( D--P, G--H ));[/asy]",$850$,"$269+275+405+411=1360$, a multiple of $17$. In addition, $EG=FH=34$, which is $17\cdot 2$.
Therefore, we suspect the square of the ""hypotenuse"" of a right triangle, corresponding to $EG$ and $FH$ must be a multiple of $17$. All of these triples are primitive:
\[17=1^2+4^2\]
\[34=3^2+5^2\]
\[51=\emptyset\]
\[68=\emptyset\text{ others}\]
\[85=2^2+9^2=6^2+7^2\]
\[102=\emptyset\]
\[119=\emptyset \dots\]
The sides of the square can only equal the longer leg, or else the lines would have to extend outside of the square. Substituting $EG=FH=34$:
\[\sqrt{17}\rightarrow 34\implies 8\sqrt{17}\implies A=\textcolor{red}{1088}\]
\[\sqrt{34}\rightarrow 34\implies 5\sqrt{34}\implies A=850\]
\[\sqrt{85}\rightarrow 34\implies \{18\sqrt{85}/5,14\sqrt{85}/5\}\implies A=\textcolor{red}{1101.6,666.4}\]
Thus, $\boxed{850}$ is the only valid answer.","{""bucket"": ""very_hard""}",needs_review,False,,"{""answer_only_scorable"": true, ""benchmark_core"": true, ""counts_toward_headline_score"": true, ""counts_toward_official_topic_score"": true, ""scoring_metric"": ""binary_accuracy"", ""time_limit_minutes"": 30, ""topic_scoring_group"": ""geometry_spatial"", ""track"": ""answer_only_difficulty_selected_core""}"
puzzle-629128587c8660dc8f36,AIME_II 2004 #11,2004,geometry_spatial,,spatial_visualization | euclidean_geometry,numeric_answer,"A right circular cone has a base with radius $600$ and height $200\sqrt{7}.$ A fly starts at a point on the surface of the cone whose distance from the vertex of the cone is $125$, and crawls along the surface of the cone to a point on the exact opposite side of the cone whose distance from the vertex is $375\sqrt{2}.$ Find the least distance that the fly could have crawled.",$625$,"The easiest way is to unwrap the cone into a circular sector. Center the sector at the origin with one radius on the positive $x$-axis and the angle $\theta$ going counterclockwise. The circumference of the base is $C=1200\pi$. The sector's radius (cone's sweep) is $R=\sqrt{r^2+h^2}=\sqrt{600^2+(200\sqrt{7})^2}=\sqrt{360000+280000}=\sqrt{640000}=800$. Setting $\theta R=C\implies 800\theta=1200\pi\implies\theta=\frac{3\pi}{2}$.
If the starting point $A$ is on the positive $x$-axis at $(125,0)$ then we can take the end point $B$ on $\theta$'s bisector at $\frac{3\pi}{4}$ radians along the $y=-x$ line in the second quadrant. Using the distance from the vertex puts $B$ at $(-375,-375)$. Thus the shortest distance for the fly to travel is along segment $AB$ in the sector, which gives a distance $\sqrt{(-375-125)^2+(-375-0)^2}=125\sqrt{4^2+3^2}=\boxed{625}$.","{""bucket"": ""hard_candidate""}",needs_review,False,,"{""answer_only_scorable"": true, ""benchmark_core"": true, ""counts_toward_headline_score"": true, ""counts_toward_official_topic_score"": true, ""scoring_metric"": ""binary_accuracy"", ""time_limit_minutes"": 30, ""topic_scoring_group"": ""geometry_spatial"", ""track"": ""answer_only_difficulty_selected_core""}"
puzzle-64a7250cee8f2d5926b8,Puzzle 64a7250cee8f2d5926b8,1986,geometry_spatial,,spatial_visualization | euclidean_geometry,numeric_answer,"Let triangle $ABC$ be a right triangle in the xy-plane with a right angle at $C_{}$. Given that the length of the hypotenuse $AB$ is $60$, and that the medians through $A$ and $B$ lie along the lines $y=x+3$ and $y=2x+4$ respectively, find the area of triangle $ABC$.",$400$,"We first seek to find the angle between the lines $y = x + 3$ and $y = 2x + 4$.
[asy] import graph; size(150); Label f; f.p=fontsize(6); xaxis(-8,8,Ticks(f, 2.0)); yaxis(-8,8,Ticks(f, 2.0)); real f(real x) { return (x + 3); } real g( real x){ return (2x + 4); } draw(graph(f,-8,5),red+linewidth(1)); draw(graph(g,-6,2),blue+linewidth(1)); [/asy]
Let the acute angle the red line makes with the $x-$ axis be $\alpha$ and the acute angle the blue line makes with the $x-$ axis be $\beta$. Then, we know that $\tan \alpha = 1$ and $\tan \beta = 2$. Note that the acute angle between the red and blue lines is clearly $\beta - \alpha$. Therefore, we have that:
\[\tan (\beta - \alpha) = \frac{2 - 1}{1 + 2} = \frac{1}{3}\]It follows that $\cos (\beta - \alpha) = \frac{1}{\sqrt{10}}$ and $\sin (\beta - \alpha) = \frac{3}{\sqrt{10}}$. From now on, refer to $\theta = \beta - \alpha$
[asy] import graph; size(4cm); real labelscalefactor = 0.5; /* changes label-to-point distance */ pen dps = linewidth(0.7) + fontsize(10); defaultpen(dps); /* default pen style */ pen dotstyle = black; /* point style */ real xmin = -5.96, xmax = 24.22, ymin = -10.06, ymax = 14.62; /* image dimensions */ pen wrwrwr = rgb(0.3803921568627451,0.3803921568627451,0.3803921568627451); draw(arc((2,2.6666666666666665),0.6,290.55604521958344,326.3099324740202)--(2,2.6666666666666665)--cycle, linewidth(1)); draw((0,8)--(0,0), linewidth(1) + wrwrwr); draw((0,0)--(6,0), linewidth(1) + wrwrwr); draw((6,0)--(0,8), linewidth(1) + wrwrwr); draw((0,8)--(3,0), linewidth(1) + wrwrwr); draw((0,4)--(6,0), linewidth(1) + wrwrwr); dot((0,0),dotstyle); label(""$A$"", (0.08,0.2), NE * labelscalefactor); dot((6,0),dotstyle); label(""$B$"", (6.08,0.2), NE * labelscalefactor); dot((0,8),dotstyle); label(""$C$"", (0.08,8.2), NE * labelscalefactor); dot((3,0),linewidth(4pt) + dotstyle); label(""$D$"", (3.08,0.16), NE * labelscalefactor); dot((0,4),linewidth(4pt) + dotstyle); label(""$E$"", (0.08,4.16), NE * labelscalefactor); label(""theta "", (2.14,2.3), NE * labelscalefactor); clip((xmin,ymin)--(xmin,ymax)--(xmax,ymax)--(xmax,ymin)--cycle); [/asy]
Suppose $ABC$ is our desired triangle. Let $E$ be the midpoint of $CA$ and $D$ be the midpoint of $AB$ such that $CE = EA = m$ and $AD = DB = n$. Let $G$ be the centroid of the triangle (in other words, the intersection of $EB$ and $CD$). It follows that if $CG = 2x$, $GD = x$ and if $GB = 2y$, $GE = y$. By the Law of Cosines on $\triangle GEB$, we get that:
\[GE^2 + GC^2 - 2GE \cdot GC \cdot \cos \theta = CE^2 \Longleftrightarrow\]\[(2x)^2 + y^2 - (2x)(y)(2)\cos \theta = m^2\]By the Law of Cosines on $\triangle GDB$, we get that:
\[DG^2 + GB^2 -2 DG \cdot GB \cdot \cos \theta = DB^2 \Longleftrightarrow\]\[(2y)^2+x^2-(2y)(x)(2)\cos \theta = n^2\]Adding yields that:
\[5x^2+5y^2 - 8xy\cos \theta = m^2 + n^2\]However, note that $(2m)^2 + (2n)^2 = 60^2 \Longleftrightarrow m^2+n^2 = 30^2$. Therefore,
\[5x^2+5y^2 - 8xy\cos \theta = 30^2\]We also know that by the Law of Cosines on $\triangle CGB$,
\[CG^2 + GB^2 - 2CG \cdot GB \cdot \cos (180 - \theta) = CB^2 \Longleftrightarrow\]\[(2x)^2 + (2y)^2 + 2(2x)(2y) \cos \theta = 60^2 \Longleftrightarrow\]\[x^2+y^2+2xy \cos \theta = 30^2 \Longleftrightarrow\]\[5x^2+5y^2 + 10xy \cos \theta = 30^2 \cdot 5\]Subtracting this from the $5x^2+5y^2 - 8xy\cos \theta = 30^2$ we got earlier yields that:
\[xy \cos \theta = 200\]but recall that $\cos \theta = \frac{3}{\sqrt{10}}$ to get that:
\[xy = \frac{200 \sqrt{10}}{3}\]Plugging this into the $x^2 + y^2 + 2xy \cos \theta = 30^2$, we get that:
\[x^2 + y^2 = 500\]Aha! How convenient. Recall that $(2x)^2 + y^2 - (2x)(y)(2)\cos \theta = m^2$ and $(2y)^2+x^2-(2y)(x)(2)\cos \theta = n^2$. Then, we clearly have that:
\[m^2n^2 = ((2x)^2 + y^2 - (2x)(y)(2)\cos \theta)((2y)^2+x^2-(2y)(x)(2)\cos \theta = n^2) \Longleftrightarrow\]\[m^2n^2 = 17x^2y^2 - 4xy \cos \theta (5x^2 + 5y^2) + 16x^2y^2 \cos ^2 \theta + 4x^4 + 4y^4 \Longleftrightarrow\]\[m^2n^2 = 17 \cdot \frac{200^2 \cdot 10}{9} - 800(5 \cdot 500) + 16 \cdot 200^2 + 4 \left( (x^2+y^2)^2-2x^2y^2\right) \Longleftrightarrow\]\[\frac{m^2n^2}{100^2} = \frac{680}{9} - 8 \cdot 5 \cdot 5 + 16 \cdot 2^2 + 4 \left( 5^2 - 2 \cdot \frac{2^2 \cdot 10}{9}\right) \Longleftrightarrow\]\[\frac{m^2n^2}{100^2} = 4\]But note that the area of our triangle is $2m \cdot 2n \cdot \frac {1}{2} = 2mn$. As $mn = 200$, we get a final answer of $\boxed{400}$.","{""bucket"": ""very_hard""}",needs_review,False,,"{""answer_only_scorable"": true, ""benchmark_core"": true, ""counts_toward_headline_score"": true, ""counts_toward_official_topic_score"": true, ""scoring_metric"": ""binary_accuracy"", ""time_limit_minutes"": 30, ""topic_scoring_group"": ""geometry_spatial"", ""track"": ""answer_only_difficulty_selected_core""}"
puzzle-64f93fe2a4c11a4c43b6,AIME_I 2008 #15,2008,geometry_spatial,,spatial_visualization | euclidean_geometry,numeric_answer,"A square piece of paper has sides of length $100$. From each corner a wedge is cut in the following manner: at each corner, the two cuts for the wedge each start at a distance $\sqrt{17}$ from the corner, and they meet on the diagonal at an angle of $60^{\circ}$ (see the figure below). The paper is then folded up along the lines joining the vertices of adjacent cuts. When the two edges of a cut meet, they are taped together. The result is a paper tray whose sides are not at right angles to the base. The height of the tray, that is, the perpendicular distance between the plane of the base and the plane formed by the upper edges, can be written in the form $\sqrt[n]{m}$, where $m$ and $n$ are positive integers, $m<1000$, and $m$ is not divisible by the $n$th power of any prime. Find $m+n$. [asy]import cse5; size(200); pathpen=black; real s=sqrt(17); real r=(sqrt(51)+s)/sqrt(2); D((0,2*s)--(0,0)--(2*s,0)); D((0,s)--r*dir(45)--(s,0)); D((0,0)--r*dir(45)); D((r*dir(45).x,2*s)--r*dir(45)--(2*s,r*dir(45).y)); MP(""30^\circ"",r*dir(45)-(0.25,1),SW); MP(""30^\circ"",r*dir(45)-(1,0.5),SW); MP(""\sqrt{17}"",(0,s/2),W); MP(""\sqrt{17}"",(s/2,0),S); MP(""\mathrm{cut}"",((0,s)+r*dir(45))/2,N); MP(""\mathrm{cut}"",((s,0)+r*dir(45))/2,E); MP(""\mathrm{fold}"",(r*dir(45).x,s+r/2*dir(45).y),E); MP(""\mathrm{fold}"",(s+r/2*dir(45).x,r*dir(45).y));[/asy]",$871$,"In the original picture, let $P$ be the corner, and $M$ and $N$ be the two points whose distance is $\sqrt{17}$ from $P$. Also, let $R$ be the point where the two cuts intersect.
Using $\triangle{MNP}$ (a 45-45-90 triangle), $MN=MP\sqrt{2}\quad\Longrightarrow\quad MN=\sqrt{34}$. $\triangle{MNR}$ is equilateral, so $MR = NR = \sqrt{34}$. (Alternatively, we could find this by the Law of Sines.)
The length of the perpendicular from $P$ to $MN$ in $\triangle{MNP}$ is $\frac{\sqrt{17}}{\sqrt{2}}$, and the length of the perpendicular from $R$ to $MN$ in $\triangle{MNR}$ is $\frac{\sqrt{51}}{\sqrt{2}}$. Adding those two lengths, $PR=\frac{\sqrt{17}+\sqrt{51}}{\sqrt{2}}$. (Alternatively, we could have used that $\sin 75^{\circ} = \sin (30+45) = \frac{\sqrt{6}+\sqrt{2}}{4}$.)
Drop a perpendicular from $R$ to the side of the square containing $M$ and let the intersection be $G$.
\begin{align*}PG&=\frac{PR}{\sqrt{2}}=\frac{\sqrt{17}+\sqrt{51}}{2}\\ MG=PG-PM&=\frac{\sqrt{17}+\sqrt{51}}{2}-\sqrt{17}=\frac{\sqrt{51}-\sqrt{17}}{2}\end{align*}
[asy]import cse5; size(200); pathpen=black; real s=sqrt(17), r=(sqrt(51)+s)/(sqrt(2)); pair P=(0,0), N=(0,sqrt(17)), M=(sqrt(17),0), R=r*dir(45), G=((sqrt(51)+sqrt(17))/2,0); D(2*N--P--2*M); D(N--R--M); D(P--R); D((R.x,2*N.y)--R--(2*M.x,R.y)); MP(""30^\circ"",R-(0.25,1),SW); MP(""30^\circ"",R-(1,0.5),SW); MP(""\sqrt{17}"",N/2,W); MP(""\sqrt{17}"",M/2,S); D(N--M,dashed); D(G--R,dashed); MP(""P"",P,SW); MP(""N"",N,SW); MP(""M"",M,SW); MP(""R"",R,NE); MP(""G"",G,SW); [/asy]
Let $A'B'C'D'$ be the smaller square base of the tray and let $ABCD$ be the larger square, such that $AA'$, etc, are edges. Let $F$ be the foot of the perpendicular from $A$ to plane $A'B'C'D'$.
We know $AA'=MR=\sqrt{34}$ and $A'F=MG\sqrt{2}=\frac{\sqrt{51}-\sqrt{17}}{\sqrt{2}}$. Now, use the Pythagorean Theorem on triangle $AFA'$ to find $AF$:
\begin{align*}\left(\frac{\sqrt{51}-\sqrt{17}}{\sqrt{2}}\right)^2+AF^2&=\left(\sqrt{34}\right)^2\\ \frac{51-34\sqrt{3}+17}{2}+AF^2&=34\\AF&=\sqrt{34-\frac{68-34\sqrt{3}}{2}}\\AF&=\sqrt{\frac{34\sqrt{3}}{2}}\\AF&=\sqrt[4]{867}\end{align*}
The answer is $867 + 4 = \boxed{871}$.","{""bucket"": ""very_hard""}",needs_review,False,,"{""answer_only_scorable"": true, ""benchmark_core"": true, ""counts_toward_headline_score"": true, ""counts_toward_official_topic_score"": true, ""scoring_metric"": ""binary_accuracy"", ""time_limit_minutes"": 30, ""topic_scoring_group"": ""geometry_spatial"", ""track"": ""answer_only_difficulty_selected_core""}"
puzzle-6695387cfd621d04639b,AIME_I 2000 #14,2000,geometry_spatial,,spatial_visualization | euclidean_geometry,numeric_answer,"In triangle $ABC,$ it is given that angles $B$ and $C$ are congruent. Points $P$ and $Q$ lie on $\overline{AC}$ and $\overline{AB},$ respectively, so that $AP = PQ = QB = BC.$ Angle $ACB$ is $r$ times as large as angle $APQ,$ where $r$ is a positive real number. Find $\lfloor 1000r \rfloor$.",$571$,"[asy]defaultpen(fontsize(8)); size(200); pair A=20*dir(80)+20*dir(60)+20*dir(100), B=(0,0), C=20*dir(0), P=20*dir(80)+20*dir(60), Q=20*dir(80), R=20*dir(60); draw(A--B--C--A);draw(P--Q);draw(A--R--B);draw(P--R);D(R--C,dashed); label(""\(A\)"",A,(0,1));label(""\(B\)"",B,(-1,-1));label(""\(C\)"",C,(1,-1));label(""\(P\)"",P,(1,1)); label(""\(Q\)"",Q,(-1,1));label(""\(R\)"",R,(1,0)); [/asy] Let point $R$ be in $\triangle ABC$ such that $QB = BR = RP$. Then $PQBR$ is a rhombus, so $AB \parallel PR$ and $APRB$ is an isosceles trapezoid. Since $\overline{PB}$ bisects $\angle QBR$, it follows by symmetry in trapezoid $APRB$ that $\overline{RA}$ bisects $\angle BAC$. Thus $R$ lies on the perpendicular bisector of $\overline{BC}$, and $BC = BR = RC$. Hence $\triangle BCR$ is an equilateral triangle.
Now $\angle ABR = \angle BAC = \angle ACR$, and the sum of the angles in $\triangle ABC$ is $\angle ABR + 60^{\circ} + \angle BAC + \angle ACR + 60^{\circ} = 3\angle BAC + 120^{\circ} = 180^{\circ} \Longrightarrow \angle BAC = 20^{\circ}$. Then $\angle APQ = 140^{\circ}$ and $\angle ACB = 80^{\circ}$, so the answer is $\left\lfloor 1000 \cdot \frac{80}{140} \right\rfloor = \left\lfloor \frac{4000}{7} \right\rfloor = \boxed{571}$.","{""bucket"": ""very_hard""}",needs_review,False,,"{""answer_only_scorable"": true, ""benchmark_core"": true, ""counts_toward_headline_score"": true, ""counts_toward_official_topic_score"": true, ""scoring_metric"": ""binary_accuracy"", ""time_limit_minutes"": 30, ""topic_scoring_group"": ""geometry_spatial"", ""track"": ""answer_only_difficulty_selected_core""}"
puzzle-678a16aed30ab981d452,Puzzle 678a16aed30ab981d452,1983,geometry_spatial,,spatial_visualization | euclidean_geometry,numeric_answer,"In the adjoining figure, two circles with radii $8$ and $6$ are drawn with their centers $12$ units apart. At $P$, one of the points of intersection, a line is drawn in such a way that the chords $QP$ and $PR$ have equal length. Find the square of the length of $QP$. [asy]size(160); defaultpen(linewidth(.8pt)+fontsize(11pt)); dotfactor=3; pair O1=(0,0), O2=(12,0); path C1=Circle(O1,8), C2=Circle(O2,6); pair P=intersectionpoints(C1,C2)[0]; path C3=Circle(P,sqrt(130)); pair Q=intersectionpoints(C3,C1)[0]; pair R=intersectionpoints(C3,C2)[1]; draw(C1); draw(C2); draw(O2--O1); dot(O1); dot(O2); draw(Q--R); label(""$Q$"",Q,NW); label(""$P$"",P,1.5*dir(80)); label(""$R$"",R,NE); label(""12"",waypoint(O1--O2,0.4),S);[/asy]",$130$,"Firstly, notice that if we reflect $R$ over $P$, we get $Q$. Since we know that $R$ is on circle $B$ and $Q$ is on circle $A$, we can reflect circle $B$ over $P$ to get another circle (centered at a new point $C$, and with radius $6$) that intersects circle $A$ at $Q$. The rest is just finding lengths, as follows.
Since $P$ is the midpoint of segment $BC$, $AP$ is a median of $\triangle ABC$. Because we know $AB=12$, $BP=PC=6$, and $AP=8$, we can find the third side of the triangle using Stewart's Theorem or similar approaches. We get $AC = \sqrt{56}$. Now we have a kite $AQCP$ with $AQ=AP=8$, $CQ=CP=6$, and $AC=\sqrt{56}$, and all we need is the length of the other diagonal $PQ$. The easiest way it can be found is with the Pythagorean Theorem. Let $2x$ be the length of $PQ$. Then
$\sqrt{36-x^2} + \sqrt{64-x^2} = \sqrt{56}.$
Solving this equation, we find that $x^2=\frac{65}{2}$, so $PQ^2 = 4x^2 = \boxed{130}.$","{""bucket"": ""very_hard""}",needs_review,False,,"{""answer_only_scorable"": true, ""benchmark_core"": true, ""counts_toward_headline_score"": true, ""counts_toward_official_topic_score"": true, ""scoring_metric"": ""binary_accuracy"", ""time_limit_minutes"": 30, ""topic_scoring_group"": ""geometry_spatial"", ""track"": ""answer_only_difficulty_selected_core""}"
puzzle-6791723bf83eb2ca0922,AIME_II 2024 #10,2024,geometry_spatial,,spatial_visualization | euclidean_geometry,numeric_answer,"Let $\triangle ABC$ have circumcenter $O$ and incenter $I$ with $\overline{IA}\perp\overline{OI}$, circumradius $13$, and inradius $6$. Find $AB\cdot AC$.",$468$,"By Euler's formula $OI^{2}=R(R-2r)$, we have $OI^{2}=13(13-12)=13$. Thus, by the Pythagorean theorem, $AI^{2}=13^{2}-13=156$. Let $AI\cap(ABC)=M$; notice $\triangle AOM$ is isosceles and $\overline{OI}\perp\overline{AM}$ which is enough to imply that $I$ is the midpoint of $\overline{AM}$, and $M$ itself is the midpoint of $II_{a}$ where $I_{a}$ is the $A$-excenter of $\triangle ABC$. Therefore, $AI=IM=MI_{a}=\sqrt{156}$ and \[AB\cdot AC=AI\cdot AI_{a}=3\cdot AI^{2}=\boxed{468}.\]
Note that this problem is extremely similar to 2019 CIME I/14.","{""bucket"": ""hard_candidate""}",needs_review,False,,"{""answer_only_scorable"": true, ""benchmark_core"": true, ""counts_toward_headline_score"": true, ""counts_toward_official_topic_score"": true, ""scoring_metric"": ""binary_accuracy"", ""time_limit_minutes"": 30, ""topic_scoring_group"": ""geometry_spatial"", ""track"": ""answer_only_difficulty_selected_core""}"
puzzle-6828ee4b9b49e8ea1d3b,AIME_I 2004 #11,2004,geometry_spatial,,spatial_visualization | euclidean_geometry,numeric_answer,"A solid in the shape of a right circular cone is 4 inches tall and its base has a 3-inch radius. The entire surface of the cone, including its base, is painted. A plane parallel to the base of the cone divides the cone into two solids, a smaller cone-shaped solid $C$ and a frustum-shaped solid $F,$ in such a way that the ratio between the areas of the painted surfaces of $C$ and $F$ and the ratio between the volumes of $C$ and $F$ are both equal to $k$. Given that $k=\frac m n,$ where $m$ and $n$ are relatively prime positive integers, find $m+n.$",$512$,"Our original solid has volume equal to $V = \frac13 \pi r^2 h = \frac13 \pi 3^2\cdot 4 = 12 \pi$ and has surface area $A = \pi r^2 + \pi r \ell$, where $\ell$ is the slant height of the cone. Using the Pythagorean Theorem, we get $\ell = 5$ and $A = 24\pi$.
Let $x$ denote the radius of the small cone. Let $A_c$ and $A_f$ denote the area of the painted surface on cone $C$ and frustum $F$, respectively, and let $V_c$ and $V_f$ denote the volume of cone $C$ and frustum $F$, respectively. Because the plane cut is parallel to the base of our solid, $C$ is similar to the uncut solid and so the height and slant height of cone $C$ are $\frac{4}{3}x$ and $\frac{5}{3}x$, respectively. Using the formula for lateral surface area of a cone, we find that $A_c=\frac{1}{2}c\cdot \ell=\frac{1}{2}(2\pi x)\left(\frac{5}{3}x\right)=\frac{5}{3}\pi x^2$. By subtracting $A_c$ from the surface area of the original solid, we find that $A_f=24\pi - \frac{5}{3}\pi x^2$. 
Next, we can calculate $V_c=\frac{1}{3}\pi r^2h=\frac{1}{3}\pi x^2 \left(\frac{4}{3}x\right)=\frac{4}{9}\pi x^3$. Finally, we subtract $V_c$ from the volume of the original cone to find that $V_f=12\pi - \frac{4}{9}\pi x^3$. We know that $\frac{A_c}{A_f}=\frac{V_c}{V_f}=k.$ Plugging in our values for $A_c$, $A_f$, $V_c$, and $V_f$, we obtain the equation $\frac{\frac{5}{3}\pi x^2}{24\pi - \frac{5}{3}\pi x^2}=\frac{\frac{4}{9}\pi x^3}{12\pi - \frac{4}{9}\pi x^3}$. We can take reciprocals of both sides to simplify this equation to $\frac{72}{5x^2} - 1 = \frac{27}{x^3} - 1$ and so $x = \frac{15}{8}$. Then $k = \frac{\frac{5}{3}\pi x^2}{24\pi - \frac{5}{3}\pi x^2}= \frac{125}{387} = \frac mn$ so the answer is $m+n=125+387=\boxed{512}$.","{""bucket"": ""hard_candidate""}",needs_review,False,,"{""answer_only_scorable"": true, ""benchmark_core"": true, ""counts_toward_headline_score"": true, ""counts_toward_official_topic_score"": true, ""scoring_metric"": ""binary_accuracy"", ""time_limit_minutes"": 30, ""topic_scoring_group"": ""geometry_spatial"", ""track"": ""answer_only_difficulty_selected_core""}"
puzzle-6a023d710da471c95177,Puzzle 6a023d710da471c95177,2026-01-05,geometry_spatial,algorithms_computation,euclidean_geometry | logical_inference | computational_verification | coordinate_geometry,proof_problem | geometry_problem,"In a non-degenerate Euclidean configuration, perform the following constructions. All intersections and choices are those satisfying the stated incidences; directed angles are taken modulo 180°.
1. Let A and C be distinct points.
2. Let triangle BCA be equilateral.
3. Let E be the reflection of C across point B.
4. Let D be the reflection of B across point E.
5. Let F be the foot of the perpendicular from D to line AB.
Prove that AC is perpendicular to CF.
Formal statement: `a c = segment a c; b = eq_triangle b c a; e = mirror e c b; d = mirror d b e; f = foot f d a b ? perp a c c f`",AC is perpendicular to CF,"Machine-verified DDAR proof trace.
Premises used:
Points introduced: A.
Points introduced: C.
Points introduced: B.
[00] BC = CA
[01] CA = AB
Points introduced: E.
[02] BC = BE
[03] B,C,E are collinear
Points introduced: D.
[04] B,E,D are collinear
[05] EB = ED
Points introduced: F.
[06] B,A,F are collinear
[07] DF ⟂ AB
Proof steps:
001. B,A,F are collinear [06] & AB ⟂ DF [07] --deduction--> BF ⟂ FD [08]
002. E,B,D are collinear [04] & EB = ED [05] --deduction--> E is midpoint of BD [09]
003. BF ⟂ FD [08] & E is midpoint of BD [09] --r19--> BE = FE [10]
004. BF ⟂ FD [08] & E is midpoint of BD [09] --r19--> DE = FE [11]
005. BC = CA [00] & BC = BE [02] & BE = FE [10] --deduction--> EF = CA [12]
006. BC = CA [00] --r13--> ∠ABC = ∠CAB [13]
007. BE = FE [10] --r13--> ∠EBF = ∠BFE [14]
008. F,B,A are collinear [06] & ∠ABC = ∠CAB [13] & ∠EBF = ∠BFE [14] & B,C,E are collinear [03] --deduction--> ∠EFA = ∠CAF [15]
009. EF = CA [12] & ∠EFA = ∠CAF [15] --SAS--> ∠FEA = ∠ACF [16]
010. EF = CA [12] & ∠EFA = ∠CAF [15] --SAS--> ∠EAF = ∠CFA [17]
011. DE = FE [11] --r13--> ∠EDF = ∠DFE [18]
012. CA = AB [01] & BC = CA [00] & BC = BE [02] --deduction--> B is the circumcenter of \Delta EAC [19]
013. B is the circumcenter of \Delta EAC [19] & B,C,E are collinear [03] --r20--> AE ⟂ AC [20]
014. DF ⟂ AB [07] & AE ⟂ AC [20] --deduction--> ∠EAC = ∠(FD-BA) [21]
015. DF ⟂ AB [07] & AE ⟂ AC [20] --r08--> ∠EAB = ∠(AC-DF) [22]
016. ∠EAC = ∠(FD-BA) [21] & ∠CBA = ∠BAC [13] --r09--> ∠EAB = ∠(DF-BC) [23]
017. ∠EDF = ∠DFE [18] & B,E,D are collinear [04] & B,C,E are collinear [03] & ∠EAB = ∠(DF-BC) [23] & ∠EAB = ∠(AC-DF) [22] --deduction--> ∠(CA-FD) = ∠EFD [24]
018. ∠(CA-FD) = ∠EFD [24] --r02--> CA ∥ EF [25]
019. ∠FEA = ∠ACF [16] & AC ∥ EF [25] & AE ⟂ AC [20] & ∠EAF = ∠CFA [17] & B,A,F are collinear [06] --deduction--> AC ⟂ CF
Verified conclusion: AC is perpendicular to CF.","{""bucket"": ""hard_candidate""}",machine_verified,False,,"{""answer_only_scorable"": false, ""answer_type"": ""proof_certificate"", ""benchmark_core"": false, ""canonical_reference_field"": ""explanation"", ""counts_toward_headline_score"": false, ""counts_toward_official_topic_score"": false, ""formal_verification_applies_to"": ""formal_statement"", ""reference_proof_type"": ""machine_verified_ddar_trace"", ""scoring_metric"": ""proof_certificate_validity"", ""scoring_requires_proof"": true, ""submission_requirement"": ""A complete proof certificate establishing the stated theorem; repeating answer_only receives no credit."", ""time_limit_minutes"": 60, ""topic_scoring_group"": ""geometry_spatial"", ""track"": ""proof_certificate""}"
puzzle-6b81d80b2eb56d9320e3,Puzzle 6b81d80b2eb56d9320e3,1991,geometry_spatial,,spatial_visualization | euclidean_geometry,numeric_answer,"Rhombus $PQRS^{}_{}$ is inscribed in rectangle $ABCD^{}_{}$ so that vertices $P^{}_{}$, $Q^{}_{}$, $R^{}_{}$, and $S^{}_{}$ are interior points on sides $\overline{AB}$, $\overline{BC}$, $\overline{CD}$, and $\overline{DA}$, respectively. It is given that $PB^{}_{}=15$, $BQ^{}_{}=20$, $PR^{}_{}=30$, and $QS^{}_{}=40$. Let $\frac{m}{n}$, in lowest terms, denote the perimeter of $ABCD^{}_{}$. Find $m+n^{}_{}$.",$677$,"Let $O$ be the center of the rhombus. Via parallel sides and alternate interior angles, we see that the opposite triangles are congruent ($\triangle BPQ \cong \triangle DRS$, $\triangle APS \cong \triangle CRQ$). Quickly we realize that $O$ is also the center of the rectangle. 
By the Pythagorean Theorem, we can solve for a side of the rhombus; $PQ = \sqrt{15^2 + 20^2} = 25$. Since the diagonals of a rhombus are perpendicular bisectors, we have that $OP = 15, OQ = 20$. Also, $\angle POQ = 90^{\circ}$, so quadrilateral $BPOQ$ is cyclic. By Ptolemy's Theorem, $25 \cdot OB = 20 \cdot 15 + 15 \cdot 20 = 600$.
By similar logic, we have $APOS$ is a cyclic quadrilateral. Let $AP = x$, $AS = y$. The Pythagorean Theorem gives us $x^2 + y^2 = 625\quad \mathrm{(1)}$. Ptolemy's Theorem gives us $25 \cdot OA = 20x + 15y$. Since the diagonals of a rectangle are equal, $OA = \frac{1}{2}d = OB$, and $20x + 15y = 600\quad \mathrm{(2)}$. Solving for $y$, we get $y = 40 - \frac 43x$. Substituting into $\mathrm{(1)}$, 
\begin{eqnarray*}x^2 + \left(40-\frac 43x\right)^2 &=& 625\\ 5x^2 - 192x + 1755 &=& 0\\ x = \frac{192 \pm \sqrt{192^2 - 4 \cdot 5 \cdot 1755}}{10} &=& 15, \frac{117}{5}\end{eqnarray*}
We reject $15$ because then everything degenerates into squares, but the condition that $PR \neq QS$ gives us a contradiction. Thus $x = \frac{117}{5}$, and backwards solving gives $y = \frac{44}5$. The perimeter of $ABCD$ is $2\left(20 + 15 + \frac{117}{5} + \frac{44}5\right) = \frac{672}{5}$, and $m + n = \boxed{677}$.","{""bucket"": ""hard_candidate""}",needs_review,False,,"{""answer_only_scorable"": true, ""benchmark_core"": true, ""counts_toward_headline_score"": true, ""counts_toward_official_topic_score"": true, ""scoring_metric"": ""binary_accuracy"", ""time_limit_minutes"": 30, ""topic_scoring_group"": ""geometry_spatial"", ""track"": ""answer_only_difficulty_selected_core""}"
puzzle-6b9acc08388cc8023dc7,AIME_I 2011 #14,2011,geometry_spatial,,spatial_visualization | euclidean_geometry,numeric_answer,"Let $A_1 A_2 A_3 A_4 A_5 A_6 A_7 A_8$ be a regular octagon. Let $M_1$, $M_3$, $M_5$, and $M_7$ be the midpoints of sides $\overline{A_1 A_2}$, $\overline{A_3 A_4}$, $\overline{A_5 A_6}$, and $\overline{A_7 A_8}$, respectively. For $i = 1, 3, 5, 7$, ray $R_i$ is constructed from $M_i$ towards the interior of the octagon such that $R_1 \perp R_3$, $R_3 \perp R_5$, $R_5 \perp R_7$, and $R_7 \perp R_1$. Pairs of rays $R_1$ and $R_3$, $R_3$ and $R_5$, $R_5$ and $R_7$, and $R_7$ and $R_1$ meet at $B_1$, $B_3$, $B_5$, $B_7$ respectively. If $B_1 B_3 = A_1 A_2$, then $\cos 2 \angle A_3 M_3 B_1$ can be written in the form $m - \sqrt{n}$, where $m$ and $n$ are positive integers. Find $m + n$.",$37$,"We use coordinates. Let the octagon have side length $2$ and center $(0, 0)$. Then all of its vertices have the form $(\pm 1, \pm\left(1+\sqrt{2}\right))$ or $(\pm\left(1+\sqrt{2}\right), \pm 1)$.
By symmetry, $B_{1}B_{3}B_{5}B_{7}$ is a square. Thus lines $\overleftrightarrow{B_{1}B_{3}}$ and $\overleftrightarrow{B_{5}B_{7}}$ are parallel, and its side length is the distance between these two lines. However, this is given to be the side length of the octagon, or $2$.
Suppose the common slope of the lines is $m$ and let $m=\tan\theta$. Then, we want to find \[\cos 2\left(90-\theta\right)=2\cos^{2}\left(90-\theta\right)-1=2\sin^{2}\theta-1.\]
It can easily be seen that the equations of the lines are \begin{align*} B_{1}B_{3}: y-mx+m\left(1+\sqrt{2}\right)=0 \\ B_{5}B_{7}: y-mx-m\left(1+\sqrt{2}\right)=0.\end{align*} By the distance between parallel lines formula, a corollary of the point to line distance formula, the distance between these two lines is \[\frac{|c_{2}-c_{1}|}{\sqrt{a^{2}+b^{2}}}=\frac{2m\left(1+\sqrt{2}\right)}{\sqrt{m^{2}+1}}.\] Since we want this to equal $2$, we have \begin{align*}\frac{2m\left(1+\sqrt{2}\right)}{\sqrt{m^{2}+1}}&=2 \\ 4m^{2}\left(3+2\sqrt{2}\right)&=4m^{2}+4 \\ \left(12+8\sqrt{2}\right)m^{2}&=4m^{2}+4 \\ \left(8+8\sqrt{2}\right)m^{2}&=4 \\ m^{2}&=\frac{4}{8+8\sqrt{2}} \\ \Rightarrow m^{2}=\tan^{2}\theta=\frac{\sin^{2}\theta}{\cos^{2}\theta}&=\frac{1}{2+2\sqrt{2}}.\end{align*} Since $\sin^{2}\theta+\cos^{2}\theta=1,$ we have $\sin^{2}\theta=\frac{1}{3+2\sqrt{2}}$. Thus \[2\sin^{2}\theta-1=\frac{2}{3+2\sqrt{2}}-1=\frac{-1-2\sqrt{2}}{3+2\sqrt{2}}=\frac{\left(-1-2\sqrt{2}\right)\left(3-2\sqrt{2}\right)}{\left(3+2\sqrt{2}\right)\left(3-2\sqrt{2}\right)}=\frac{5-4\sqrt{2}}{1}=5-\sqrt{32}.\] The answer is $\boxed{37}$.","{""bucket"": ""very_hard""}",needs_review,False,,"{""answer_only_scorable"": true, ""benchmark_core"": true, ""counts_toward_headline_score"": true, ""counts_toward_official_topic_score"": true, ""scoring_metric"": ""binary_accuracy"", ""time_limit_minutes"": 30, ""topic_scoring_group"": ""geometry_spatial"", ""track"": ""answer_only_difficulty_selected_core""}"
puzzle-6caa99e5bf8214d4bd0d,Puzzle 6caa99e5bf8214d4bd0d,1996,geometry_spatial,,spatial_visualization | euclidean_geometry,numeric_answer,"In triangle $ABC$, $AB=\sqrt{30}$, $AC=\sqrt{6}$, and $BC=\sqrt{15}$. There is a point $D$ for which $\overline{AD}$ bisects $\overline{BC}$, and $\angle ADB$ is a right angle. The ratio $\frac{[ADB]}{[ABC]}$ can be written in the form $\dfrac{m}{n}$, where $m$ and $n$ are relatively prime positive integers. Find $m+n$.",$65$,"[asy] pointpen = black; pathpen = black + linewidth(0.7); pair B=(0,0), C=(15^.5, 0), A=IP(CR(B,30^.5),CR(C,6^.5)), E=(B+C)/2, D=foot(B,A,E); D(MP(""A"",A)--MP(""B"",B,SW)--MP(""C"",C)--A--MP(""D"",D)--B); D(MP(""E"",E)); MP(""\sqrt{30}"",(A+B)/2,NW); MP(""\sqrt{6}"",(A+C)/2,SE); MP(""\frac{\sqrt{15}}2"",(E+C)/2); D(rightanglemark(B,D,A)); [/asy]
Let $E$ be the midpoint of $\overline{BC}$. Since $BE = EC$, then $\triangle ABE$ and $\triangle AEC$ share the same height and have equal bases, and thus have the same area. Similarly, $\triangle BDE$ and $BAE$ share the same height, and have bases in the ratio $DE : AE$, so $\frac{[BDE]}{[BAE]} = \frac{DE}{AE}$ (see area ratios). Now,
$\dfrac{[ADB]}{[ABC]} = \frac{[ABE] + [BDE]}{2[ABE]} = \frac{1}{2} + \frac{DE}{2AE}.$
By Stewart's Theorem, $AE = \frac{\sqrt{2(AB^2 + AC^2) - BC^2}}2 = \frac{\sqrt {57}}{2}$, and by the Pythagorean Theorem on $\triangle ABD, \triangle EBD$,
\begin{align*} BD^2 + \left(DE + \frac {\sqrt{57}}2\right)^2 &= 30 \\ BD^2 + DE^2 &= \frac{15}{4} \\ \end{align*}
Subtracting the two equations yields $DE\sqrt{57} + \frac{57}{4} = \frac{105}{4} \Longrightarrow DE = \frac{12}{\sqrt{57}}$. Then $\frac mn = \frac{1}{2} + \frac{DE}{2AE} = \frac{1}{2} + \frac{\frac{12}{\sqrt{57}}}{2 \cdot \frac{\sqrt{57}}{2}} = \frac{27}{38}$, and $m+n = \boxed{65}$.","{""bucket"": ""very_hard""}",needs_review,False,,"{""answer_only_scorable"": true, ""benchmark_core"": true, ""counts_toward_headline_score"": true, ""counts_toward_official_topic_score"": true, ""scoring_metric"": ""binary_accuracy"", ""time_limit_minutes"": 30, ""topic_scoring_group"": ""geometry_spatial"", ""track"": ""answer_only_difficulty_selected_core""}"
puzzle-70b6fa46327bb60dec3c,AIME_I 2023 #14,2023,geometry_spatial,,spatial_visualization | euclidean_geometry,numeric_answer,"The following analog clock has two hands that can move independently of each other. [asy] unitsize(2cm); draw(unitcircle,black+linewidth(2)); for (int i = 0; i < 12; ++i) { draw(0.9*dir(30*i)--dir(30*i)); } for (int i = 0; i < 4; ++i) { draw(0.85*dir(90*i)--dir(90*i),black+linewidth(2)); } for (int i = 1; i < 13; ++i) { label(""\small"" + (string) i, dir(90 - i * 30) * 0.75); } draw((0,0)--0.6*dir(90),black+linewidth(2),Arrow(TeXHead,2bp)); draw((0,0)--0.4*dir(90),black+linewidth(2),Arrow(TeXHead,2bp)); [/asy] Initially, both hands point to the number $12$. The clock performs a sequence of hand movements so that on each movement, one of the two hands moves clockwise to the next number on the clock face while the other hand does not move. Let $N$ be the number of sequences of $144$ hand movements such that during the sequence, every possible positioning of the hands appears exactly once, and at the end of the $144$ movements, the hands have returned to their initial position. Find the remainder when $N$ is divided by $1000$.",$608$,"This problem is, in essence, the following: A $12\times12$ coordinate grid is placed on a (flat) torus; how many loops are there that pass through each point while only moving up or right? In other words, Felix the frog starts his journey at $(0,0)$ in the coordinate plane. Every second, he jumps either to the right or up, until he reaches an $x$- or $y$-coordinate of $12$. At this point, if he tries to jump to a coordinate outside the square from $(0,0)$ to $(11,11)$, he ""wraps around"" and ends up at an $x$- or $y$- coordinate of $0$. How many ways are there for Felix to jump on every grid point in this square, so that he ends at $(0,0)$? This is consistent with the construction of the flat torus as $\mathbb Z^2/12\mathbb Z^2$ (2-dimensional modular arithmetic. $(\mathbb{Z}_{12})^2$)
Moving on, define a $\textit{path}$ from point $A$ to point $B$ to be a sequence of ""up""s and ""right""s that takes Felix from $A$ to $B$. The $\textit{distance}$ from $A$ to $B$ is the length of the shortest path from $A$ to $B$. At the crux of this problem is the following consideration: The points $A_i=(i,12-i), i\in{0,...,11}$ are pairwise equidistant, each pair having distance of $12$ in both directions. 
[asy] size(7cm); for (int x=0; x<12; ++x){ for (int y=0; y<12; ++y){ fill(circle((x,y),0.05));}} for (int i=0; i<12; ++i){ fill(circle((i,11-i),0.1),red);} pen p=green+dashed; path u=(3,8)--(4,8)--(4,9)--(4,10)--(4,11)--(5,11)--(5,11.5); path v=(5,-0.5)--(5,0)--(5,1)--(6,1)--(6,2)--(6,3)--(6,4)--(7,4); draw(u,p); draw(v,p); pen p=blue+dashed; path u=(4,7)--(5,7)--(5,8)--(5,9)--(5,10)--(6,10)--(6,11)--(6,11.5); path v=(6,-0.5)--(6,0)--(7,0)--(7,1)--(7,2)--(7,3)--(8,3); draw(u,p); draw(v,p); [/asy]
A valid complete path then joins two $A_i$'s, say $A_i$ and $A_j$. In fact, a link between some $A_i$ and $A_j$ fully determines the rest of the cycle, as the path from $A_{i+1}$ must ""hug"" the path from $A_i$, to ensure that there are no gaps. We therefore see that if $A_0$ leads to $A_k$, then $A_i$ leads to $A_{i+k}$. Only the values of $k$ relatively prime to $12$ result in solutions, though, because otherwise $A_0$ would only lead to $\{A_i:\exists n\in \mathbb Z:i\equiv kn\quad\text{mod 12}\}$. The number of paths from $A_0$ to $A_k$ is ${12\choose k}$, and so the answer is
\[{12\choose1}+{12\choose5}+{12\choose7}+{12\choose11}=1\boxed{608}.\]
Notes:","{""bucket"": ""very_hard""}",needs_review,False,,"{""answer_only_scorable"": true, ""benchmark_core"": true, ""counts_toward_headline_score"": true, ""counts_toward_official_topic_score"": true, ""scoring_metric"": ""binary_accuracy"", ""time_limit_minutes"": 30, ""topic_scoring_group"": ""geometry_spatial"", ""track"": ""answer_only_difficulty_selected_core""}"
puzzle-737af924ed5946393df6,AIME_II 2014 #14,2014,geometry_spatial,,spatial_visualization | euclidean_geometry,numeric_answer,"In $\triangle{ABC}, AB=10, \angle{A}=30^\circ$ , and $\angle{C=45^\circ}$. Let $H, D,$ and $M$ be points on the line $BC$ such that $AH\perp{BC}$, $\angle{BAD}=\angle{CAD}$, and $BM=CM$. Point $N$ is the midpoint of the segment $HM$, and point $P$ is on ray $AD$ such that $PN\perp{BC}$. Then $AP^2=\dfrac{m}{n}$, where $m$ and $n$ are relatively prime positive integers. Find $m+n$.",$77$,"Let us just drop the perpendicular from $B$ to $AC$ and label the point of intersection $O$. We will use this point later in the problem.
As we can see, 
$M$ is the midpoint of $BC$ and $N$ is the midpoint of $HM$
$AHC$ is a $45-45-90$ triangle, so $\angle{HAB}=15^\circ$.
$AHD$ is $30-60-90$ triangle.
$AH$ and $PN$ are parallel lines so $PND$ is $30-60-90$ triangle also.
Then if we use those informations we get $AD=2HD$ and 
$PD=2ND$ and $AP=AD-PD=2HD-2ND=2HN$ or $AP=2HN=HM$
Now we know that $HM=AP$, we can find for $HM$ which is simpler to find.
We can use point $B$ to split it up as $HM=HB+BM$,
We can chase those lengths and we would get
$AB=10$, so $OB=5$, so $BC=5\sqrt{2}$, so $BM=\dfrac{1}{2} \cdot BC=\dfrac{5\sqrt{2}}{2}$
We can also use Law of Sines:
\[\frac{BC}{AB}=\frac{\sin\angle A}{\sin\angle C}\]
\[\frac{BC}{10}=\frac{\frac{1}{2}}{\frac{\sqrt{2}}{2}}\implies BC=5\sqrt{2}\]
Then using right triangle $AHB$, we have $HB=10 \sin 15^\circ$
So $HB=10 \sin 15^\circ=\dfrac{5(\sqrt{6}-\sqrt{2})}{2}$.
And we know that $AP = HM = HB + BM = \frac{5(\sqrt6-\sqrt2)}{2} + \frac{5\sqrt2}{2} = \frac{5\sqrt6}{2}$.
Finally if we calculate $(AP)^2$.
$(AP)^2=\dfrac{150}{4}=\dfrac{75}{2}$. So our final answer is $75+2=77$. 
$m+n=\boxed{77}$","{""bucket"": ""very_hard""}",needs_review,False,,"{""answer_only_scorable"": true, ""benchmark_core"": true, ""counts_toward_headline_score"": true, ""counts_toward_official_topic_score"": true, ""scoring_metric"": ""binary_accuracy"", ""time_limit_minutes"": 30, ""topic_scoring_group"": ""geometry_spatial"", ""track"": ""answer_only_difficulty_selected_core""}"
puzzle-769af06aa8e6ea1bc53c,AIME_II 2000 #11,2000,geometry_spatial,,spatial_visualization | euclidean_geometry,numeric_answer,"The coordinates of the vertices of isosceles trapezoid $ABCD$ are all integers, with $A=(20,100)$ and $D=(21,107)$. The trapezoid has no horizontal or vertical sides, and $\overline{AB}$ and $\overline{CD}$ are the only parallel sides. The sum of the absolute values of all possible slopes for $\overline{AB}$ is $m/n$, where $m$ and $n$ are relatively prime positive integers. Find $m+n$.",$131$,"For simplicity, we translate the points so that $A$ is on the origin and $D = (1,7)$. Suppose $B$ has integer coordinates; then $\overrightarrow{AB}$ is a vector with integer parameters (vector knowledge is not necessary for this solution). We construct the perpendicular from $A$ to $\overline{CD}$, and let $D' = (a,b)$ be the reflection of $D$ across that perpendicular. Then $ABCD'$ is a parallelogram, and $\overrightarrow{AB} = \overrightarrow{D'C}$. Thus, for $C$ to have integer coordinates, it suffices to let $D'$ have integer coordinates.<sup><span id=""ref_1"">[1]</span></sup> 
[asy] pathpen = linewidth(0.7); pair A=(0,0), D=(1,7), Da = MP(""D'"",D((-7,1)),N), B=(-8,-6), C=B+Da, F=foot(A,C,D); D(MP(""A"",A)--MP(""B"",B)--MP(""C"",C,N)--MP(""D"",D,N)--cycle); D(F--A--Da,linetype(""4 4"")); [/asy]
Let the slope of the perpendicular be $m$. Then the midpoint of $\overline{DD'}$ lies on the line $y=mx$, so $\frac{b+7}{2} = m \cdot \frac{a+1}{2}$. Also, $AD = AD'$ implies that $a^2 + b^2 = 1^2 + 7^2 = 50$. Combining these two equations yields
\[a^2 + \left(7 - (a+1)m\right)^2 = 50\]
Since $a$ is an integer, then $7-(a+1)m$ must be an integer. There are $12$ pairs of integers whose squares sum up to $50,$ namely $( \pm 1, \pm 7), (\pm 7, \pm 1), (\pm 5, \pm 5)$. We exclude the cases $(\pm 1, \pm 7)$ because they lead to degenerate trapezoids (rectangle, line segment, vertical and horizontal sides). Thus we have
\[7 - 8m = \pm 1, \quad 7 + 6m = \pm 1, \quad 7 - 6m = \pm 5, 7 + 4m = \pm 5\]
These yield $m = 1, \frac 34, -1, -\frac 43, 2, \frac 13, -3, - \frac 12$. Therefore, the corresponding slopes of $\overline{AB}$ are $-1, -\frac 43, 1, \frac 34, -\frac 12, -3, \frac 13$, and $2$. The sum of their absolute values is $\frac{119}{12}$. The answer is $m+n= \boxed{131}$
<span id=""note_1"">^</span> <small>In other words, since $ABCD'$ is a parallelogram, the difference between the x-coordinates and the y-coordinates of $C$ and $D'$ are, respectively, the difference between the x-coordinates and the y-coordinates of $A$ and $B$. But since the latter are integers, then the former are integers also, so $C$ has integer coordinates iff $D'$ has integer coordinates.</small>","{""bucket"": ""hard_candidate""}",needs_review,False,,"{""answer_only_scorable"": true, ""benchmark_core"": true, ""counts_toward_headline_score"": true, ""counts_toward_official_topic_score"": true, ""scoring_metric"": ""binary_accuracy"", ""time_limit_minutes"": 30, ""topic_scoring_group"": ""geometry_spatial"", ""track"": ""answer_only_difficulty_selected_core""}"
puzzle-77fc38cd6e3c2e8e4e8b,AIME_II 2020 #15,2020,geometry_spatial,,spatial_visualization | euclidean_geometry,numeric_answer,"Let $\triangle ABC$ be an acute scalene triangle with circumcircle $\omega$. The tangents to $\omega$ at $B$ and $C$ intersect at $T$. Let $X$ and $Y$ be the projections of $T$ onto lines $AB$ and $AC$, respectively. Suppose $BT = CT = 16$, $BC = 22$, and $TX^2 + TY^2 + XY^2 = 1143$. Find $XY^2$.",$717$,"Let $O$ be the circumcenter of $\triangle ABC$; say $OT$ intersects $BC$ at $M$; draw segments $XM$, and $YM$. We have $MT=3\sqrt{15}$. 
Since $\angle A=\angle CBT=\angle BCT$, we have $\cos A=\tfrac{11}{16}$. Notice that $AXTY$ is cyclic, so $\angle XTY=180^{\circ}-A$, so $\cos XTY=-\cos A$, and the cosine law in $\triangle TXY$ gives \[1143-2XY^2=-\frac{11}{8}\cdot XT\cdot YT.\] 
Since $\triangle BMT \cong \triangle CMT$, we have $TM\perp BC$, and therefore quadrilaterals $BXTM$ and $CYTM$ are cyclic. Let $P$ (resp. $Q$) be the midpoint of $BT$ (resp. $CT$). So $P$ (resp. $Q$) is the center of $(BXTM)$ (resp. $CYTM$). Then $\theta=\angle ABC=\angle MTX$ and $\phi=\angle ACB=\angle YTM$. So $\angle XPM=2\theta$, so\[\frac{\frac{XM}{2}}{XP}=\sin \theta,\]which yields $XM=2XP\sin \theta=BT(=CT)\sin \theta=TY$. Similarly we have $YM=XT$. 
Ptolemy's theorem in $BXTM$ gives \[16TY=11TX+3\sqrt{15}BX,\] while Pythagoras' theorem gives $BX^2+XT^2=16^2$. Similarly, Ptolemy's theorem in $YTMC$ gives\[16TX=11TY+3\sqrt{15}CY\] while Pythagoras' theorem in $\triangle CYT$ gives $CY^2+YT^2=16^2$. Solve this for $XT$ and $TY$ and substitute into the equation about $\cos XTY$ to obtain the result $XY^2=\boxed{717}$.
(Notice that $MXTY$ is a parallelogram, which is an important theorem in Olympiad, and there are some other ways of computation under this observation.)","{""bucket"": ""very_hard""}",needs_review,False,,"{""answer_only_scorable"": true, ""benchmark_core"": true, ""counts_toward_headline_score"": true, ""counts_toward_official_topic_score"": true, ""scoring_metric"": ""binary_accuracy"", ""time_limit_minutes"": 30, ""topic_scoring_group"": ""geometry_spatial"", ""track"": ""answer_only_difficulty_selected_core""}"
puzzle-784e89edc6a7675e7652,AIME_I 2014 #10,2014,geometry_spatial,,spatial_visualization | euclidean_geometry,numeric_answer,"A disk with radius $1$ is externally tangent to a disk with radius $5$. Let $A$ be the point where the disks are tangent, $C$ be the center of the smaller disk, and $E$ be the center of the larger disk. While the larger disk remains fixed, the smaller disk is allowed to roll along the outside of the larger disk until the smaller disk has turned through an angle of $360^\circ$. That is, if the center of the smaller disk has moved to the point $D$, and the point on the smaller disk that began at $A$ has now moved to point $B$, then $\overline{AC}$ is parallel to $\overline{BD}$. Then $\sin^2(\angle BEA)=\tfrac{m}{n}$, where $m$ and $n$ are relatively prime positive integers. Find $m+n$.",$58$,"[asy] size(150); pair a=(5,0),b=(2,3*sqrt(3)),c=(6,0),d=(3,3*sqrt(3)),e=(0,0); draw(circle(e,5)); draw(circle(c,1)); draw(circle(d,1)); dot(a^^b^^c^^d^^e^^(5/2,5*sqrt(3)/2)); label(""$A$"",a,W,fontsize(9)); label(""$B$"",b,NW,fontsize(9)); label(""$C$"",c,E,fontsize(9)); label(""$D$"",d,E,fontsize(9)); label(""$E$"",e,SW,fontsize(9)); label(""$F$"",(5/2,5*sqrt(3)/2),SSW,fontsize(9)); [/asy]
Let $F$ be the new tangency point of the two disks. The smaller disk rolled along minor arc $\overarc{AF}$ on the larger disk.
Let $\alpha = \angle AEF$, in radians. The smaller disk must then have rolled along an arc of length $5\alpha$, since the larger disk has a radius of $5$. Since all of the points on major arc $\overarc{BF}$ on the smaller disk have come into contact with the larger disk at some point during the rolling, and none of the other points on the smaller disk did,\[\overarc{BF}=\overarc{AF}=5\alpha\]. 
Since $\overline{AC} || \overline{BD}$, \[\angle BDF \cong \angle FEA\] so the angles of minor arc $\overarc{BF}$ and minor arc $\overarc{AF}$ are equal, so minor arc $\overarc{BF}$ has an angle of $\alpha$. Since the smaller disk has a radius of $1$, the length of minor arc $\overarc{BF}$ is $\alpha$. This means that $5\alpha + \alpha$ equals the circumference of the smaller disk, so $6\alpha = 2\pi$, or $\alpha = \frac{\pi}{3}$.
Now, to find $\sin^2{\angle BEA}$, we construct $\triangle BDE$. Also, drop a perpendicular from $D$ to $\overline{EA}$, and call this point $X$. Since $\alpha = \frac{\pi}{3}$ and $\angle DXE$ is right, \[DE = 6\] \[EX = 3\] and \[DX = 3\sqrt{3}\] 
Now drop a perpendicular from $B$ to $\overline{EA}$, and call this point $Y$. Since $\overline{BD} || \overline{EA}$, \[XY = BD = 1\] and \[BY = DX = 3\sqrt{3}\] Thus, we know that \[EY = EX - XY = 3 - 1 = 2\] and by using the Pythagorean Theorem on $\triangle BEY$, we get that \[BE = \sqrt{31}\] Thus, \[\sin{\angle BEA} = \frac{\sqrt{27}}{\sqrt{31}}\] so \[\sin^2{\angle BEA} = \frac{27}{31}\] and our answer is $27 + 31 = \boxed{58}$.","{""bucket"": ""hard_candidate""}",needs_review,False,,"{""answer_only_scorable"": true, ""benchmark_core"": true, ""counts_toward_headline_score"": true, ""counts_toward_official_topic_score"": true, ""scoring_metric"": ""binary_accuracy"", ""time_limit_minutes"": 30, ""topic_scoring_group"": ""geometry_spatial"", ""track"": ""answer_only_difficulty_selected_core""}"
puzzle-7aebd573ee338193d7d3,Puzzle 7aebd573ee338193d7d3,1992,geometry_spatial,,spatial_visualization | euclidean_geometry,numeric_answer,"Lines $l_1^{}$ and $l_2^{}$ both pass through the origin and make first-quadrant angles of $\frac{\pi}{70}$ and $\frac{\pi}{54}$ radians, respectively, with the positive x-axis. For any line $l^{}_{}$, the transformation $R(l)^{}_{}$ produces another line as follows: $l^{}_{}$ is reflected in $l_1^{}$, and the resulting line is reflected in $l_2^{}$. Let $R^{(1)}(l)=R(l)^{}_{}$ and $R^{(n)}(l)^{}_{}=R\left(R^{(n-1)}(l)\right)$. Given that $l^{}_{}$ is the line $y=\frac{19}{92}x^{}_{}$, find the smallest positive integer $m^{}_{}$ for which $R^{(m)}(l)=l^{}_{}$.",$945$,"Let $l$ be a line that makes an angle of $\theta$ with the positive $x$-axis. Let $l'$ be the reflection of $l$ in $l_1$, and let $l''$ be the reflection of $l'$ in $l_2$. 
The angle between $l$ and $l_1$ is $\theta - \frac{\pi}{70}$, so the angle between $l_1$ and $l'$ must also be $\theta - \frac{\pi}{70}$. Thus, $l'$ makes an angle of $\frac{\pi}{70}-\left(\theta-\frac{\pi}{70}\right) = \frac{\pi}{35}-\theta$ with the positive $x$-axis. 
Similarly, since the angle between $l'$ and $l_2$ is $\left(\frac{\pi}{35}-\theta\right)-\frac{\pi}{54}$, the angle between $l''$ and the positive $x$-axis is $\frac{\pi}{54}-\left(\left(\frac{\pi}{35}-\theta\right)-\frac{\pi}{54}\right) = \frac{\pi}{27}-\frac{\pi}{35}+\theta = \frac{8\pi}{945} + \theta$. 
Thus, $R(l)$ makes an $\frac{8\pi}{945} + \theta$ angle with the positive $x$-axis. So $R^{(n)}(l)$ makes an $\frac{8n\pi}{945} + \theta$ angle with the positive $x$-axis. 
Therefore, $R^{(m)}(l)=l$ iff $\frac{8m\pi}{945}$ is an integral multiple of $\pi$. Thus, $8m \equiv 0\pmod{945}$. Since $\gcd(8,945)=1$, $m \equiv 0 \pmod{945}$, so the smallest positive integer $m$ is $\boxed{945}$.","{""bucket"": ""hard_candidate""}",needs_review,False,,"{""answer_only_scorable"": true, ""benchmark_core"": true, ""counts_toward_headline_score"": true, ""counts_toward_official_topic_score"": true, ""scoring_metric"": ""binary_accuracy"", ""time_limit_minutes"": 30, ""topic_scoring_group"": ""geometry_spatial"", ""track"": ""answer_only_difficulty_selected_core""}"
puzzle-803bf004f3425587318c,AIME_II 2011 #13,2011,geometry_spatial,,spatial_visualization | euclidean_geometry,numeric_answer,"Point $P$ lies on the diagonal $AC$ of square $ABCD$ with $AP > CP$. Let $O_{1}$ and $O_{2}$ be the circumcenters of triangles $ABP$ and $CDP$ respectively. Given that $AB = 12$ and $\angle O_{1}PO_{2} = 120^{\circ}$, then $AP = \sqrt{a} + \sqrt{b}$, where $a$ and $b$ are positive integers. Find $a + b$.",$96$,"This takes a slightly different route than Solution 1.
Solution 1 proves that $\angle{DPB}=120^{\circ}$ and that $\overline{BP} = \overline{DP}$.
Construct diagonal $\overline{BD}$ and using the two statements above it quickly becomes clear that $\angle{BDP} = \angle{DBP} = 30^{\circ}$ by isosceles triangle base angles.
Let the midpoint of diagonal $\overline{AC}$ be $M$, and since the diagonals are perpendicular, both triangle $DMP$ and triangle $BMP$ are 30-60-90 right triangles.
Since $\overline{AB} = 12$, $\overline{AC} = \overline{BD} = 12\sqrt{2}$ and $\overline{BM} = \overline{DM} = 6\sqrt{2}$.
30-60-90 triangles' sides are in the ratio $1 : \sqrt{3} : 2$, so $\overline{MP} = \frac{6\sqrt{2}}{\sqrt{3}} = 2\sqrt {6}$.
$\overline{AP} = \overline{MP} + \overline{BM} = 6\sqrt{2} + 2\sqrt{6} = \sqrt{72} + \sqrt{24}$.
Hence, $72 + 24 = \boxed{96}$.","{""bucket"": ""very_hard""}",needs_review,False,,"{""answer_only_scorable"": true, ""benchmark_core"": true, ""counts_toward_headline_score"": true, ""counts_toward_official_topic_score"": true, ""scoring_metric"": ""binary_accuracy"", ""time_limit_minutes"": 30, ""topic_scoring_group"": ""geometry_spatial"", ""track"": ""answer_only_difficulty_selected_core""}"
puzzle-80d4b3a5623fe216a92f,AIME_I 2007 #13,2007,geometry_spatial,,spatial_visualization | euclidean_geometry,numeric_answer,"A square pyramid with base $ABCD$ and vertex $E$ has eight edges of length $4$. A plane passes through the midpoints of $AE$, $BC$, and $CD$. The plane's intersection with the pyramid has an area that can be expressed as $\sqrt{p}$. Find $p$.",$80$,"Note first that the intersection is a pentagon.
Use 3D analytical geometry, setting the origin as the center of the square base and the pyramid's points oriented as shown above. $A(-2,2,0),\ B(2,2,0),\ C(2,-2,0),\ D(-2,-2,0),\ E(0,0,2\sqrt{2})$. Using the coordinates of the three points of intersection $(-1,1,\sqrt{2}),\ (2,0,0),\ (0,-2,0)$, it is possible to determine the equation of the plane. The equation of a plane resembles $ax + by + cz = d$, and using the points we find that $2a = d \Longrightarrow d = \frac{a}{2}$, $-2b = d \Longrightarrow d = \frac{-b}{2}$, and $-a + b + \sqrt{2}c = d \Longrightarrow -\frac{d}{2} - \frac{d}{2} + \sqrt{2}c = d \Longrightarrow c = d\sqrt{2}$. It is then $x - y + 2\sqrt{2}z = 2$.
[asy]import three; pointpen = black; pathpen = black+linewidth(0.7); currentprojection = perspective(2.5,-12,4); triple A=(-2,2,0), B=(2,2,0), C=(2,-2,0), D=(-2,-2,0), E=(0,0,2*2^.5), P=(A+E)/2, Q=(B+C)/2, R=(C+D)/2, Y=(-3/2,-3/2,2^.5/2),X=(3/2,3/2,2^.5/2); draw(A--B--C--D--A--E--B--E--C--E--D); label(""A"",A, SE); label(""B"",B,(1,0,0)); label(""C"",C, SE); label(""D"",D, W); label(""E"",E,N); label(""P"",P, NW); label(""Q"",Q,(1,0,0)); label(""R"",R, S); label(""Y"",Y,NW); label(""X"",X,NE); draw(P--X--Q--R--Y--cycle,linetype(""6 6"")+linewidth(0.7)); [/asy]
[asy] pointpen = black; pathpen = black+linewidth(0.7); pair P = (0, 2.5^.5), X = (3/2^.5,0), Y = (-3/2^.5,0), Q = (2^.5,-2.5^.5), R = (-2^.5,-2.5^.5); D(MP(""P"",P,N)--MP(""X"",X,NE)--MP(""Q"",Q)--MP(""R"",R)--MP(""Y"",Y,NW)--cycle); D(X--Y,linetype(""6 6"") + linewidth(0.7)+blue); D(P--(0,-P.y),linetype(""6 6"") + linewidth(0.7) + red); MP(""\color{blue}{3\sqrt{2}}"",(X+Y)/2); MP(""2\sqrt{2}"",(Q+R)/2); MP(""\color{red}{\sqrt{\frac{5}{2}}}"",(0,-P.y/2),E); MP(""\color{red}{\sqrt{\frac{5}{2}}}"",(0,2*P.y/5),E); [/asy]
Write the equation of the lines and substitute to find that the other two points of intersection on $\overline{BE}$, $\overline{DE}$ are $\left(\frac{\pm 3}{2},\frac{\pm 3}{2},\frac{\sqrt{2}}{2}\right)$. To find the area of the pentagon, break it up into pieces (an isosceles triangle on the top, an isosceles trapezoid on the bottom). Using the distance formula ($\sqrt{a^2 + b^2 + c^2}$), it is possible to find that the area of the triangle is $\frac{1}{2}bh \Longrightarrow \frac{1}{2} 3\sqrt{2} \cdot \sqrt{\frac 52} = \frac{3\sqrt{5}}{2}$. The trapezoid has area $\frac{1}{2}h(b_1 + b_2) \Longrightarrow \frac 12\sqrt{\frac 52}\left(2\sqrt{2} + 3\sqrt{2}\right) = \frac{5\sqrt{5}}{2}$. In total, the area is $4\sqrt{5} = \sqrt{80}$, and the solution is $\boxed{80}$.","{""bucket"": ""very_hard""}",needs_review,False,,"{""answer_only_scorable"": true, ""benchmark_core"": true, ""counts_toward_headline_score"": true, ""counts_toward_official_topic_score"": true, ""scoring_metric"": ""binary_accuracy"", ""time_limit_minutes"": 30, ""topic_scoring_group"": ""geometry_spatial"", ""track"": ""answer_only_difficulty_selected_core""}"
puzzle-80eec994eb402580eccb,AIME_I 2013 #13,2013,geometry_spatial,,spatial_visualization | euclidean_geometry,numeric_answer,"Triangle $AB_0C_0$ has side lengths $AB_0 = 12$, $B_0C_0 = 17$, and $C_0A = 25$. For each positive integer $n$, points $B_n$ and $C_n$ are located on $\overline{AB_{n-1}}$ and $\overline{AC_{n-1}}$, respectively, creating three similar triangles $\triangle AB_nC_n \sim \triangle B_{n-1}C_nC_{n-1} \sim \triangle AB_{n-1}C_{n-1}$. The area of the union of all triangles $B_{n-1}C_nB_n$ for $n\geq1$ can be expressed as $\tfrac pq$, where $p$ and $q$ are relatively prime positive integers. Find $q$.",$961$,"Note that every $B_nC_n$ is parallel to each other for any nonnegative $n$. Also, the area we seek is simply the ratio $k=\frac{[B_0B_1C_1]}{[B_0B_1C_1]+[C_1C_0B_0]}$, because it repeats in smaller and smaller units. Note that the area of the triangle, by Heron's formula, is 90.
For ease, all ratios I will use to solve this problem are with respect to the area of $[AB_0C_0]$. For example, if I say some area has ratio $\frac{1}{2}$, that means its area is 45.
Now note that $k=$ 1 minus ratio of $[B_1C_1A]$ minus ratio $[B_0C_0C_1]$. We see by similar triangles given that ratio $[B_0C_0C_1]$ is $\frac{17^2}{25^2}$. Ratio $[B_1C_1A]$ is $(\frac{336}{625})^2$, after seeing that $C_1C_0 = \frac{289}{625}$, . Now it suffices to find 90 times ratio $[B_0B_1C_1]$, which is given by 1 minus the two aforementioned ratios. Substituting these ratios to find $k$ and clearing out the $5^8$, we see that the answer is $90\cdot \frac{5^8-336^2-17^2\cdot 5^4}{5^8-336^2}$, which gives $q= \boxed{961}$.","{""bucket"": ""very_hard""}",needs_review,False,,"{""answer_only_scorable"": true, ""benchmark_core"": true, ""counts_toward_headline_score"": true, ""counts_toward_official_topic_score"": true, ""scoring_metric"": ""binary_accuracy"", ""time_limit_minutes"": 30, ""topic_scoring_group"": ""geometry_spatial"", ""track"": ""answer_only_difficulty_selected_core""}"
puzzle-82f2e3e5416e26ff776b,Wandering the Woods,,geometry_spatial,logic_constraints | cryptography_ciphers,spatial_visualization | visual_decoding | logical_inference | constraint_propagation | encoding_decoding | indexing_extraction | meta_extraction | pathfinding,image_puzzle | meta_puzzle | path_route,"Title: Wandering the Woods

Wirt and Greg got lost in the woods, but The Woodsman left signposts for them to follow.

The complete puzzle statement and its visual/structured clues are in the required question asset(s):
- assets/e1fb5db849a8603fe124d017cfffe4ca5036859fb7b516d8e678cdffbab17097.png

Return the short canonical final answer.",ROUNDABOUT,"1. Fill in the numbers and letters in the squares by following the puzzle rules.
   Reasoning figure: assets/0cc216e2a404ed6135388b9819a37a47eb63cde11503fcb39a718985eff48453.png

2. Trace a path between the number ranges listed below the blanks to extract each letter of the answer: ROUNDABOUT.
   Reasoning figure: assets/0ac073efd7d645eb92c794e4c42d5590b79579d54981a207bfef66e134fafb7f.png","{""bucket"": ""hard""}",needs_review,True,"[{""bytes"": 150052, ""content_type"": ""image/png"", ""path"": ""assets/e1fb5db849a8603fe124d017cfffe4ca5036859fb7b516d8e678cdffbab17097.png"", ""role"": ""question"", ""sha256"": ""e1fb5db849a8603fe124d017cfffe4ca5036859fb7b516d8e678cdffbab17097""}, {""bytes"": 174474, ""content_type"": ""image/png"", ""path"": ""assets/0cc216e2a404ed6135388b9819a37a47eb63cde11503fcb39a718985eff48453.png"", ""role"": ""explanation"", ""sha256"": ""0cc216e2a404ed6135388b9819a37a47eb63cde11503fcb39a718985eff48453""}, {""bytes"": 484332, ""content_type"": ""image/png"", ""path"": ""assets/0ac073efd7d645eb92c794e4c42d5590b79579d54981a207bfef66e134fafb7f.png"", ""role"": ""explanation"", ""sha256"": ""0ac073efd7d645eb92c794e4c42d5590b79579d54981a207bfef66e134fafb7f""}]","{""answer_only_scorable"": true, ""benchmark_core"": true, ""counts_toward_headline_score"": true, ""counts_toward_official_topic_score"": true, ""scoring_metric"": ""binary_accuracy"", ""time_limit_minutes"": 30, ""topic_scoring_group"": ""geometry_spatial"", ""track"": ""answer_only_upstream_hard_core""}"
puzzle-83d6cf44e4de99a85df9,AIME_II 2001 #15,2001,geometry_spatial,,spatial_visualization | euclidean_geometry,numeric_answer,"Let $EFGH$, $EFDC$, and $EHBC$ be three adjacent square faces of a cube, for which $EC = 8$, and let $A$ be the eighth vertex of the cube. Let $I$, $J$, and $K$, be the points on $\overline{EF}$, $\overline{EH}$, and $\overline{EC}$, respectively, so that $EI = EJ = EK = 2$. A solid $S$ is obtained by drilling a tunnel through the cube. The sides of the tunnel are planes parallel to $\overline{AE}$, and containing the edges, $\overline{IJ}$, $\overline{JK}$, and $\overline{KI}$. The surface area of $S$, including the walls of the tunnel, is $m + n\sqrt {p}$, where $m$, $n$, and $p$ are positive integers and $p$ is not divisible by the square of any prime. Find $m + n + p$.",$417$,"[asy] import three; currentprojection = orthographic(camera=(1/4,2,3/4)); defaultpen(linewidth(0.7)); pen l = linewidth(0.5) + linetype(""10 2""); triple S=(1,0,0), T=(2,0,2), U=(8,6,8), V=(8,8,6), W=(2,2,0), X=(6,8,8); draw((1,0,0)--(8,0,0)--(8,0,8)--(0,0,8)--(0,0,1)); draw((1,0,0)--(8,0,0)--(8,8,0)--(0,8,0)--(0,1,0),l); draw((0,8,0)--(0,8,8)); draw((0,8,8)--(0,0,8)--(0,0,1)); draw((8,8,0)--(8,8,6),l); draw((8,0,8)--(8,6,8)); draw((0,8,8)--(6,8,8)); draw(S--T--U--V--W--cycle); draw((0,0,1)--T--U--X--(0,2,2)--cycle); draw((0,1,0)--W--V--X--(0,2,2)--cycle); [/asy] [asy] import three; currentprojection = orthographic(camera=(1/2,1/3,-1/4)); defaultpen(linewidth(0.7)); pen l = linewidth(0.5) + linetype(""10 2""); triple S=(1,0,0), T=(2,0,2), U=(8,6,8), V=(8,8,6), W=(2,2,0), X=(6,8,8); draw((1,0,0)--(8,0,0)--(8,0,8),l); draw((8,0,8)--(0,0,8)); draw((0,0,8)--(0,0,1),l); draw((8,0,0)--(8,8,0)); draw((8,8,0)--(0,8,0)); draw((0,8,0)--(0,1,0),l); draw((0,8,0)--(0,8,8)); draw((0,0,8)--(0,0,1),l); draw((8,8,0)--(8,8,6)); draw((8,0,8)--(8,6,8)); draw((0,0,8)--(0,8,8)--(6,8,8)); draw(S--T--U--V--W--cycle); draw((0,0,1)--T--U--X--(0,2,2)--cycle); draw((0,1,0)--W--V--X--(0,2,2)--cycle); [/asy]
Set the coordinate system so that vertex $E$, where the drilling starts, is at $(8,8,8)$. Using a little visualization (involving some similar triangles, because we have parallel lines) shows that the tunnel meets the bottom face (the xy plane one) in the line segments joining $(1,0,0)$ to $(2,2,0)$, and $(0,1,0)$ to $(2,2,0)$, and similarly for the other three faces meeting at the origin (by symmetry). So one face of the tunnel is the polygon with vertices (in that order), $S(1,0,0), T(2,0,2), U(8,6,8), V(8,8,6), W(2,2,0)$, and the other two faces of the tunnel are congruent to this shape. 
Observe that this shape is made up of two congruent trapezoids each with height $\sqrt {2}$ and bases $7\sqrt {3}$ and $6\sqrt {3}$. Together they make up an area of $\sqrt {2}(7\sqrt {3} + 6\sqrt {3}) = 13\sqrt {6}$. The total area of the tunnel is then $3\cdot13\sqrt {6} = 39\sqrt {6}$. Around the corner $E$ we're missing an area of $6$, the same goes for the corner opposite $E$ . So the outside area is $6\cdot 64 - 2\cdot 6 = 372$. Thus the the total surface area is $372 + 39\sqrt {6}$, and the answer is $372 + 39 + 6 = \boxed{417}$.","{""bucket"": ""very_hard""}",needs_review,False,,"{""answer_only_scorable"": true, ""benchmark_core"": true, ""counts_toward_headline_score"": true, ""counts_toward_official_topic_score"": true, ""scoring_metric"": ""binary_accuracy"", ""time_limit_minutes"": 30, ""topic_scoring_group"": ""geometry_spatial"", ""track"": ""answer_only_difficulty_selected_core""}"
puzzle-857b1b0ba9d7ade49953,AIME_II 2000 #10,2000,geometry_spatial,,spatial_visualization | euclidean_geometry,numeric_answer,"A circle is inscribed in quadrilateral $ABCD$, tangent to $\overline{AB}$ at $P$ and to $\overline{CD}$ at $Q$. Given that $AP=19$, $PB=26$, $CQ=37$, and $QD=23$, find the square of the radius of the circle.",$647$,"Call the center of the circle $O$. By drawing the lines from $O$ tangent to the sides and from $O$ to the vertices of the quadrilateral, four pairs of congruent right triangles are formed.
Thus, $\angle{AOP}+\angle{POB}+\angle{COQ}+\angle{QOD}=180$, or $(\arctan(\tfrac{19}{r})+\arctan(\tfrac{26}{r}))+(\arctan(\tfrac{37}{r})+\arctan(\tfrac{23}{r}))=180$.
Take the $\tan$ of both sides and use the identity for $\tan(A+B)$ to get \[\tan(\arctan(\tfrac{19}{r})+\arctan(\tfrac{26}{r}))+\tan(\arctan(\tfrac{37}{r})+\arctan(\tfrac{23}{r}))=n\cdot0=0.\]
Use the identity for $\tan(A+B)$ again to get \[\frac{\tfrac{45}{r}}{1-19\cdot\tfrac{26}{r^2}}+\frac{\tfrac{60}{r}}{1-37\cdot\tfrac{23}{r^2}}=0.\]
Solving gives $r^2=\boxed{647}$.
Note: the equation may seem nasty at first, but once you cancel the $r$s and other factors, you are just left with $r^2$. That gives us $647$ quite easily.","{""bucket"": ""hard_candidate""}",needs_review,False,,"{""answer_only_scorable"": true, ""benchmark_core"": true, ""counts_toward_headline_score"": true, ""counts_toward_official_topic_score"": true, ""scoring_metric"": ""binary_accuracy"", ""time_limit_minutes"": 30, ""topic_scoring_group"": ""geometry_spatial"", ""track"": ""answer_only_difficulty_selected_core""}"
puzzle-85c092e03b9a1c714445,AIME_I 2006 #10,2006,geometry_spatial,,spatial_visualization | euclidean_geometry,numeric_answer,"Eight circles of diameter 1 are packed in the first quadrant of the coordinate plane as shown. Let region $\mathcal{R}$ be the union of the eight circular regions. Line $l,$ with slope 3, divides $\mathcal{R}$ into two regions of equal area. Line $l$'s equation can be expressed in the form $ax=by+c,$ where $a, b,$ and $c$ are positive integers whose greatest common divisor is 1. Find $a^2+b^2+c^2.$ [asy] size(150);defaultpen(linewidth(0.7)); draw((6.5,0)--origin--(0,6.5), Arrows(5)); int[] array={3,3,2}; int i,j; for(i=0; i<3; i=i+1) { for(j=0; j<array[i]; j=j+1) { draw(Circle((1+2*i,1+2*j),1)); }} label(""x"", (7,0)); label(""y"", (0,7));[/asy]",$65$,"The line passing through the tangency point of the bottom left circle and the one to its right and through the tangency of the top circle in the middle column and the one beneath it is the line we are looking for: a line passing through the tangency of two circles cuts congruent areas, so our line cuts through the four aforementioned circles splitting into congruent areas, and there are an additional two circles on each side. The line passes through $\left(1,\frac 12\right)$ and $\left(\frac 32,2\right)$, which can be easily solved to be $6x = 2y + 5$. Thus, $a^2 + b^2 + c^2 = \boxed{65}$.","{""bucket"": ""hard_candidate""}",needs_review,False,,"{""answer_only_scorable"": true, ""benchmark_core"": true, ""counts_toward_headline_score"": true, ""counts_toward_official_topic_score"": true, ""scoring_metric"": ""binary_accuracy"", ""time_limit_minutes"": 30, ""topic_scoring_group"": ""geometry_spatial"", ""track"": ""answer_only_difficulty_selected_core""}"
puzzle-865b9034c12f13dd4c03,Puzzle 865b9034c12f13dd4c03,1985,geometry_spatial,,spatial_visualization | euclidean_geometry,numeric_answer,"An ellipse has foci at $(9,20)$ and $(49,55)$ in the $xy$-plane and is tangent to the $x$-axis. What is the length of its major axis?",$85$,"An ellipse is defined to be the locus of points $P$ such that the sum of the distances between $P$ and the two foci is constant. Let $F_1 = (9, 20)$, $F_2 = (49, 55)$ and $X = (x, 0)$ be the point of tangency of the ellipse with the $x$-axis. Then $X$ must be the point on the axis such that the sum $F_1X + F_2X$ is minimal. (The last claim begs justification: Let $F'_2$ be the reflection of $F_2$ across the $x$-axis. Let $Y$ be where the line through $F_1$ and $F'_2$ intersects the ellipse. We will show that $X=Y$. Note that $X F_2 = X F'_2$ since $X$ is on the $x$-axis. Also, since the entire ellipse is on or above the $x$-axis and the line through $F_2$ and $F'_2$ is perpendicular to the $x$-axis, we must have $F_2 Y \leq F'_2 Y$ with equality if and only if $Y$ is on the $x$-axis. Now, we have
\[F_1 X + F'_2 X = F_1 X + F_2 X = F_1 Y + F_2 Y \leq F_1 Y + F'_2 Y\]
But the right most sum is the straight-line distance from $F_1$ to $F'_2$ and the left is the distance of some path from $F_1$ to $F_2$., so this is only possible if we have equality and thus $X = Y$). Finding the optimal location for $X$ is a classic problem: for any path from $F_1$ to $X$ and then back to $F_2$, we can reflect (as above) the second leg of this path (from $X$ to $F_2$) across the $x$-axis. Then our path connects $F_1$ to the reflection $F_2'$ of $F_2$ via some point on the $x$-axis, and this path will have shortest length exactly when our original path has shortest length. This occurs exactly when we have a straight-line path, and by the above argument, this path passes through the point of tangency of the ellipse with the $x-$axis. 
[asy] size(200); pointpen=black;pathpen=black+linewidth(0.6);pen f = fontsize(10); pair F1=(9,20),F2=(49,55); D(shift((F1+F2)/2)*rotate(41.186)*scale(85/2,10*11^.5)*unitcircle); D((-20,0)--(80,0)--(0,0)--(0,80)--(0,-60)); path p = F1--(49,-55); pair X = IP(p,(0,0)--(80,0)); D(p,dashed);D(F1--X--F2);D(F1);D(F2);D((49,-55)); MP(""X"",X,SW,f); MP(""F_1"",F1,NW,f); MP(""F_2"",F2,NW,f); MP(""F_2'"",(49,-55),NE,f); [/asy]
The sum of the two distances $F_1 X$ and $F_2X$ is therefore equal to the length of the segment $F_1F_2'$, which by the distance formula is just $d = \sqrt{(9 - 49)^2 + (20 + 55)^2} = \sqrt{40^2 + 75^2} = 5\sqrt{8^2 + 15^2} = 5\cdot 17 = 85$. 
Finally, let $A$ and $B$ be the two endpoints of the major axis of the ellipse. Then by symmetry $AF_1 = F_2B$ so $AB = AF_1 + F_1B = F_2B + F_1B = d$ (because $B$ is on the ellipse), so the answer is $\boxed{85}$.","{""bucket"": ""hard_candidate""}",needs_review,False,,"{""answer_only_scorable"": true, ""benchmark_core"": true, ""counts_toward_headline_score"": true, ""counts_toward_official_topic_score"": true, ""scoring_metric"": ""binary_accuracy"", ""time_limit_minutes"": 30, ""topic_scoring_group"": ""geometry_spatial"", ""track"": ""answer_only_difficulty_selected_core""}"
puzzle-873a7061822af0efccb7,Puzzle 873a7061822af0efccb7,1992,geometry_spatial,,spatial_visualization | euclidean_geometry,numeric_answer,Triangle $ABC$ has $AB=9$ and $BC: AC=40: 41$. What's the largest area that this triangle can have?,$820$,"First, consider the triangle in a coordinate system with vertices at $(0,0)$, $(9,0)$, and $(a,b)$. Applying the distance formula, we see that $\frac{ \sqrt{a^2 + b^2} }{ \sqrt{ (a-9)^2 + b^2 } } = \frac{40}{41}$.
We want to maximize $b$, the height, with $9$ being the base.
Simplifying gives $-a^2 -\frac{3200}{9}a +1600 = b^2$.
To maximize $b$, we want to maximize $b^2$. So if we can write: $b^2=-(a+n)^2+m$, then $m$ is the maximum value of $b^2$ (this follows directly from the trivial inequality, because if ${x^2 \ge 0}$ then plugging in $a+n$ for $x$ gives us ${(a+n)^2 \ge 0}$).
$b^2=-a^2 -\frac{3200}{9}a +1600=-\left(a +\frac{1600}{9}\right)^2 +1600+\left(\frac{1600}{9}\right)^2$.
$\Rightarrow b\le\sqrt{1600+\left(\frac{1600}{9}\right)^2}=40\sqrt{1+\frac{1600}{81}}=\frac{40}{9}\sqrt{1681}=\frac{40\cdot 41}{9}$.
Then the area is $9\cdot\frac{1}{2} \cdot \frac{40\cdot 41}{9} = \boxed{820}$.","{""bucket"": ""very_hard""}",needs_review,False,,"{""answer_only_scorable"": true, ""benchmark_core"": true, ""counts_toward_headline_score"": true, ""counts_toward_official_topic_score"": true, ""scoring_metric"": ""binary_accuracy"", ""time_limit_minutes"": 30, ""topic_scoring_group"": ""geometry_spatial"", ""track"": ""answer_only_difficulty_selected_core""}"
puzzle-888f33ec8f838addd099,Puzzle 888f33ec8f838addd099,2026-01-05,geometry_spatial,algorithms_computation,euclidean_geometry | logical_inference | computational_verification | coordinate_geometry,proof_problem | geometry_problem,"In a non-degenerate Euclidean configuration, perform the following constructions. All intersections and choices are those satisfying the stated incidences; directed angles are taken modulo 180°.
1. Let A and B be distinct points.
2. Line CB is perpendicular to line AB.
3. Line DC is perpendicular to line BC.
4. Line DA is perpendicular to line AB.
5. Let E be the midpoint of segment CD.
6. Let F be the midpoint of segment BC.
7. Let G be the midpoint of segment AB.
8. Let H be the midpoint of segment AD.
Prove that HG = HE.
Formal statement: `a b = segment a b; c = on_tline c b a b; d = on_tline d c b c, on_tline d a a b; e = midpoint e c d; f = midpoint f b c; g = midpoint g a b; h = midpoint h a d ? cong h g h e`",HG = HE,"Machine-verified DDAR proof trace.
Premises used:
Points introduced: A.
Points introduced: B.
Points introduced: C.
[00] BC ⟂ AB
Points introduced: D.
[01] AB ⟂ DA
[02] BC ⟂ DC
Points introduced: E.
[03] C,E,D are collinear
[04] EC = ED
Points introduced: G.
[05] B,G,A are collinear
[06] GA = GB
Points introduced: H.
[07] H,A,D are collinear
[08] HA = HD
Proof steps:
001. B,G,A are collinear [05] & GA = GB [06] --deduction--> G is midpoint of BA [09]
002. H,A,D are collinear [07] & HA = HD [08] --deduction--> H is midpoint of AD [10]
003. G is midpoint of BA [09] & H is midpoint of AD [10] --r06--> GH ∥ BD [11]
004. GH ∥ BD [11] & H,A,D are collinear [07] & B,G,A are collinear [05] --r07--> AH:AD = HG:DB [12]
005. C,E,D are collinear [03] & EC = ED [04] --deduction--> E is midpoint of CD [13]
006. E is midpoint of CD [13] & H is midpoint of AD [10] --r06--> EH ∥ CA [14]
007. EH ∥ AC [14] & H,A,D are collinear [07] & C,E,D are collinear [03] --r07--> DH:DA = HE:AC [15]
008. AB ⟂ DA [01] & BC ⟂ AB [00] --deduction--> DA ∥ BC [16]
009. BC ⟂ AB [00] & BC ∥ AD [16] & BC ⟂ DC [02] --deduction--> ∠ADC = ∠ABC [17]
010. ∠ADC = ∠ABC [17] --r04--> B,C,A,D are concyclic [18]
011. BC ⟂ DC [02] & BC ⟂ AB [00] --deduction--> ∠BCD = ∠CBA [19]
012. B,C,A,D are concyclic [18] & ∠BCD = ∠CBA [19] --r05--> BD = CA [20]
013. AH:AD = HG:DB [12] & HA = HD [08] & DH:DA = HE:AC [15] & BD = CA [20] --deduction--> EH:CA = HG:CA [21]
014. EC = ED [04] & GB = GA [06] --deduction--> EC:ED = GB:GA [22]
015. AD ∥ BC [16] & C,E,D are collinear [03] & B,G,A are collinear [05] & EC:ED = GB:GA [22] --r41--> EG ∥ CB [23]
016. B,G,A are collinear [05] & E,C,D are collinear [03] & BC ∥ EG [23] & BC ∥ AD [16] & BC ⟂ DC [02] & BC ⟂ AB [00] --deduction--> ∠EGA = ∠ADE [24]
017. B,G,A are collinear [05] & E,C,D are collinear [03] & BC ⟂ DC [02] & BC ⟂ AB [00] --deduction--> ∠EAG = ∠AED [25]
018. ∠EGA = ∠ADE [24] & ∠EAG = ∠AED [25] --Similar triangles--> EG = AD [26]
019. CA = BD [20] & EG = AD [26] --deduction--> CA:EG = CA:EG [27]
020. EH:CA = HG:CA [21] & CA:EG = CA:EG [27] --r10--> EH = HG
Verified conclusion: HG = HE.","{""bucket"": ""hard_candidate""}",machine_verified,False,,"{""answer_only_scorable"": false, ""answer_type"": ""proof_certificate"", ""benchmark_core"": false, ""canonical_reference_field"": ""explanation"", ""counts_toward_headline_score"": false, ""counts_toward_official_topic_score"": false, ""formal_verification_applies_to"": ""formal_statement"", ""reference_proof_type"": ""machine_verified_ddar_trace"", ""scoring_metric"": ""proof_certificate_validity"", ""scoring_requires_proof"": true, ""submission_requirement"": ""A complete proof certificate establishing the stated theorem; repeating answer_only receives no credit."", ""time_limit_minutes"": 60, ""topic_scoring_group"": ""geometry_spatial"", ""track"": ""proof_certificate""}"
puzzle-88eaf1f06488d794050e,Puzzle 88eaf1f06488d794050e,1993,geometry_spatial,,spatial_visualization | euclidean_geometry,numeric_answer,"A rectangle that is inscribed in a larger rectangle (with one vertex on each side) is called unstuck if it is possible to rotate (however slightly) the smaller rectangle about its center within the confines of the larger. Of all the rectangles that can be inscribed unstuck in a 6 by 8 rectangle, the smallest perimeter has the form $\sqrt{N}\,$, for a positive integer $N\,$. Find $N\,$.",$448$,"Put the rectangle on the coordinate plane so its vertices are at $(\pm4,\pm3)$, for all four combinations of positive and negative. Then by symmetry, the other rectangle is also centered at the origin, $O$.
Note that such a rectangle is unstuck if its four vertices are in or on the edge of all four quadrants, and it is not the same rectangle as the big one. Let the four vertices of this rectangle be $A(4,y)$, $B(-x,3)$, $C(-4,-y)$ and $D(x,-3)$ for nonnegative $x,y$. Then this is a rectangle, so $OA=OB$, or $16+y^2=9+x^2$, so $x^2=y^2+7$.
Reflect $D$ across the side of the rectangle containing $C$ to $D'(-8-x,-3)$. Then $BD'=\sqrt{(-8-x-(-x))^2+(3-(-3))^2}=10$ is constant, and the perimeter of the rectangle is equal to $2(BC+CD')$. The midpoint of $\overline{BD'}$ is $(-4-x,0)$, and since $-4>-4-x$ and $-y\le0$, $C$ always lies below $\overline{BD'}$.
If $y$ is positive, it can be decreased to $y'<y$. This causes $x$ to decrease as well, to $x'$, where $x'^2=y'^2+7$ and $x'$ is still positive. If $B$ and $D'$ are held in place as everything else moves, then $C$ moves $(y-y')$ units up and $(x-x')$ units left to $C'$, which must lie within $\triangle BCD'$. Then we must have $BC'+C'D'<BC+CD'$, and the perimeter of the rectangle is decreased. Therefore, the minimum perimeter must occur with $y=0$, so $x=\sqrt7$.
By the distance formula, this minimum perimeter is \[2\left(\sqrt{(4-\sqrt7)^2+3^2}+\sqrt{(4+\sqrt7)^2+3^2}\right)=4\left(\sqrt{8-2\sqrt7}+\sqrt{8+2\sqrt7}\right)\] \[=4(\sqrt7-1+\sqrt7+1)=8\sqrt7=\sqrt{448}.\] Therefore $N$ would equal $\boxed{448}.$","{""bucket"": ""very_hard""}",needs_review,False,,"{""answer_only_scorable"": true, ""benchmark_core"": true, ""counts_toward_headline_score"": true, ""counts_toward_official_topic_score"": true, ""scoring_metric"": ""binary_accuracy"", ""time_limit_minutes"": 30, ""topic_scoring_group"": ""geometry_spatial"", ""track"": ""answer_only_difficulty_selected_core""}"
puzzle-8a9d4e7afca08b582613,AIME_I 2016 #15,2016,geometry_spatial,,spatial_visualization | euclidean_geometry,numeric_answer,"Circles $\omega_1$ and $\omega_2$ intersect at points $X$ and $Y$. Line $\ell$ is tangent to $\omega_1$ and $\omega_2$ at $A$ and $B$, respectively, with line $AB$ closer to point $X$ than to $Y$. Circle $\omega$ passes through $A$ and $B$ intersecting $\omega_1$ again at $D \neq A$ and intersecting $\omega_2$ again at $C \neq B$. The three points $C$, $Y$, $D$ are collinear, $XC = 67$, $XY = 47$, and $XD = 37$. Find $AB^2$.",$270$,"Let $Z = XY \cap AB$. By the radical axis theorem $AD, XY, BC$ are concurrent, say at $P$. Moreover, $\triangle DXP \sim \triangle PXC$ by simple angle chasing. Let $y = PX, x = XZ$. Then \[\frac{y}{37} = \frac{67}{y} \qquad \implies \qquad y^2 = 37 \cdot 67.\] Now, $AZ^2 = \tfrac 14 AB^2$, and by power of a point, \begin{align*} x(y-x) &= \tfrac 14 AB^2, \quad \text{and} \\ x(47+x) &= \tfrac 14 AB^2 \end{align*} Solving, we get \[\tfrac 14 AB^2 = \tfrac 12 (y-47)\cdot \tfrac 12 (y+47) \qquad \implies\]
\[\qquad AB ^ 2 = 37\cdot 67 - 47^2 = \boxed{270}\]","{""bucket"": ""very_hard""}",needs_review,False,,"{""answer_only_scorable"": true, ""benchmark_core"": true, ""counts_toward_headline_score"": true, ""counts_toward_official_topic_score"": true, ""scoring_metric"": ""binary_accuracy"", ""time_limit_minutes"": 30, ""topic_scoring_group"": ""geometry_spatial"", ""track"": ""answer_only_difficulty_selected_core""}"
puzzle-8b17d608ca224da01c89,AIME_I 2005 #10,2005,geometry_spatial,,spatial_visualization | euclidean_geometry,numeric_answer,"Triangle $ABC$ lies in the cartesian plane and has an area of $70$. The coordinates of $B$ and $C$ are $(12,19)$ and $(23,20),$ respectively, and the coordinates of $A$ are $(p,q).$ The line containing the median to side $BC$ has slope $-5.$ Find the largest possible value of $p+q.$ [asy]defaultpen(fontsize(8)); size(170); pair A=(15,32), B=(12,19), C=(23,20), M=B/2+C/2, P=(17,22); draw(A--B--C--A);draw(A--M);draw(B--P--C); label(""A (p,q)"",A,(1,1));label(""B (12,19)"",B,(-1,-1));label(""C (23,20)"",C,(1,-1));label(""M"",M,(0.2,-1)); label(""(17,22)"",P,(1,1)); dot(A^^B^^C^^M^^P);[/asy]",$47$,"The midpoint $M$ of line segment $\overline{BC}$ is $\left(\frac{35}{2}, \frac{39}{2}\right)$. The equation of the median can be found by $-5 = \frac{q - \frac{39}{2}}{p - \frac{35}{2}}$. Cross multiply and simplify to yield that $-5p + \frac{35 \cdot 5}{2} = q - \frac{39}{2}$, so $q = -5p + 107$.
Use determinants to find that the area of $\triangle ABC$ is $\frac{1}{2} \begin{vmatrix}p & 12 & 23 \\ q & 19 & 20 \\ 1 & 1 & 1\end{vmatrix} = 70$ (note that there is a missing absolute value; we will assume that the other solution for the triangle will give a smaller value of $p+q$, which is provable by following these steps over again) (alternatively, we could use the Shoelace Theorem). We can calculate this determinant to become $140 = \begin{vmatrix} 12 & 23 \\ 19 & 20 \end{vmatrix} - \begin{vmatrix} p & q \\ 23 & 20 \end{vmatrix} + \begin{vmatrix} p & q \\ 12 & 19 \end{vmatrix}$ $\Longrightarrow 140 = 240 - 437 - 20p + 23q + 19p - 12q$ $= -197 - p + 11q$. Thus, $q = \frac{1}{11}p + \frac{337}{11}$.
Setting this equation equal to the equation of the median, we get that $\frac{1}{11}p + \frac{337}{11} = -5p + 107$, so $\frac{56}{11}p = \frac{107 \cdot 11 - 337}{11}$. Solving produces that $p = 15$. Substituting backwards yields that $q = 32$; the solution is $p + q = \boxed{47}$.","{""bucket"": ""hard_candidate""}",needs_review,False,,"{""answer_only_scorable"": true, ""benchmark_core"": true, ""counts_toward_headline_score"": true, ""counts_toward_official_topic_score"": true, ""scoring_metric"": ""binary_accuracy"", ""time_limit_minutes"": 30, ""topic_scoring_group"": ""geometry_spatial"", ""track"": ""answer_only_difficulty_selected_core""}"
puzzle-8b2948e667d44fd46f06,AIME_I 2011 #13,2011,geometry_spatial,,spatial_visualization | euclidean_geometry,numeric_answer,"A cube with side length 10 is suspended above a plane. The vertex closest to the plane is labeled $A$. The three vertices adjacent to vertex $A$ are at heights 10, 11, and 12 above the plane. The distance from vertex $A$ to the plane can be expressed as $\frac{r-\sqrt{s}}{t}$, where $r$, $s$, and $t$ are positive integers. Find $r+s+t$.",$330$,"Set the cube at the origin with the three vertices along the axes and the plane equal to $ax+by+cz+d=0$, where $a^2+b^2+c^2=1$. The distance from a point $(X,Y,Z)$ to a plane with equation $Ax+By+Cz+D=0$ is 
\[\frac{AX+BY+CZ+D}{\sqrt{A^2+B^2+C^2}},\]
so the (directed) distance from any point $(x,y,z)$ to the plane is $ax+by+cz+d$. So, by looking at the three vertices, we have $10a+d=10, 10b+d=11, 10c+d=12$, and by rearranging and summing, \[(10-d)^2+(11-d)^2+(12-d)^2= 100\cdot(a^2+b^2+c^2)=100.\]
Solving the equation is easier if we substitute $11-d=y$, to get $3y^2+2=100$, or $y=\sqrt {98/3}$. The distance from the origin to the plane is simply $d$, which is equal to $11-\sqrt{98/3} =(33-\sqrt{294})/3$, so $33+294+3=\boxed{330}$.","{""bucket"": ""very_hard""}",needs_review,False,,"{""answer_only_scorable"": true, ""benchmark_core"": true, ""counts_toward_headline_score"": true, ""counts_toward_official_topic_score"": true, ""scoring_metric"": ""binary_accuracy"", ""time_limit_minutes"": 30, ""topic_scoring_group"": ""geometry_spatial"", ""track"": ""answer_only_difficulty_selected_core""}"
puzzle-8b3f702ba40a97e9eb56,AIME_II 2002 #13,2002,geometry_spatial,,spatial_visualization | euclidean_geometry,numeric_answer,"In triangle $ABC,$ point $D$ is on $\overline{BC}$ with $CD = 2$ and $DB = 5,$ point $E$ is on $\overline{AC}$ with $CE = 1$ and $EA = 3,$ $AB = 8,$ and $\overline{AD}$ and $\overline{BE}$ intersect at $P.$ Points $Q$ and $R$ lie on $\overline{AB}$ so that $\overline{PQ}$ is parallel to $\overline{CA}$ and $\overline{PR}$ is parallel to $\overline{CB}.$ It is given that the ratio of the area of triangle $PQR$ to the area of triangle $ABC$ is $m/n,$ where $m$ and $n$ are relatively prime positive integers. Find $m + n$.",$901$,"Let $X$ be the intersection of $\overline{CP}$ and $\overline{AB}$. 
[asy] size(10cm); pair A,B,C,D,E,X,P,Q,R; A=(0,0); B=(8,0); C=(1.9375,3.4994); D=(3.6696,2.4996); E=(1.4531,2.6246); X=(4.3636,0); P=(2.9639,2.0189); Q=(1.8462,0); R=(6.4615,0); dot(A); dot(B); dot(C); dot(D); dot(E); dot(X); dot(P); dot(Q); dot(R); label(""$A$"",A,WSW); label(""$B$"",B,ESE); label(""$C$"",C,NNW); label(""$D$"",D,NE); label(""$E$"",E,WNW); label(""$X$"",X,SSE); label(""$P$"",P,NNE); label(""$Q$"",Q,SSW); label(""$R$"",R,SE); draw(A--B--C--cycle); draw(P--Q--R--cycle); draw(A--D); draw(B--E); draw(C--X); [/asy]
Since $\overline{PQ} \parallel \overline{CA}$ and $\overline{PR} \parallel \overline{CB}$, $\angle CAB = \angle PQR$ and $\angle CBA = \angle PRQ$. So $\Delta ABC \sim \Delta QRP$, and thus, $\frac{[\Delta PQR]}{[\Delta ABC]} = \left(\frac{PX}{CX}\right)^2$. 
Using mass points: 
WLOG, let $W_C=15$. 
Then: 
$W_A = \left(\frac{CE}{AE}\right)W_C = \frac{1}{3}\cdot15=5$.
$W_B = \left(\frac{CD}{BD}\right)W_C = \frac{2}{5}\cdot15=6$. 
$W_X=W_A+W_B=5+6=11$. 
$W_P=W_C+W_X=15+11=26$. 
Thus, $\frac{PX}{CX}=\frac{W_C}{W_P}=\frac{15}{26}$. Therefore, $\frac{[\Delta PQR]}{[\Delta ABC]} = \left( \frac{15}{26} \right)^2 = \frac{225}{676}$, and $m+n=\boxed{901}$. Note we can just use mass points to get $\left( \frac{15}{26} \right)^2= \frac{225}{676}$ which is $\boxed{901}$.","{""bucket"": ""very_hard""}",needs_review,False,,"{""answer_only_scorable"": true, ""benchmark_core"": true, ""counts_toward_headline_score"": true, ""counts_toward_official_topic_score"": true, ""scoring_metric"": ""binary_accuracy"", ""time_limit_minutes"": 30, ""topic_scoring_group"": ""geometry_spatial"", ""track"": ""answer_only_difficulty_selected_core""}"
puzzle-8d37e3eac9d52796e945,AIME_I 2002 #11,2002,geometry_spatial,,spatial_visualization | euclidean_geometry,numeric_answer,"Let $ABCD$ and $BCFG$ be two faces of a cube with $AB=12$. A beam of light emanates from vertex $A$ and reflects off face $BCFG$ at point $P$, which is 7 units from $\overline{BG}$ and 5 units from $\overline{BC}$. The beam continues to be reflected off the faces of the cube. The length of the light path from the time it leaves point $A$ until it next reaches a vertex of the cube is given by $m\sqrt{n}$, where $m$ and $n$ are integers and $n$ is not divisible by the square of any prime. Find $m+n$.",$230$,"When a light beam reflects off a surface, the path is like that of a ball bouncing. Picture that, and also imagine X, Y, and Z coordinates for the cube vertices. The coordinates will all involve 0's and 12's only, so that means that the X, Y, and Z distance traveled by the light must all be divisible by 12. Since the light's Y changes by 5 and the X changes by 7 (the Z changes by 12, don't worry about that), and 5 and 7 are relatively prime to 12, the light must make 12 reflections onto the XY plane or the face parallel to the XY plane. 
In each reflection, the distance traveled by the light is $\sqrt{ (12^2) + (5^2) + (7^2) }$ = $\sqrt{218}$. This happens 12 times, so the total distance is $12\sqrt{218}$. $m=12$ and $n=218$, so therefore, the answer is $m+n=\boxed{230}$.","{""bucket"": ""hard_candidate""}",needs_review,False,,"{""answer_only_scorable"": true, ""benchmark_core"": true, ""counts_toward_headline_score"": true, ""counts_toward_official_topic_score"": true, ""scoring_metric"": ""binary_accuracy"", ""time_limit_minutes"": 30, ""topic_scoring_group"": ""geometry_spatial"", ""track"": ""answer_only_difficulty_selected_core""}"
puzzle-8e3dec5db7dc87d01b74,AIME_I 2004 #10,2004,geometry_spatial,,spatial_visualization | euclidean_geometry,numeric_answer,"A circle of radius 1 is randomly placed in a 15-by-36 rectangle $ABCD$ so that the circle lies completely within the rectangle. Given that the probability that the circle will not touch diagonal $AC$ is $m/n,$ where $m$ and $n$ are relatively prime positive integers. Find $m + n.$",$817$,"The location of the center of the circle must be in the $34 \times 13$ rectangle that is one unit away from the sides of rectangle $ABCD$. We want to find the area of the right triangle with hypotenuse one unit away from $\overline{AC}$. Let this triangle be $A'B'C'$.
Notice that $ABC$ and $A'B'C'$ share the same incenter; this follows because the corresponding sides are parallel, and so the perpendicular inradii are concurrent, except that the inradii of $\triangle ABC$ extend one unit farther than those of $\triangle A'B'C'$. From $A = rs$, we note that $r_{ABC} = \frac{[ABC]}{s_{ABC}} = \frac{15 \cdot 36 /2}{(15+36+39)/2} = 6$. Thus $r_{A'B'C'} = r_{ABC} - 1 = 5$, and since the ratio of the areas of two similar figures is equal to the square of the ratio of their corresponding lengths, $[A'B'C'] = [ABC] \cdot \left(\frac{r_{A'B'C'}}{r_{ABC}}\right)^2 = \frac{15 \times 36}{2} \cdot \frac{25}{36} = \frac{375}{2}$. 
The probability is $\frac{2[A'B'C']}{34 \times 13} = \frac{375}{442}$, and $m + n = \boxed{817}$.","{""bucket"": ""hard_candidate""}",needs_review,False,,"{""answer_only_scorable"": true, ""benchmark_core"": true, ""counts_toward_headline_score"": true, ""counts_toward_official_topic_score"": true, ""scoring_metric"": ""binary_accuracy"", ""time_limit_minutes"": 30, ""topic_scoring_group"": ""geometry_spatial"", ""track"": ""answer_only_difficulty_selected_core""}"
puzzle-8ed1cfc30635806b5eb0,AIME_II 2000 #12,2000,geometry_spatial,,spatial_visualization | euclidean_geometry,numeric_answer,"The points $A$, $B$ and $C$ lie on the surface of a sphere with center $O$ and radius $20$. It is given that $AB=13$, $BC=14$, $CA=15$, and that the distance from $O$ to $\triangle ABC$ is $\frac{m\sqrt{n}}k$, where $m$, $n$, and $k$ are positive integers, $m$ and $k$ are relatively prime, and $n$ is not divisible by the square of any prime. Find $m+n+k$.",$118$,"Let $D$ be the foot of the perpendicular from $O$ to the plane of $ABC$. By the Pythagorean Theorem on triangles $\triangle OAD$, $\triangle OBD$ and $\triangle OCD$ we get:
\[DA^2=DB^2=DC^2=20^2-OD^2\]
It follows that $DA=DB=DC$, so $D$ is the circumcenter of $\triangle ABC$.
By Heron's Formula the area of $\triangle ABC$ is (alternatively, a $13-14-15$ triangle may be split into $9-12-15$ and $5-12-13$ right triangles):
\[K = \sqrt{s(s-a)(s-b)(s-c)} = \sqrt{21(21-15)(21-14)(21-13)} = 84\]
From $R = \frac{abc}{4K}$, we know that the circumradius of $\triangle ABC$ is:
\[R = \frac{abc}{4K} = \frac{(13)(14)(15)}{4(84)} = \frac{65}{8}\]
Thus by the Pythagorean Theorem again,
\[OD = \sqrt{20^2-R^2} = \sqrt{20^2-\frac{65^2}{8^2}} = \frac{15\sqrt{95}}{8}.\]
So the final answer is $15+95+8=\boxed{118}$.","{""bucket"": ""hard_candidate""}",needs_review,False,,"{""answer_only_scorable"": true, ""benchmark_core"": true, ""counts_toward_headline_score"": true, ""counts_toward_official_topic_score"": true, ""scoring_metric"": ""binary_accuracy"", ""time_limit_minutes"": 30, ""topic_scoring_group"": ""geometry_spatial"", ""track"": ""answer_only_difficulty_selected_core""}"
puzzle-9005ab14ecf22640310a,Puzzle 9005ab14ecf22640310a,1991,geometry_spatial,,spatial_visualization | euclidean_geometry,numeric_answer,"Twelve congruent disks are placed on a circle $C^{}_{}$ of radius 1 in such a way that the twelve disks cover $C^{}_{}$, no two of the disks overlap, and so that each of the twelve disks is tangent to its two neighbors. The resulting arrangement of disks is shown in the figure below. The sum of the areas of the twelve disks can be written in the from $\pi(a-b\sqrt{c})$, where $a,b,c^{}_{}$ are positive integers and $c^{}_{}$ is not divisible by the square of any prime. Find $a+b+c^{}_{}$. [asy] unitsize(100); draw(Circle((0,0),1)); dot((0,0)); draw((0,0)--(1,0)); label(""$1$"", (0.5,0), S); for (int i=0; i<12; ++i) { dot((cos(i*pi/6), sin(i*pi/6))); } for (int a=1; a<24; a+=2) { dot(((1/cos(pi/12))*cos(a*pi/12), (1/cos(pi/12))*sin(a*pi/12))); draw(((1/cos(pi/12))*cos(a*pi/12), (1/cos(pi/12))*sin(a*pi/12))--((1/cos(pi/12))*cos((a+2)*pi/12), (1/cos(pi/12))*sin((a+2)*pi/12))); draw(Circle(((1/cos(pi/12))*cos(a*pi/12), (1/cos(pi/12))*sin(a*pi/12)), tan(pi/12))); }[/asy]",$135$,"We wish to find the radius of one circle, so that we can find the total area.
Notice that for them to contain the entire circle, each pair of circles must be tangent on the larger circle. Now consider two adjacent smaller circles. This means that the line connecting the radii is a segment of length $2r$ that is tangent to the larger circle at the midpoint of the two centers. Thus, we have essentially have a regular dodecagon whose vertices are the centers of the smaller triangles circumscribed about a circle of radius $1$.
We thus know that the apothem of the dodecagon is equal to $1$. To find the side length, we make a triangle consisting of a vertex, the midpoint of a side, and the center of the dodecagon, which we denote $A, M,$ and $O$ respectively. Notice that $OM=1$, and that $\triangle OMA$ is a right triangle with hypotenuse $OA$ and $m \angle MOA = 15^\circ$. Thus $AM = (1) \tan{15^\circ} = 2 - \sqrt {3}$, which is the radius of one of the circles. The area of one circle is thus $\pi(2 - \sqrt {3})^{2} = \pi (7 - 4 \sqrt {3})$, so the area of all $12$ circles is $\pi (84 - 48 \sqrt {3})$, giving an answer of $84 + 48 + 3 = \boxed{135}$.
Note that it is very useful to understand the side lengths of a 15-75-90 triangle, as these triangles often appear on higher level math contests. The side lengths are in the ratio $\sqrt {3} - 1$, $\sqrt {3} + 1$, and $2\sqrt {2}$, or $1$, $\sqrt{3} + 2$, and $\sqrt{2} + \sqrt{6}$","{""bucket"": ""hard_candidate""}",needs_review,False,,"{""answer_only_scorable"": true, ""benchmark_core"": true, ""counts_toward_headline_score"": true, ""counts_toward_official_topic_score"": true, ""scoring_metric"": ""binary_accuracy"", ""time_limit_minutes"": 30, ""topic_scoring_group"": ""geometry_spatial"", ""track"": ""answer_only_difficulty_selected_core""}"
puzzle-935037e1e590d7a142d6,Puzzle 935037e1e590d7a142d6,1995,geometry_spatial,,spatial_visualization | euclidean_geometry,numeric_answer,"In a circle of radius $42$, two chords of length $78$ intersect at a point whose distance from the center is $18$. The two chords divide the interior of the circle into four regions. Two of these regions are bordered by segments of unequal lengths, and the area of either of them can be expressed uniquely in the form $m\pi-n\sqrt{d},$ where $m, n,$ and $d_{}$ are positive integers and $d_{}$ is not divisible by the square of any prime number. Find $m+n+d.$",$378$,"Let the center of the circle be $O$, and the two chords be $\overline{AB}, \overline{CD}$ and intersecting at $E$, such that $AE = CE < BE = DE$. Let $F$ be the midpoint of $\overline{AB}$. Then $\overline{OF} \perp \overline{AB}$. 
[asy] size(200); pathpen = black + linewidth(0.7); pen d = dashed+linewidth(0.7); pair O = (0,0), E=(0,18), B=E+48*expi(11*pi/6), D=E+48*expi(7*pi/6), A=E+30*expi(5*pi/6), C=E+30*expi(pi/6), F=foot(O,B,A); D(CR(D(MP(""O"",O)),42)); D(MP(""A"",A,NW)--MP(""B"",B,SE)); D(MP(""C"",C,NE)--MP(""D"",D,SW)); D(MP(""E"",E,N)); D(C--B--O--E,d);D(O--D(MP(""F"",F,NE)),d); MP(""39"",(B+F)/2,NE);MP(""30"",(C+E)/2,NW);MP(""42"",(B+O)/2); [/asy]
By the Pythagorean Theorem, $OF = \sqrt{OB^2 - BF^2} = \sqrt{42^2 - 39^2} = 9\sqrt{3}$, and $EF = \sqrt{OE^2 - OF^2} = 9$. Then $OEF$ is a $30-60-90$ right triangle, so $\angle OEB = \angle OED = 60^{\circ}$. Thus $\angle BEC = 60^{\circ}$, and by the Law of Cosines,
$BC^2 = BE^2 + CE^2 - 2 \cdot BE \cdot CE \cos 60^{\circ} = 42^2.$
It follows that $\triangle BCO$ is an equilateral triangle, so $\angle BOC = 60^{\circ}$. The desired area can be broken up into two regions, $\triangle BCE$ and the region bounded by $\overline{BC}$ and minor arc $\stackrel{\frown}{BC}$. The former can be found by Heron's formula to be $[BCE] = \sqrt{60(60-48)(60-42)(60-30)} = 360\sqrt{3}$. The latter is the difference between the area of sector $BOC$ and the equilateral $\triangle BOC$, or $\frac{1}{6}\pi (42)^2 - \frac{42^2 \sqrt{3}}{4} = 294\pi - 441\sqrt{3}$. 
Thus, the desired area is $360\sqrt{3} + 294\pi - 441\sqrt{3} = 294\pi - 81\sqrt{3}$, and $m+n+d = \boxed{378}$.
Note: the area of $\triangle BCE$ can be more easily found by using the sine method $[\triangle] = \frac{1}{2} ab \sin C$. $[BCE] = 30 \cdot 48 \cdot \frac{1}{2} \cdot \sin 60^\circ = 30 \cdot 24 \cdot \frac{\sqrt{3}}{2} = 360\sqrt{3}$","{""bucket"": ""very_hard""}",needs_review,False,,"{""answer_only_scorable"": true, ""benchmark_core"": true, ""counts_toward_headline_score"": true, ""counts_toward_official_topic_score"": true, ""scoring_metric"": ""binary_accuracy"", ""time_limit_minutes"": 30, ""topic_scoring_group"": ""geometry_spatial"", ""track"": ""answer_only_difficulty_selected_core""}"
puzzle-938fd80d7aade2939d37,Circle Time,2020-06,geometry_spatial,optimization,euclidean_geometry | tiling_packing | area_dissection | continuous_optimization | upper_bound_proof,geometry_problem | optimization_challenge | approximate_value,"Call a “ring” of circles a collection of six circles of equal radius,
say r, whose centers lie on the six vertices of a regular hexagon with
side length 2r. This makes each circle tangent to its two neighbors,
and we can call the center of the regular hexagon the “center” of the
ring of circles. If we are given a circle
C
, what is the maximum
proportion of the area of that circle we can cover with rings of
circles entirely contained within
C
that all are mutually disjoint and
share the same center?
When submitting an answer, you can either send in a closed-form
solution, or your answer out to 6 decimal places.


[Question assets]
- assets/1856d6a5f3e7f999c389c50399c36725558b0cfef9fbb28bcacea28e3d91b901.png",.783464,"Suppose
C
has radius 1. Then the radius for each of the circles in a ring inscribed in
C
can be shown to be 1/3.
For the
next
ring, the largest radius one can achieve is if we rotate the ring by 30 degrees, in which case we get a maximum radius
1
of (2 + 4 Sqrt[3] − 4 Sqrt[1 + Sqrt[3]])/18.
The total area covered by the infinite set of nested rings can then be calculated using a geometric series. The fraction that is covered comes to
6/(9 - (1 + 2 Sqrt[3] − 2 Sqrt[1 + Sqrt[3]])
2
),
which to 6 decimal places is
.783464
.
Congrats to this month’s solvers!
Corresponding to the positive solution to the equation
r
2
+ (2/3 −
r
Sqrt[3])
2
= (1/3 +
r
)
2
.
↩

[Explanation assets]
- assets/830130fb4fabc730604fd1d0dc66bbf2b8546869e9df7673239af03255e8de23.png","{""bucket"": ""collection_override_hard_candidate""}",machine_checked,True,"[{""bytes"": 41375, ""content_type"": ""image/png"", ""path"": ""assets/1856d6a5f3e7f999c389c50399c36725558b0cfef9fbb28bcacea28e3d91b901.png"", ""role"": ""question"", ""sha256"": ""1856d6a5f3e7f999c389c50399c36725558b0cfef9fbb28bcacea28e3d91b901""}, {""bytes"": 48431, ""content_type"": ""image/png"", ""path"": ""assets/830130fb4fabc730604fd1d0dc66bbf2b8546869e9df7673239af03255e8de23.png"", ""role"": ""explanation"", ""sha256"": ""830130fb4fabc730604fd1d0dc66bbf2b8546869e9df7673239af03255e8de23""}]","{""answer_only_scorable"": true, ""benchmark_core"": true, ""counts_toward_headline_score"": true, ""counts_toward_official_topic_score"": true, ""scoring_metric"": ""binary_accuracy"", ""time_limit_minutes"": 30, ""topic_scoring_group"": ""geometry_spatial"", ""track"": ""answer_only_collection_core""}"
puzzle-94becbacb45bddfe107d,AIME_I 2014 #15,2014,geometry_spatial,,spatial_visualization | euclidean_geometry,numeric_answer,"In $\triangle ABC$, $AB = 3$, $BC = 4$, and $CA = 5$. Circle $\omega$ intersects $\overline{AB}$ at $E$ and $B$, $\overline{BC}$ at $B$ and $D$, and $\overline{AC}$ at $F$ and $G$. Given that $EF=DF$ and $\frac{DG}{EG} = \frac{3}{4}$, length $DE=\frac{a\sqrt{b}}{c}$, where $a$ and $c$ are relatively prime positive integers, and $b$ is a positive integer not divisible by the square of any prime. Find $a+b+c$.",$41$,"Since $\angle DBE = 90^\circ$, $DE$ is the diameter of $\omega$. Then $\angle DFE=\angle DGE=90^\circ$. But $DF=FE$, so $\triangle DEF$ is a 45-45-90 triangle. Letting $DG=3x$, we have that $EG=4x$, $DE=5x$, and $DF=EF=\frac{5x}{\sqrt{2}}$. 
Note that $\triangle DGE \sim \triangle ABC$ by SAS similarity, so $\angle BAC = \angle GDE$ and $\angle ACB = \angle DEG$. Since $DEFG$ is a cyclic quadrilateral, $\angle BAC = \angle GDE=180^\circ-\angle EFG = \angle AFE$ and $\angle ACB = \angle DEG = \angle GFD$, implying that $\triangle AFE$ and $\triangle CDF$ are isosceles. As a result, $AE=CD=\frac{5x}{\sqrt{2}}$, so $BE=3-\frac{5x}{\sqrt{2}}$ and $BD =4-\frac{5x}{\sqrt{2}}$. 
Finally, using the Pythagorean Theorem on $\triangle BDE$, 
\[\left(3-\frac{5x}{\sqrt{2}}\right)^2 + \left(4-\frac{5x}{\sqrt{2}}\right)^2 = (5x)^2\]
Solving for $x$, we get that $x=\frac{5\sqrt{2}}{14}$, so $DE= 5x =\frac{25 \sqrt{2}}{14}$. Thus, the answer is $25+2+14=\boxed{41}$.","{""bucket"": ""very_hard""}",needs_review,False,,"{""answer_only_scorable"": true, ""benchmark_core"": true, ""counts_toward_headline_score"": true, ""counts_toward_official_topic_score"": true, ""scoring_metric"": ""binary_accuracy"", ""time_limit_minutes"": 30, ""topic_scoring_group"": ""geometry_spatial"", ""track"": ""answer_only_difficulty_selected_core""}"
puzzle-96e629a8febae6d8723f,AIME_II 2002 #14,2002,geometry_spatial,,spatial_visualization | euclidean_geometry,numeric_answer,"The perimeter of triangle $APM$ is $152$, and the angle $PAM$ is a right angle. A circle of radius $19$ with center $O$ on $\overline{AP}$ is drawn so that it is tangent to $\overline{AM}$ and $\overline{PM}$. Given that $OP=m/n$ where $m$ and $n$ are relatively prime positive integers, find $m+n$.",$98$,"Let the circle intersect $\overline{PM}$ at $B$. Then note $\triangle OPB$ and $\triangle MPA$ are similar. Also note that $AM = BM$ by power of a point. Using the fact that the ratio of corresponding sides in similar triangles is equal to the ratio of their perimeters, we have
\[\frac{19}{AM} = \frac{152-2AM-19+19}{152} = \frac{152-2AM}{152}\]
Solving, $AM = 38$. So the ratio of the side lengths of the triangles is 2. Therefore,
\[\frac{PB+38}{OP}= 2 \text{ and } \frac{OP+19}{PB} = 2\]
so $2OP = PB+38$ and $2PB = OP+19.$ Substituting for $PB$, we see that $4OP-76 = OP+19$, so $OP = \frac{95}3$ and the answer is $\boxed{98}$.","{""bucket"": ""very_hard""}",needs_review,False,,"{""answer_only_scorable"": true, ""benchmark_core"": true, ""counts_toward_headline_score"": true, ""counts_toward_official_topic_score"": true, ""scoring_metric"": ""binary_accuracy"", ""time_limit_minutes"": 30, ""topic_scoring_group"": ""geometry_spatial"", ""track"": ""answer_only_difficulty_selected_core""}"
puzzle-97e7561a51ca1bc326fe,AIME_II 2019 #13,2019,geometry_spatial,,spatial_visualization | euclidean_geometry,numeric_answer,"Regular octagon $A_1A_2A_3A_4A_5A_6A_7A_8$ is inscribed in a circle of area $1.$ Point $P$ lies inside the circle so that the region bounded by $\overline{PA_1},\overline{PA_2},$ and the minor arc $\widehat{A_1A_2}$ of the circle has area $\tfrac{1}{7},$ while the region bounded by $\overline{PA_3},\overline{PA_4},$ and the minor arc $\widehat{A_3A_4}$ of the circle has area $\tfrac{1}{9}.$ There is a positive integer $n$ such that the area of the region bounded by $\overline{PA_6},\overline{PA_7},$ and the minor arc $\widehat{A_6A_7}$ of the circle is equal to $\tfrac{1}{8}-\tfrac{\sqrt2}{n}.$ Find $n.$",$504$,"The actual size of the diagram doesn't matter. To make calculation easier, we discard the original area of the circle, \(1\), and assume the side length of the octagon is \(2\). 
Let \(r\) denote the radius of the circle, \(O\) be the center of the circle. Then:
\[r^2= 1^2 + \left(\sqrt{2}+1\right)^2= 4+2\sqrt{2}.\]
Now, we need to find the ""D"" shape, the small area enclosed by one side of the octagon and \(\frac{1}{8}\) of the circumference of the circle: 
\[D= \frac{1}{8} \pi r^2 - [A_1 A_2 O]=\frac{1}{8} \pi \left(4+2\sqrt{2}\right)- \left(\sqrt{2}+1\right)\]
Let \(PU\) be the height of \(\triangle A_1 A_2 P\), \(PV\) be the height of \(\triangle A_3 A_4 P\), \(PW\) be the height of \(\triangle A_6 A_7 P\). From the \(\frac{1}{7}\) and \(\frac{1}{9}\) condition we have 
\[\triangle P A_1 A_2= \frac{\pi r^2}{7} - D= \frac{1}{7} \pi \left(4+2\sqrt{2}\right)-\left(\frac{1}{8} \pi \left(4+2\sqrt{2}\right)- \left(\sqrt{2}+1\right)\right)\]
\[\triangle P A_3 A_4= \frac{\pi r^2}{9} - D= \frac{1}{9} \pi \left(4+2\sqrt{2}\right)-\left(\frac{1}{8} \pi \left(4+2\sqrt{2}\right)- \left(\sqrt{2}+1\right)\right)\]
which gives \(PU= \left(\frac{1}{7}-\frac{1}{8}\right) \pi \left(4+ 2\sqrt{2}\right) + \sqrt{2}+1\) and \(PV= \left(\frac{1}{9}-\frac{1}{8}\right) \pi \left(4+ 2\sqrt{2}\right) + \sqrt{2}+1\). 
Now, let \(A_1 A_2\) intersects \(A_3 A_4\) at \(X\), \(A_1 A_2\) intersects \(A_6 A_7\) at \(Y\),\(A_6 A_7\) intersects \(A_3 A_4\) at \(Z\). 
Clearly, \(\triangle XYZ\) is an isosceles right triangle, with right angle at \(X\) and the height with regard to which shall be \(3+2\sqrt2\). Now \(\frac{PU}{\sqrt{2}} + \frac{PV}{\sqrt{2}} + PW = 3+2\sqrt2\) which gives:
\begin{align*}
PW&= 3+2\sqrt2-\frac{PU}{\sqrt{2}} - \frac{PV}{\sqrt{2}} \\
&=3+2\sqrt{2}-\frac{1}{\sqrt{2}}\left(\left(\frac{1}{7}-\frac{1}{8}\right) \pi \left(4+ 2\sqrt{2}\right) + \sqrt{2}+1+\left(\frac{1}{9}-\frac{1}{8}\right) \pi \left(4+ 2\sqrt{2}\right) + \sqrt{2}+1\right)\\
&=1+\sqrt{2}- \frac{1}{\sqrt{2}}\left(\frac{1}{7}+\frac{1}{9}-\frac{1}{4}\right)\pi\left(4+2\sqrt{2}\right)
\end{align*}
Now, we have the area for \(D\) and the area for \(\triangle P A_6 A_7\), so we add them together:
\begin{align*}
\text{Target Area} &= \frac{1}{8} \pi \left(4+2\sqrt{2}\right)- \left(\sqrt{2}+1\right) + \left(1+\sqrt{2}\right)- \frac{1}{\sqrt{2}}\left(\frac{1}{7}+\frac{1}{9}-\frac{1}{4}\right)\pi\left(4+2\sqrt{2}\right)\\
&=\left(\frac{1}{8} - \frac{1}{\sqrt{2}}\left(\frac{1}{7}+\frac{1}{9}-\frac{1}{4}\right)\right)\text{Total Area}
\end{align*}
The answer should therefore be \(\frac{1}{8}- \frac{\sqrt{2}}{2}\left(\frac{16}{63}-\frac{16}{64}\right)=\frac{1}{8}- \frac{\sqrt{2}}{504}\). The answer is \(\boxed{504}\).","{""bucket"": ""very_hard""}",needs_review,False,,"{""answer_only_scorable"": true, ""benchmark_core"": true, ""counts_toward_headline_score"": true, ""counts_toward_official_topic_score"": true, ""scoring_metric"": ""binary_accuracy"", ""time_limit_minutes"": 30, ""topic_scoring_group"": ""geometry_spatial"", ""track"": ""answer_only_difficulty_selected_core""}"
puzzle-9940b2dfec1ecaecfc32,Guacamole,,geometry_spatial,cryptography_ciphers,spatial_visualization | visual_decoding | encoding_decoding | indexing_extraction | meta_extraction | pathfinding,image_puzzle | multi_part | meta_puzzle | path_route,"Title: Guacamole

Oh no! You spilled your tortilla chips everywhere and now need to reconstruct them into various three-dimensional shapes before you can enjoy your guacamole! Luckily, your chips come with conveniently numbered edges. You can only place two chips next to each other along an edge of both chips share the same number on that edge. Once you've recovered your arrangements, you shoudl find sum more guacamole to dip the corners of your chips into.

The complete puzzle statement and its visual/structured clues are in the required question asset(s):
- assets/7d2340c2d96866957defe0b28fc0160c14d76772d54c97ae00b95af74e076ea1.png

Return the short canonical final answer.",VULTURES COLD,"1. Cut out the tetrahedronal meshes, and fold them such that they form tetrahedrons.

2. Assemble these shapes into a cube and label the vertices, ensuring that edges have the same numbers to find the correct orientation.

3. For each vertex, sum the numbers corresponding to the edges that form the vertex, converting them alphanumerically into letters.

4. Follow the path given by the arrows, starting at the square and passing through each vertex once to find one of the correct solutions, 'VULTURES'.

5. Do the same for the four edges of the internal tetrahedron to find the second solution, 'COLD'.","{""bucket"": ""hard""}",needs_review,True,"[{""bytes"": 318852, ""content_type"": ""image/png"", ""path"": ""assets/7d2340c2d96866957defe0b28fc0160c14d76772d54c97ae00b95af74e076ea1.png"", ""role"": ""question"", ""sha256"": ""7d2340c2d96866957defe0b28fc0160c14d76772d54c97ae00b95af74e076ea1""}]","{""answer_only_scorable"": true, ""benchmark_core"": true, ""counts_toward_headline_score"": true, ""counts_toward_official_topic_score"": true, ""scoring_metric"": ""binary_accuracy"", ""time_limit_minutes"": 30, ""topic_scoring_group"": ""geometry_spatial"", ""track"": ""answer_only_upstream_hard_core""}"
puzzle-9b7698818fcc6641ec91,AIME_I 2022 #10,2022,geometry_spatial,,spatial_visualization | euclidean_geometry,numeric_answer,"Three spheres with radii $11$, $13$, and $19$ are mutually externally tangent. A plane intersects the spheres in three congruent circles centered at $A$, $B$, and $C$, respectively, and the centers of the spheres all lie on the same side of this plane. Suppose that $AB^2 = 560$. Find $AC^2$.",$756$,"This solution refers to the <b>Diagram</b> section.
We let $\ell$ be the plane that passes through the spheres and $O_A$ and $O_B$ be the centers of the spheres with radii $11$ and $13$. We take a cross-section that contains $A$ and $B$, which contains these two spheres but not the third, as shown below:
[asy] size(400); pair A, B, OA, OB; B = (0,0); A = (-23.6643191,0); OB = (0,8); OA = (-23.6643191,4); draw(circle(OB,13)); draw(circle(OA,11)); draw((-48,0)--(24,0)); label(""$\ell$"",(-42,0),S); label(""$A$"",A,S); label(""$B$"",B,S); label(""$O_A$"",OA,N); label(""$O_B$"",OB,N); draw(A--OA); draw(B--OB); draw(OA--OB); draw(OA--(0,4)); draw(OA--(-33.9112699,0)); draw(OB--(10.2469508,0)); label(""$24$"",midpoint(OA--OB),N); label(""$\sqrt{560}$"",midpoint(A--B),S); label(""$11$"",midpoint(OA--(-33.9112699,0)),NW); label(""$13$"",midpoint(OB--(10.2469508,0)),NE); label(""$r$"",midpoint(midpoint(A--B)--A),S); label(""$r$"",midpoint(midpoint(A--B)--B),S); label(""$r$"",midpoint(A--(-33.9112699,0)),S); label(""$r$"",midpoint(B--(10.2469508,0)),S); label(""$x$"",midpoint(midpoint(B--OB)--OB),W); label(""$D$"",midpoint(B--OB),E); [/asy]
Because the plane cuts out congruent circles, they have the same radius and from the given information, $AB = \sqrt{560}$. Since $ABO_BO_A$ is a trapezoid, we can drop an altitude from $O_A$ to $BO_B$ to create a rectangle and triangle to use Pythagorean theorem. We know that the length of the altitude is $\sqrt{560}$ and let the distance from $O_B$ to $D$ be $x$. Then we have $x^2 = 576-560 \implies x = 4$.
We have $AO_A = BD$ because of the rectangle, so $\sqrt{11^2-r^2} = \sqrt{13^2-r^2}-4$.
Squaring, we have $121-r^2 = 169-r^2 + 16 - 8 \cdot \sqrt{169-r^2}$.
Subtracting, we get $8 \cdot \sqrt{169-r^2} = 64 \implies \sqrt{169-r^2} = 8 \implies 169-r^2 = 64 \implies r^2 = 105$.
We also notice that since we had $\sqrt{169-r^2} = 8$ means that $BO_B = 8$ and since we know that $x = 4$, $AO_A = 4$.
We take a cross-section that contains $A$ and $C$, which contains these two spheres but not the third, as shown below:
[asy] size(400); pair A, C, OA, OC, M; C = (0,0); A = (-27.4954541697,0); OC = (0,16); OA = (-27.4954541697,4); M = midpoint(A--C); draw(circle(OC,19)); draw(circle(OA,11)); draw((-48,0)--(24,0)); label(""$\ell$"",(-42,0),S); label(""$A$"",A,S); label(""$C$"",C,S); label(""$O_A$"",OA,N); label(""$O_C$"",OC,N); draw(A--OA); draw(C--OC); draw(OA--OC); draw(OA--(0,4)); draw(OA--(-37.8877590151,0)); draw(OC--(10.2469508,0)); label(""$30$"",midpoint(OA--OC),NW); label(""$11$"",midpoint(OA--(-37.8877590151,0)),NW); label(""$19$"",midpoint(OC--(10.2469508,0)),NE); label(""$r$"",midpoint(midpoint(M--A)--A),S); label(""$r$"",midpoint(midpoint(M--C)--C),S); label(""$r$"",midpoint(A--(-37.8877590151,0)),S); label(""$r$"",midpoint(C--(10.2469508,0)),S); label(""$E$"",(0,4),E); [/asy]
We have $CO_C = \sqrt{19^2-r^2} = \sqrt{361 - 105} = \sqrt{256} = 16$. Since $AO_A = 4$, we have $EO_C = 16-4 = 12$. Using Pythagorean theorem, $O_AE = \sqrt{30^2 - 12^2} = \sqrt{900-144} = \sqrt{756}$. Therefore, $O_AE^2 = AC^2 = \boxed{756}$.","{""bucket"": ""hard_candidate""}",needs_review,False,,"{""answer_only_scorable"": true, ""benchmark_core"": true, ""counts_toward_headline_score"": true, ""counts_toward_official_topic_score"": true, ""scoring_metric"": ""binary_accuracy"", ""time_limit_minutes"": 30, ""topic_scoring_group"": ""geometry_spatial"", ""track"": ""answer_only_difficulty_selected_core""}"
puzzle-9c283b7ab860a4c6b5bd,AIME_II 2008 #10,2008,geometry_spatial,,spatial_visualization | euclidean_geometry,numeric_answer,"The diagram below shows a $4\times4$ rectangular array of points, each of which is $1$ unit away from its nearest neighbors. [asy] unitsize(0.25inch); defaultpen(linewidth(0.7)); int i, j; for(i = 0; i < 4; ++i) for(j = 0; j < 4; ++j) dot(((real)i, (real)j)); [/asy] Define a <i>growing path</i> to be a sequence of distinct points of the array with the property that the distance between consecutive points of the sequence is strictly increasing. Let $m$ be the maximum possible number of points in a growing path, and let $r$ be the number of growing paths consisting of exactly $m$ points. Find $mr$.",$240$,"We label our points using coordinates $0 \le x,y \le 3$, with the bottom-left point being $(0,0)$. By the Pythagorean Theorem, the distance between two points is $\sqrt{d_x^2 + d_y^2}$ where $0 \le d_x, d_y \le 3$; these yield the possible distances (in decreasing order)
\[\sqrt{18},\ \sqrt{13},\ \sqrt{10},\ \sqrt{9},\ \sqrt{8},\ \sqrt{5},\ \sqrt{4},\ \sqrt{2},\ \sqrt{1}\] 
As these define $9$ lengths, so the maximum value of $m$ is $10$. For now, we assume that $m = 10$ is achievable. Because it is difficult to immediately impose restrictions on a path with increasing distances, we consider the paths in <i>shrinking</i> fashion. Note that the <i>shrinking paths</i> and <i>growing paths</i> are equivalent, but there are restrictions upon the locations of the first edges of the former. 
The $\sqrt{18}$ length is only possible for one of the long diagonals, so our path must start with one of the $4$ corners of the grid. Without loss of generality (since the grid is rotationally symmetric), we let the vertex be $(0,0)$ and the endpoint be $(3,3)$. 
[asy] unitsize(0.25inch); defaultpen(linewidth(0.7)); dotfactor = 4; pen s = linewidth(4); int i, j; for(i = 0; i < 4; ++i) 	for(j = 0; j < 4; ++j) 		dot(((real)i, (real)j)); dot((0,0)^^(3,3),s); draw((0,0)--(3,3)); [/asy]
The $\sqrt{13}$ length can now only go to $2$ points; due to reflectional symmetry about the main diagonal, we may WLOG let the next endpoint be $(1,0)$. 
[asy] unitsize(0.25inch); defaultpen(linewidth(0.7)); dotfactor = 4; pen s = linewidth(4); pen c = rgb(0.5,0.5,0.5); int i, j; for(i = 0; i < 4; ++i) 	for(j = 0; j < 4; ++j) 		dot(((real)i, (real)j)); dot((0,0)^^(3,3)^^(1,0),s); draw((0,0)--(3,3),c); draw((3,3)--(1,0)); [/asy]
From $(1,0)$, there are two possible ways to move $\sqrt{10}$ away, either to $(0,3)$ or $(2,3)$. However, from $(0,3)$, there is no way to move $\sqrt{9}$ away, so we discard it as a possibility. 
From $(2,3)$, the lengths of $\sqrt{8},\ \sqrt{5},\ \sqrt{4},\ \sqrt{2}$ fortunately are all determined, with the endpoint sequence being $(2,3)-(2,0)-(0,2)-(2,1)-(0,1)-(1,2)$.
[asy] unitsize(0.25inch); defaultpen(linewidth(0.7)); dotfactor = 4; pen s = linewidth(4); pen c = rgb(0.5,0.5,0.5); int i, j; for(i = 0; i < 4; ++i) 	for(j = 0; j < 4; ++j) 		dot(((real)i, (real)j)); dot((0,0)^^(3,3)^^(1,0)^^(2,3)^^(2,0)^^(0,2)^^(2,1)^^(0,1)^^(1,2),s); draw((0,0)--(3,3)--(1,0)--(2,3)--(2,0)--(0,2)--(2,1)--(0,1)--(1,2)); [/asy]
From $(1,2)$, there are $3$ possible lengths of $\sqrt{1}$ (to either $(1,1),(2,2),(1,3)$). Thus, the number of paths is $r = 4 \cdot 2 \cdot 3 = 24$, and the answer is $mr = 10 \cdot 24 = \boxed{240}$.","{""bucket"": ""hard_candidate""}",needs_review,False,,"{""answer_only_scorable"": true, ""benchmark_core"": true, ""counts_toward_headline_score"": true, ""counts_toward_official_topic_score"": true, ""scoring_metric"": ""binary_accuracy"", ""time_limit_minutes"": 30, ""topic_scoring_group"": ""geometry_spatial"", ""track"": ""answer_only_difficulty_selected_core""}"
puzzle-9d8829b53186aab148da,AIME_I 2005 #14,2005,geometry_spatial,,spatial_visualization | euclidean_geometry,numeric_answer,"Consider the points $A(0,12), B(10,9), C(8,0),$ and $D(-4,7).$ There is a unique square $S$ such that each of the four points is on a different side of $S.$ Let $K$ be the area of $S.$ Find the remainder when $10K$ is divided by $1000$.",$936$,"Let $(a,b)$ denote a normal vector of the side containing $A$. Note that $\overline{AC}, \overline{BD}$ intersect and hence must be opposite vertices of the square. The lines containing the sides of the square have the form $ax+by=12b$, $ax+by=8a$, $bx-ay=10b-9a$, and $bx-ay=-4b-7a$. The lines form a square, so the distance between $C$ and the line through $A$ equals the distance between $D$ and the line through $B$, hence $8a+0b-12b=-4b-7a-10b+9a$, or $-3a=b$. We can take $a=-1$ and $b=3$. So the side of the square is $\frac{44}{\sqrt{10}}$, the area is $K=\frac{1936}{10}$, and the answer to the problem is $\boxed{936}$.","{""bucket"": ""very_hard""}",needs_review,False,,"{""answer_only_scorable"": true, ""benchmark_core"": true, ""counts_toward_headline_score"": true, ""counts_toward_official_topic_score"": true, ""scoring_metric"": ""binary_accuracy"", ""time_limit_minutes"": 30, ""topic_scoring_group"": ""geometry_spatial"", ""track"": ""answer_only_difficulty_selected_core""}"
puzzle-9e5cd3d31dc9c249ba43,S.S. Minnow,,geometry_spatial,logic_constraints,spatial_visualization | visual_decoding | logical_inference | constraint_propagation | pathfinding,path_route,"Title: S.S. Minnow

Draw a path to determine the route taken by the S.S. Minnow and which island became the castaways’ home.Start at the island in the shaded box (upper left).End at one of the islands – which one is for you to determine!The path may not visit any other islands.Visit every dot exactly once.Travel horizontally or vertically between dots.Tip: Make sure you understand the logical deductions illustrated in the Example on the right.When you have completed the path, follow it from beginning to end and read the letters where the path wraps around three sides. This will answer the question: What did the Skipper and Gilligan say to the passengers to comfort them after their experience navigating the storm?

The complete puzzle statement and its visual/structured clues are in the required question asset(s):
- assets/a22c94df141bb810511a7c3f6fda1c8000e7a3802b7c8cfed9378512769a11cb.png

Return the short canonical final answer.",NOT SINKING IS GOOD,"1. Draw the path taken by the S.S. Minnow.
   Reasoning figure: assets/11b8182555b39662f7a682bb7bf8cc2fcce93c81cbe061349f86cf0c3d7990d1.png

2. Notice the letters wrapped by the path on three sides. In path order they spell the final ansewr: NOT SINKING IS GOOD.","{""bucket"": ""hard""}",needs_review,True,"[{""bytes"": 134869, ""content_type"": ""image/png"", ""path"": ""assets/a22c94df141bb810511a7c3f6fda1c8000e7a3802b7c8cfed9378512769a11cb.png"", ""role"": ""question"", ""sha256"": ""a22c94df141bb810511a7c3f6fda1c8000e7a3802b7c8cfed9378512769a11cb""}, {""bytes"": 181289, ""content_type"": ""image/png"", ""path"": ""assets/11b8182555b39662f7a682bb7bf8cc2fcce93c81cbe061349f86cf0c3d7990d1.png"", ""role"": ""explanation"", ""sha256"": ""11b8182555b39662f7a682bb7bf8cc2fcce93c81cbe061349f86cf0c3d7990d1""}]","{""answer_only_scorable"": true, ""benchmark_core"": true, ""counts_toward_headline_score"": true, ""counts_toward_official_topic_score"": true, ""scoring_metric"": ""binary_accuracy"", ""time_limit_minutes"": 30, ""topic_scoring_group"": ""geometry_spatial"", ""track"": ""answer_only_upstream_hard_core""}"
puzzle-9ed64b46377df37a1261,Puzzle 9ed64b46377df37a1261,2026-01-05,geometry_spatial,algorithms_computation,euclidean_geometry | logical_inference | computational_verification | coordinate_geometry,proof_problem | geometry_problem,"In a non-degenerate Euclidean configuration, perform the following constructions. All intersections and choices are those satisfying the stated incidences; directed angles are taken modulo 180°.
1. Let ABCD be a square in the stated vertex order.
2. Let E be the midpoint of segment BA.
3. Point F lies on line AB.
4. Line GE is perpendicular to line DE.
5. Point G lies on the internal angle bisector of ∠CBF.
Prove that DE = EG.
Formal statement: `a b c d = isquare a b c d; e = midpoint e b a; f = on_line f a b; g = on_tline g e d e, angle_bisector g c b f ? cong d e e g`",DE = EG,"Machine-verified DDAR proof trace.
Premises used:
Points introduced: A.
Points introduced: B.
Points introduced: C.
[00] AB = BC
[01] AB ⟂ BC
Points introduced: D.
[02] AD ∥ BC
[03] AB ∥ CD
Points introduced: E.
[04] B,E,A are collinear
Points introduced: F.
[05] B,A,F are collinear
Points introduced: G.
[06] EG ⟂ DE
[07] ∠CBG = ∠GBF
Proof steps:
001. BC ∥ AD [02] & AB ∥ CD [03] --deduction--> ∠ADC = ∠CBA [08]
002. CD ∥ AB [03] --deduction--> ∠ACD = ∠CAB [09]
003. ∠ADC = ∠CBA [08] & ∠ACD = ∠CAB [09] --Similar triangles--> BC:BA = DA:DC [10]
004. BC:BA = DA:DC [10] & AB = BC [00] --deduction--> DA = DC [11]
005. DA = DC [11] & AB = BC [00] --r23--> AC ⟂ BD [12]
006. EG ⟂ DE [06] & AC ⟂ BD [12] --r08--> ∠GED = ∠(AC-BD) [13]
007. ∠CBG = ∠GBF [07] & B,A,F are collinear [05] --deduction--> ∠CBG = ∠GBA [14]
008. AB = BC [00] --r13--> ∠BCA = ∠CAB [15]
009. ∠CBG = ∠GBA [14] & ∠BCA = ∠CAB [15] --Angle chase--> BG ∥ AC [16]
010. ∠(AC-BD) = ∠GED [13] & AC ∥ BG [16] --deduction--> ∠GBD = ∠GED [17]
011. ∠GBD = ∠GED [17] --r04--> G,B,E,D are concyclic [18]
012. AB ⟂ BC [01] & BC ∥ AD [02] & AB ∥ CD [03] --deduction--> ∠ADC = ∠ABC [19]
013. ∠ADC = ∠ABC [19] --r04--> B,C,A,D are concyclic [20]
014. B,C,A,D are concyclic [20] --r03--> ∠BAC = ∠BDC [21]
015. B,E,A are collinear [04] & ∠BAC = ∠BDC [21] & AB ∥ CD [03] & AC ∥ BG [16] --deduction--> ∠EBD = ∠GBE [22]
016. G,B,E,D are concyclic [18] & ∠EBD = ∠GBE [22] --r05--> GE = ED
Verified conclusion: DE = EG.","{""bucket"": ""hard_candidate""}",machine_verified,False,,"{""answer_only_scorable"": false, ""answer_type"": ""proof_certificate"", ""benchmark_core"": false, ""canonical_reference_field"": ""explanation"", ""counts_toward_headline_score"": false, ""counts_toward_official_topic_score"": false, ""formal_verification_applies_to"": ""formal_statement"", ""reference_proof_type"": ""machine_verified_ddar_trace"", ""scoring_metric"": ""proof_certificate_validity"", ""scoring_requires_proof"": true, ""submission_requirement"": ""A complete proof certificate establishing the stated theorem; repeating answer_only receives no credit."", ""time_limit_minutes"": 60, ""topic_scoring_group"": ""geometry_spatial"", ""track"": ""proof_certificate""}"
puzzle-9fda303f5feb62fafb85,AIME_II 2014 #11,2014,geometry_spatial,,spatial_visualization | euclidean_geometry,numeric_answer,"In $\triangle RED$, $\measuredangle DRE=75^{\circ}$ and $\measuredangle RED=45^{\circ}$. $RD=1$. Let $M$ be the midpoint of segment $\overline{RD}$. Point $C$ lies on side $\overline{ED}$ such that $\overline{RC}\perp\overline{EM}$. Extend segment $\overline{DE}$ through $E$ to point $A$ such that $CA=AR$. Then $AE=\frac{a-\sqrt{b}}{c}$, where $a$ and $c$ are relatively prime positive integers, and $b$ is a positive integer. Find $a+b+c$.",$56$,"Let $P$ be the foot of the perpendicular from $A$ to $\overline{CR}$, so $\overline{AP}\parallel\overline{EM}$. Since triangle $ARC$ is isosceles, $P$ is the midpoint of $\overline{CR}$, and $\overline{PM}\parallel\overline{CD}$. Thus, $APME$ is a parallelogram and $AE = PM = \frac{CD}{2}$. We can then use coordinates. Let $O$ be the foot of altitude $RO$ and set $O$ as the origin. Now we notice special right triangles! In particular, $DO = \frac{1}{2}$ and $EO = RO = \frac{\sqrt{3}}{2}$, so $D\left(\frac{1}{2}, 0\right)$, $E\left(-\frac{\sqrt{3}}{2}, 0\right)$, and $R\left(0, \frac{\sqrt{3}}{2}\right).$ $M =$ midpoint$(D, R) = \left(\frac{1}{4}, \frac{\sqrt{3}}{4}\right)$ and the slope of $ME = \frac{\frac{\sqrt{3}}{4}}{\frac{1}{4} + \frac{\sqrt{3}}{2}} = \frac{\sqrt{3}}{1 + 2\sqrt{3}}$, so the slope of $RC = -\frac{1 + 2\sqrt{3}}{\sqrt{3}}.$ Instead of finding the equation of the line, we use the definition of slope: for every $CO = x$ to the left, we go $\frac{x(1 + 2\sqrt{3})}{\sqrt{3}} = \frac{\sqrt{3}}{2}$ up. Thus, $x = \frac{\frac{3}{2}}{1 + 2\sqrt{3}} = \frac{3}{4\sqrt{3} + 2} = \frac{3(4\sqrt{3} - 2)}{44} = \frac{6\sqrt{3} - 3}{22}.$ $DC = \frac{1}{2} - x = \frac{1}{2} - \frac{6\sqrt{3} - 3}{22} = \frac{14 - 6\sqrt{3}}{22}$, and $AE = \frac{7 - \sqrt{27}}{22}$, so the answer is $\boxed{56}$.
[asy] unitsize(8cm); pair a, o, d, r, e, m, cm, c,p; o =(0,0); d = (0.5, 0); r = (0,sqrt(3)/2); e = (-sqrt(3)/2,0); m = midpoint(d--r); draw(e--m); cm = foot(r, e, m); draw(L(r, cm,1, 1)); c = IP(L(r, cm, 1, 1), e--d); clip(r--d--e--cycle); draw(r--d--e--cycle); draw(rightanglemark(e, cm, c, 1.5)); a = -(4sqrt(3)+9)/11+0.5; dot(a); draw(a--r, dashed); draw(a--c, dashed); pair[] PPAP = {a, o, d, r, e, m, c}; for(int i = 0; i<7; ++i) { 	dot(PPAP[i]); } label(""$A$"", a, W); label(""$E$"", e, SW); label(""$C$"", c, S); label(""$O$"", o, S); label(""$D$"", d, SE); label(""$M$"", m, NE); label(""$R$"", r, N); p = foot(a, r, c); label(""$P$"", p, NE); draw(p--m, dashed); draw(a--p, dashed); dot(p); [/asy]","{""bucket"": ""hard_candidate""}",needs_review,False,,"{""answer_only_scorable"": true, ""benchmark_core"": true, ""counts_toward_headline_score"": true, ""counts_toward_official_topic_score"": true, ""scoring_metric"": ""binary_accuracy"", ""time_limit_minutes"": 30, ""topic_scoring_group"": ""geometry_spatial"", ""track"": ""answer_only_difficulty_selected_core""}"
puzzle-a39a7a666849b3ac41e9,AIME_II 2005 #14,2005,geometry_spatial,,spatial_visualization | euclidean_geometry,numeric_answer,"In triangle $ABC, AB=13, BC=15,$ and $CA = 14.$ Point $D$ is on $\overline{BC}$ with $CD=6.$ Point $E$ is on $\overline{BC}$ such that $\angle BAE\cong \angle CAD.$ Given that $BE=\frac pq$ where $p$ and $q$ are relatively prime positive integers, find $q.$",$463$,"[asy] import olympiad; import cse5; import geometry; size(150); defaultpen(fontsize(10pt)); defaultpen(0.8); dotfactor = 4; pair A = origin; pair C = rotate(15,A)*(A+dir(-50)); pair B = rotate(15,A)*(A+dir(-130)); pair D = extension(A,A+dir(-68),B,C); pair E = extension(A,A+dir(-82),B,C); label(""$A$"",A,N); label(""$B$"",B,SW); label(""$D$"",D,SE); label(""$E$"",E,S); label(""$C$"",C,SE); draw(A--B--C--cycle); draw(A--E); draw(A--D); draw(anglemark(B,A,E,5)); draw(anglemark(D,A,C,5)); [/asy]
By the Law of Sines and since $\angle BAE = \angle CAD, \angle BAD = \angle CAE$, we have
\begin{align*} \frac{CD \cdot CE}{AC^2} &= \frac{\sin CAD}{\sin ADC} \cdot \frac{\sin CAE}{\sin AEC} \\ &= \frac{\sin BAE \sin BAD}{\sin ADB \sin AEB} \\ &= \frac{\sin BAE}{\sin AEB} \cdot \frac{\sin BAD}{\sin ADB}\\ &= \frac{BE \cdot BD}{AB^2} \end{align*}
Substituting our knowns, we have $\frac{CE}{BE} = \frac{3 \cdot 14^2}{2 \cdot 13^2} = \frac{BC - BE}{BE} = \frac{15}{BE} - 1 \Longrightarrow BE = \frac{13^2 \cdot 15}{463}$. The answer is $q = \boxed{463}$.","{""bucket"": ""very_hard""}",needs_review,False,,"{""answer_only_scorable"": true, ""benchmark_core"": true, ""counts_toward_headline_score"": true, ""counts_toward_official_topic_score"": true, ""scoring_metric"": ""binary_accuracy"", ""time_limit_minutes"": 30, ""topic_scoring_group"": ""geometry_spatial"", ""track"": ""answer_only_difficulty_selected_core""}"
puzzle-a53ed6da4d062aa9cc79,Shut the Box,2025-11,geometry_spatial,logic_constraints | optimization,folding | spatial_visualization | tiling_packing | constructive_search | constraint_propagation,folding_net | grid_shading | placement | numeric_answer,"Use a scissors to cut away one or more groups of orthogonally connected cells (squares) from the grid above. Any group you cut away must have at least one cell along the boundary of the grid. The remaining cells must be orthogonally connected and not have any holes.
It must be possible to fold along some of the grid lines so that the remaining cells form the six walls of a rectangular solid (the “box”). There may not be any overlapping cells in the box.
Some cells have been labeled with
arrows
. These cells are
not
part of the box, but instead point in the direction(s) of the nearest box cells (looking in that square’s row and column).
Some cells have been labeled with
numbers
. These cells
are
part of the box. A number indicates how many cells within one king’s move of that cell are a part of the box. (Including the numbered cell.)
When the box is assembled, each
grey circle
should be directly opposite
1
another grey circle. Each
gray square
should be orthogonally adjacent to (and on the same face as) another gray square.
Once you have assembled the box, compute, on each face, the sum of the numbered cells. The answer to this puzzle is the
product
of these six sums.

(That is, the line segment connecting “opposite” circles should be orthogonal to the faces containing them.)
↩

[Question assets]
- assets/5a336c5d4107983d8138ef613f7a72d02697dd043ec893bafd1c6dcf21b8220b.png",16414860,"The diagram above is shaded to show the cells that remain, and which can be foldified to form a 2×6×7 box. The product of the ‘‘sum of the numbered cells’’ values for the six faces is
16414860
.
Congrats to everyone who assembled the box!

[Explanation assets]
- assets/24fbff0e78993fcc135a6bd28d2480f8ec425443af52d805e3b1592ff4eb8155.png","{""bucket"": ""collection_override_hard_candidate""}",machine_checked,True,"[{""bytes"": 164704, ""content_type"": ""image/png"", ""path"": ""assets/5a336c5d4107983d8138ef613f7a72d02697dd043ec893bafd1c6dcf21b8220b.png"", ""role"": ""question"", ""sha256"": ""5a336c5d4107983d8138ef613f7a72d02697dd043ec893bafd1c6dcf21b8220b""}, {""bytes"": 142501, ""content_type"": ""image/png"", ""path"": ""assets/24fbff0e78993fcc135a6bd28d2480f8ec425443af52d805e3b1592ff4eb8155.png"", ""role"": ""explanation"", ""sha256"": ""24fbff0e78993fcc135a6bd28d2480f8ec425443af52d805e3b1592ff4eb8155""}]","{""answer_only_scorable"": true, ""benchmark_core"": true, ""counts_toward_headline_score"": true, ""counts_toward_official_topic_score"": true, ""scoring_metric"": ""binary_accuracy"", ""time_limit_minutes"": 30, ""topic_scoring_group"": ""geometry_spatial"", ""track"": ""answer_only_collection_core""}"
puzzle-a6c414ecbc166f648fda,AIME_II 2013 #13,2013,geometry_spatial,,spatial_visualization | euclidean_geometry,numeric_answer,"In $\triangle ABC$, $AC = BC$, and point $D$ is on $\overline{BC}$ so that $CD = 3\cdot BD$. Let $E$ be the midpoint of $\overline{AD}$. Given that $CE = \sqrt{7}$ and $BE = 3$, the area of $\triangle ABC$ can be expressed in the form $m\sqrt{n}$, where $m$ and $n$ are positive integers and $n$ is not divisible by the square of any prime. Find $m+n$.",$10$,"After drawing the figure, we suppose $BD=a$, so that $CD=3a$, $AC=4a$, and $AE=ED=b$.
Using Law of Cosines for $\triangle CED$ and $\triangle AEC$,we get
\[b^2+7-2b\sqrt{7}\cdot \cos(\angle CED)=9a^2\qquad (1)\]
\[b^2+7+2b\sqrt{7}\cdot \cos(\angle CED)=16a^2\qquad (2)\]
So, $(1)+(2)$, we get\[2b^2+14=25a^2. \qquad (3)\]
Using Law of Cosines in $\triangle ACD$, we get
\[4b^2+9a^2-2\cdot 2b\cdot 3a\cdot \cos(\angle ADC)=16a^2\]
So, \[\cos(\angle ADC)=\frac{4b^2-7a^2}{12ab}.\qquad (4)\]
Using Law of Cosines in $\triangle EDC$ and $\triangle EDB$, we get
\[b^2+9a^2-2\cdot 3a\cdot b\cdot \cos(\angle ADC)=7\qquad (5)\]
\[b^2+a^2+2\cdot a\cdot b\cdot \cos(\angle ADC)=9.\qquad (6)\]
$(5)+(6)$, and according to $(4)$, we can get 
\[37a^2+2b^2=48. \qquad (7)\]
Using $(3)$ and $(7)$, we can solve $a=1$ and $b=\frac{\sqrt{22}}{2}$.
Finally, we use Law of Cosines for $\triangle ADB$, 
\[4(\frac{\sqrt{22}}{2})^2+1+2\cdot2(\frac{\sqrt{22}}{2})\cdot \cos(ADC)=AB^2\]
then $AB=2\sqrt{7}$, so the height of this $\triangle ABC$ is $\sqrt{4^2-(\sqrt{7})^2}=3$.
Then the area of $\triangle ABC$ is $3\sqrt{7}$, so the answer is $\boxed{10}$.","{""bucket"": ""very_hard""}",needs_review,False,,"{""answer_only_scorable"": true, ""benchmark_core"": true, ""counts_toward_headline_score"": true, ""counts_toward_official_topic_score"": true, ""scoring_metric"": ""binary_accuracy"", ""time_limit_minutes"": 30, ""topic_scoring_group"": ""geometry_spatial"", ""track"": ""answer_only_difficulty_selected_core""}"
puzzle-a795e2874e75c572ab7b,Puzzle a795e2874e75c572ab7b,1993,geometry_spatial,,spatial_visualization | euclidean_geometry,numeric_answer,"Let $\overline{CH}$ be an altitude of $\triangle ABC$. Let $R\,$ and $S\,$ be the points where the circles inscribed in the triangles $ACH\,$ and $BCH^{}_{}$ are tangent to $\overline{CH}$. If $AB = 1995\,$, $AC = 1994\,$, and $BC = 1993\,$, then $RS\,$ can be expressed as $m/n\,$, where $m\,$ and $n\,$ are relatively prime integers. Find $m + n\,$.",$997$,"[asy] unitsize(48); pair A,B,C,H; A=(8,0); B=origin; C=(3,4); H=(3,0); draw(A--B--C--cycle); draw(C--H); label(""$A$"",A,SE); label(""$B$"",B,SW); label(""$C$"",C,N); label(""$H$"",H,NE); draw(circle((2,1),1)); pair [] x=intersectionpoints(C--H,circle((2,1),1)); dot(x[0]); label(""$S$"",x[0],SW); draw(circle((4.29843788128,1.29843788128),1.29843788128)); pair [] y=intersectionpoints(C--H,circle((4.29843788128,1.29843788128),1.29843788128)); dot(y[0]); label(""$R$"",y[0],NE); label(""$1993$"",(1.5,2),NW); label(""$1994$"",(5.5,2),NE); label(""$1995$"",(4,0),S); [/asy]
From the Pythagorean Theorem, $AH^2+CH^2=1994^2$, and $(1995-AH)^2+CH^2=1993^2$. 
Subtracting those two equations yields $AH^2-(1995-AH)^2=3987$. 
After simplification, we see that $2*1995AH-1995^2=3987$, or $AH=\frac{1995}{2}+\frac{3987}{2*1995}$. 
Note that $AH+BH=1995$. 
Therefore we have that $BH=\frac{1995}{2}-\frac{3987}{2*1995}$. 
Therefore $AH-BH=\frac{3987}{1995}$.
Now note that $RS=|HR-HS|$, $RH=\frac{AH+CH-AC}{2}$, and $HS=\frac{CH+BH-BC}{2}$. 
Therefore we have $RS=\left| \frac{AH+CH-AC-CH-BH+BC}{2} \right|=\frac{|AH-BH-1994+1993|}{2}$.
Plugging in $AH-BH$ and simplifying, we have $RS=\frac{1992}{1995*2}=\frac{332}{665} \rightarrow 332+665=\boxed{997}$.
Edit by GameMaster402: 
It can be shown that in any triangle with side lengths $n-1, n, n+1$, if you draw an altitude from the vertex to the side of $n+1$, and draw the incircles of the two right triangles, the distance between the two tangency points is simply $\frac{n-2}{2n+2}=\frac{n-2}{2(n+1)}$.
Plugging in $n=1994$ yields that the answer is $\frac{1992}{2(1995)}$, which simplifies to $\frac{332}{665}$
Edit by phoenixfire:
It can further be shown for any triangle with sides $a=BC, b=CA, c=AB$ that
\[RS=\dfrac{|b-a|}{2c}|a+b-c|\]
Over here $a=1993, b=1994, c=1995$, so using the formula gives \[RS = \dfrac{|1994 - 1993|}{2 \cdot 1995}|1993 + 1994 - 1995| = \dfrac{1 \cdot 1992}{2(1995)} = \frac{332}{665}.\]
Note: We can also just right it as $RS=\frac{|b-a|(a+b-c)}{2c}$ since $a+b-c \geq 0$ by the triangle inequality.","{""bucket"": ""very_hard""}",needs_review,False,,"{""answer_only_scorable"": true, ""benchmark_core"": true, ""counts_toward_headline_score"": true, ""counts_toward_official_topic_score"": true, ""scoring_metric"": ""binary_accuracy"", ""time_limit_minutes"": 30, ""topic_scoring_group"": ""geometry_spatial"", ""track"": ""answer_only_difficulty_selected_core""}"
puzzle-ab173ea10590bc3ed239,AIME_I 2007 #12,2007,geometry_spatial,,spatial_visualization | euclidean_geometry,numeric_answer,"In isosceles triangle $\triangle ABC$, $A$ is located at the origin and $B$ is located at $(20,0)$. Point $C$ is in the first quadrant with $AC = BC$ and angle $BAC = 75^{\circ}$. If triangle $ABC$ is rotated counterclockwise about point $A$ until the image of $C$ lies on the positive $y$-axis, the area of the region common to the original and the rotated triangle is in the form $p\sqrt{2} + q\sqrt{3} + r\sqrt{6} + s$, where $p,q,r,s$ are integers. Find $\frac{p-q+r-s}2$.",$875$,"Let the new triangle be $\triangle AB'C'$ ($A$, the origin, is a vertex of both triangles). Let $\overline{B'C'}$ intersect with $\overline{AC}$ at point $D$, $\overline{BC}$ intersect with $\overline{B'C'}$ at $E$, and $\overline{BC}$ intersect with $\overline{AB'}$ at $F$. The region common to both triangles is the quadrilateral $ADEF$. Notice that $[ADEF] = [\triangle ADB'] - [\triangle EFB']$, where we let $[\ldots]$ denote area. 
To find $[\triangle ADB']$:
Since $\angle B'AC'$ and $\angle BAC$ both have measures $75^{\circ}$, both of their complements are $15^{\circ}$, and $\angle DAB' = 90 - 2(15) = 60^{\circ}$. We know that $\angle DB'A = 75^{\circ}$, so $\angle ADB' = 180 - 60 - 75 = 45^{\circ}$.
Thus $\triangle ADB'$ is a $45 - 60 - 75 \triangle$. It can be solved by drawing an altitude splitting the $75^{\circ}$ angle into $30^{\circ}$ and $45^{\circ}$ angles, forming a $30-60-90$ right triangle and a $45-45-90$ isosceles right triangle. Since we know that $AB' = 20$, the base of the $30-60-90$ triangle is $10$, the base of the $45-45-90$ is $10\sqrt{3}$, and their common height is $10\sqrt{3}$. Thus, the total area of $[\triangle ADB'] = \frac{1}{2}(10\sqrt{3})(10\sqrt{3} + 10) = \boxed{150 + 50\sqrt{3}}$.
To find $[\triangle EFB']$:
Since $\triangle AFB$ is also a $15-75-90$ triangle,
$AF = 20\sin 75 = 20 \sin (30 + 45) = 20\left(\frac{\sqrt{2} + \sqrt{6}}4\right) = 5\sqrt{2} + 5\sqrt{6}$
and
$FB' = AB' - AF = 20 - 5\sqrt{2} - 5\sqrt{6}$
Since $[\triangle EFB'] = \frac{1}{2} (FB' \cdot EF) = \frac{1}{2} (FB') (FB' \tan 75^{\circ})$. With some horrendous algebra, we can calculate
\begin{align*} [\triangle EFB'] &= \frac{1}{2}\tan (30 + 45) \cdot (20 - 5\sqrt{2} - 5\sqrt{6})^2 \\ &= 25 \left(\frac{\frac{1}{\sqrt{3}} + 1}{1 - \frac{1}{\sqrt{3}}}\right) \left(8 - 2\sqrt{2} - 2\sqrt{6} - 2\sqrt{2} + 1 + \sqrt{3} - 2\sqrt{6} + \sqrt{3} + 3\right) \\ &= 25(2 + \sqrt{3})(12 - 4\sqrt{2} - 4\sqrt{6} + 2\sqrt{3}) \\ [\triangle EFB'] &= \boxed{- 500\sqrt{2} + 400\sqrt{3} - 300\sqrt{6} +750}. \end{align*}
To finish,
\begin{align*} [ADEF] &= [\triangle ADB'] - [\triangle EFB']\\ &= \left(150 + 50\sqrt{3}\right) - \left(-500\sqrt{2} + 400\sqrt{3} - 300\sqrt{6} + 750\right)\\ &=500\sqrt{2} - 350\sqrt{3} + 300\sqrt{6} - 600\\ \end{align*}
Hence, $\frac{p-q+r-s}{2} = \frac{500 + 350 + 300 + 600}2 = \frac{1750}2 = \boxed{\boxed{875}}$.","{""bucket"": ""hard_candidate""}",needs_review,False,,"{""answer_only_scorable"": true, ""benchmark_core"": true, ""counts_toward_headline_score"": true, ""counts_toward_official_topic_score"": true, ""scoring_metric"": ""binary_accuracy"", ""time_limit_minutes"": 30, ""topic_scoring_group"": ""geometry_spatial"", ""track"": ""answer_only_difficulty_selected_core""}"
puzzle-ab630498187058a31e27,AIME_II 2015 #11,2015,geometry_spatial,,spatial_visualization | euclidean_geometry,numeric_answer,"The circumcircle of acute $\triangle ABC$ has center $O$. The line passing through point $O$ perpendicular to $\overline{OB}$ intersects lines $AB$ and $BC$ at $P$ and $Q$, respectively. Also $AB=5$, $BC=4$, $BQ=4.5$, and $BP=\frac{m}{n}$, where $m$ and $n$ are relatively prime positive integers. Find $m+n$.",$23$,"Call $M$ and $N$ the feet of the altitudes from $O$ to $BC$ and $AB$, respectively. Let $OB = r$ . Notice that $\triangle{OMB} \sim \triangle{QOB}$ because both are right triangles, and $\angle{OBQ} \cong \angle{OBM}$. By $\frac{MB}{BO}=\frac{BO}{BQ}$, $MB = r\left(\frac{r}{4.5}\right) = \frac{r^2}{4.5}$. However, since $O$ is the circumcenter of triangle $ABC$, $OM$ is a perpendicular bisector by the definition of a circumcenter. Hence, $\frac{r^2}{4.5} = 2 \implies r = 3$. Since we know $BN=\frac{5}{2}$ and $\triangle BOP \sim \triangle BNO$, we have $\frac{BP}{3} = \frac{3}{\frac{5}{2}}$. Thus, $BP = \frac{18}{5}$. $m + n=\boxed{23}$.","{""bucket"": ""hard_candidate""}",needs_review,False,,"{""answer_only_scorable"": true, ""benchmark_core"": true, ""counts_toward_headline_score"": true, ""counts_toward_official_topic_score"": true, ""scoring_metric"": ""binary_accuracy"", ""time_limit_minutes"": 30, ""topic_scoring_group"": ""geometry_spatial"", ""track"": ""answer_only_difficulty_selected_core""}"
puzzle-aeda528b07571f52e6f3,Puzzle aeda528b07571f52e6f3,2026-01-05,geometry_spatial,algorithms_computation,euclidean_geometry | logical_inference | computational_verification,proof_problem | geometry_problem,"In a non-degenerate Euclidean configuration, perform the following constructions. All intersections and choices are those satisfying the stated incidences; directed angles are taken modulo 180°.
1. Let A, B, C be the vertices of a non-degenerate triangle.
2. Let D be the circumcenter of triangle BAC.
3. Line AE is tangent at A to the circle centered at D through A.
4. Point E lies on line BC.
5. Point F lies on the internal angle bisector of ∠BEA.
6. Point F lies on line AB.
7. Point G lies on line AC.
8. Point G lies on line EF.
9. Point H lies on the internal angle bisector of ∠BAC.
10. Point H lies on line BC.
Prove that FE is perpendicular to AH.
Formal statement: `a b c = triangle a b c; d = circle d b a c; e = lc_tangent e a d, on_line e b c; f = angle_bisector f b e a, on_line f a b; g = on_line g a c, on_line g e f; h = angle_bisector h b a c, on_line h b c ? perp f e a h`",FE is perpendicular to AH,"Machine-verified DDAR proof trace.
Premises used:
Points introduced: A.
Points introduced: B.
Points introduced: C.
Points introduced: D.
[00] DB = DA
[01] DA = DC
Points introduced: E.
[02] B,C,E are collinear
[03] AE ⟂ AD
Points introduced: F.
[04] ∠BEF = ∠FEA
[05] B,A,F are collinear
Points introduced: H.
[06] H,C,B are collinear
[07] ∠BAH = ∠HAC
Auxiliary constructions:
Points introduced: G.
[08] E,G,F are collinear
[09] C,G,A are collinear
Proof steps:
001. H,C,B are collinear [06] & B,C,E are collinear [02] & E,G,F are collinear [08] & ∠BEF = ∠FEA [04] --deduction--> ∠HEG = ∠GEA [10]
002. E,G,F are collinear [08] & E,C,B are collinear [02] & ∠BEF = ∠FEA [04] --deduction--> ∠GEA = ∠BEF [11]
003. DB = DA [00] & DA = DC [01] --deduction--> D is the circumcenter of \Delta ABC [12]
004. D is the circumcenter of \Delta ABC [12] & AE ⟂ AD [03] --r15--> ∠CAE = ∠CBA [13]
005. D is the circumcenter of \Delta ABC [12] & AE ⟂ AD [03] --r15--> ∠EAB = ∠ACB [14]
006. C,G,A are collinear [09] & B,C,E are collinear [02] & B,A,F are collinear [05] & ∠CAE = ∠CBA [13] --deduction--> ∠GAE = ∠EBF [15]
007. ∠GEA = ∠BEF [11] & ∠GAE = ∠EBF [15] --Similar triangles--> ∠EGA = ∠BFE [16]
008. ∠BAH = ∠HAC [07] & B,C,H are collinear [06] --r12--> CH:BH = CA:BA [17]
009. C,E,B are collinear [02] & ∠EAB = ∠ACB [14] --deduction--> ∠EAB = ∠ACE [18]
010. B,C,E are collinear [02] & ∠CBA = ∠CAE [13] --deduction--> ∠EBA = ∠CAE [19]
011. ∠EAB = ∠ACE [18] & ∠EBA = ∠CAE [19] --Similar triangles--> CE:EA = CA:BA [20]
012. ∠EAB = ∠ACE [18] & ∠EBA = ∠CAE [19] --Similar triangles--> BE:EA = BA:CA [21]
013. E,C,B are collinear [02] & E,G,F are collinear [08] & ∠BEF = ∠FEA [04] --deduction--> ∠CEG = ∠GEA [22]
014. ∠CEG = ∠GEA [22] & C,G,A are collinear [09] --r12--> CG:GA = CE:EA [23]
015. CH:BH = CA:BA [17] & CE:EA = CA:BA [20] & CG:GA = CE:EA [23] --deduction--> CG:GA = CH:HB [24]
016. CG:GA = CH:HB [24] & C,G,A are collinear [09] & B,C,H are collinear [06] --r27--> GH ∥ AB [25]
017. E,G,F are collinear [08] & C,G,A are collinear [09] & ∠EGA = ∠BFE [16] & B,A,F are collinear [05] & AB ∥ GH [25] --deduction--> ∠HGE = ∠EGA [26]
018. ∠HEG = ∠GEA [10] & ∠HGE = ∠EGA [26] --Similar triangles--> EH = EA [27]
019. ∠BEF = ∠FEA [04] & B,A,F are collinear [05] --r12--> BF:FA = BE:EA [28]
020. BF:FA = BE:EA [28] & BE:EA = BA:CA [21] & BH:CH = BA:CA [17] --deduction--> BH:HC = BF:FA [29]
021. BH:HC = BF:FA [29] & B,C,H are collinear [06] & B,A,F are collinear [05] --r27--> HF ∥ CA [30]
022. F,B,A are collinear [05] & ∠BAH = ∠HAC [07] & AC ∥ FH [30] --deduction--> ∠FAH = ∠AHF [31]
023. ∠FAH = ∠AHF [31] --r14--> FA = FH [32]
024. EH = EA [27] & FA = FH [32] --r23--> AH ⟂ EF
Verified conclusion: FE is perpendicular to AH.","{""bucket"": ""hard_candidate""}",machine_verified,False,,"{""answer_only_scorable"": false, ""answer_type"": ""proof_certificate"", ""benchmark_core"": false, ""canonical_reference_field"": ""explanation"", ""counts_toward_headline_score"": false, ""counts_toward_official_topic_score"": false, ""formal_verification_applies_to"": ""formal_statement"", ""reference_proof_type"": ""machine_verified_ddar_trace"", ""scoring_metric"": ""proof_certificate_validity"", ""scoring_requires_proof"": true, ""submission_requirement"": ""A complete proof certificate establishing the stated theorem; repeating answer_only receives no credit."", ""time_limit_minutes"": 60, ""topic_scoring_group"": ""geometry_spatial"", ""track"": ""proof_certificate""}"
puzzle-b00a9ebccf06353ab8f8,Piece de Resistance,,geometry_spatial,logic_constraints | cryptography_ciphers,spatial_visualization | visual_decoding | logical_inference | constraint_propagation | encoding_decoding | indexing_extraction | meta_extraction,image_puzzle | multi_part | meta_puzzle | logic_grid,"Title: Piece de Resistance

Two queens move together across the field, bearing their battle flags and acting with unrelenting devotion to their code. Ultimately only a black queen is left. Name her.

The complete puzzle statement and its visual/structured clues are in the required question asset(s):
- assets/e2a170adf6c6454ea1d6c603c1ed602dcdee02b4f933a289ff6815358f900723.png

Return the short canonical final answer.",RUPAUL,"1. Determine all 6 moves for both the black and white queen by following the rules in the Queen's Code.
   Reasoning figure: assets/8eaeab2c2349968cdee18c2b3c4df02ed88b504752c465d5732a305fddf40052.png

2. Combine the directions of corresponding white and black queen moves as semaphore characters, and spell out the answer RUPAUL.","{""bucket"": ""hard""}",needs_review,True,"[{""bytes"": 95099, ""content_type"": ""image/png"", ""path"": ""assets/e2a170adf6c6454ea1d6c603c1ed602dcdee02b4f933a289ff6815358f900723.png"", ""role"": ""question"", ""sha256"": ""e2a170adf6c6454ea1d6c603c1ed602dcdee02b4f933a289ff6815358f900723""}, {""bytes"": 91794, ""content_type"": ""image/png"", ""path"": ""assets/8eaeab2c2349968cdee18c2b3c4df02ed88b504752c465d5732a305fddf40052.png"", ""role"": ""explanation"", ""sha256"": ""8eaeab2c2349968cdee18c2b3c4df02ed88b504752c465d5732a305fddf40052""}]","{""answer_only_scorable"": true, ""benchmark_core"": true, ""counts_toward_headline_score"": true, ""counts_toward_official_topic_score"": true, ""scoring_metric"": ""binary_accuracy"", ""time_limit_minutes"": 30, ""topic_scoring_group"": ""geometry_spatial"", ""track"": ""answer_only_upstream_hard_core""}"
puzzle-b74355efcc5423ea5027,AIME_II 2015 #15,2015,geometry_spatial,,spatial_visualization | euclidean_geometry,numeric_answer,"Circles $\mathcal{P}$ and $\mathcal{Q}$ have radii $1$ and $4$, respectively, and are externally tangent at point $A$. Point $B$ is on $\mathcal{P}$ and point $C$ is on $\mathcal{Q}$ so that line $BC$ is a common external tangent of the two circles. A line $\ell$ through $A$ intersects $\mathcal{P}$ again at $D$ and intersects $\mathcal{Q}$ again at $E$. Points $B$ and $C$ lie on the same side of $\ell$, and the areas of $\triangle DBA$ and $\triangle ACE$ are equal. This common area is $\frac{m}{n}$, where $m$ and $n$ are relatively prime positive integers. Find $m+n$. [asy] import cse5; pathpen=black; pointpen=black; size(6cm); pair E = IP(L((-.2476,1.9689),(0.8,1.6),-3,5.5),CR((4,4),4)), D = (-.2476,1.9689); filldraw(D--(0.8,1.6)--(0,0)--cycle,gray(0.7)); filldraw(E--(0.8,1.6)--(4,0)--cycle,gray(0.7)); D(CR((0,1),1)); D(CR((4,4),4,150,390)); D(L(MP(""D"",D(D),N),MP(""A"",D((0.8,1.6)),NE),1,5.5)); D((-1.2,0)--MP(""B"",D((0,0)),S)--MP(""C"",D((4,0)),S)--(8,0)); D(MP(""E"",E,N)); [/asy]",$129$,"Let $M$ be the intersection of $\overline{BC}$ and the common internal tangent of $\mathcal P$ and $\mathcal Q.$ We claim that $M$ is the circumcenter of right $\triangle{ABC}.$ Indeed, we have $AM = BM$ and $BM = CM$ by equal tangents to circles, and since $BM = CM, M$ is the midpoint of $\overline{BC},$ implying that $\angle{BAC} = 90.$ Now draw $\overline{PA}, \overline{PB}, \overline{PM},$ where $P$ is the center of circle $\mathcal P.$ Quadrilateral $PAMB$ is cyclic, and by Pythagorean Theorem $PM = \sqrt{5},$ so by Ptolemy on $PAMB$ we have \[AB \sqrt{5} = 2 \cdot 1 + 2 \cdot 1 = 4 \iff AB = \dfrac{4 \sqrt{5}}{5}.\] Do the same thing on cyclic quadrilateral $QAMC$ (where $Q$ is the center of circle $\mathcal Q$ and get $AC = \frac{8 \sqrt{5}}{5}.$ 
Let $\angle A = \angle{DAB}.$ By Law of Sines, $BD = 2R \sin A = 2 \sin A.$ Note that $\angle{D} = \angle{ABC}$ from inscribed angles, so 
\begin{align*} [ABD] &= \dfrac{1}{2} BD \cdot AB \cdot \sin{\angle B} \\ &= \dfrac{1}{2} \cdot \dfrac{4 \sqrt{5}}{5} \cdot 2 \sin A \sin{\left(180 - \angle A - \angle D\right)} \\ &= \dfrac{4 \sqrt{5}}{5} \cdot \sin A \cdot \sin{\left(\angle A + \angle D\right)} \\ &= \dfrac{4 \sqrt{5}}{5} \cdot \sin A \cdot \left(\sin A \cos D + \cos A \sin D\right) \\ &= \dfrac{4 \sqrt{5}}{5} \cdot \sin A \cdot \left(\sin A \cos{\angle{ABC}} + \cos A \sin{\angle{ABC}}\right) \\ &= \dfrac{4 \sqrt{5}}{5} \cdot \sin A \cdot \left(\dfrac{\sqrt{5} \sin A}{5} + \dfrac{2 \sqrt{5} \cos A}{5}\right) \\ &= \dfrac{4}{5} \cdot \sin A \left(\sin A + 2 \cos A\right) \end{align*} after angle addition identity.
Similarly, $\angle{EAC} = 90 - \angle A,$ and by Law of Sines $CE = 8 \sin{\angle{EAC}} = 8 \cos A.$ Note that $\angle{E} = \angle{ACB}$ from inscribed angles, so
\begin{align*} [ACE] &= \dfrac{1}{2} AC \cdot CE \sin{\angle C} \\ &= \dfrac{1}{2} \cdot \dfrac{8 \sqrt{5}}{5} \cdot 8 \cos A \sin{\left[180 - \left(90 - \angle A\right) - \angle E\right]} \\ &= \dfrac{32 \sqrt{5}}{5} \cdot \cos A \sin{\left[\left(90 - \angle A\right) + \angle{ACB}\right]} \\ &= \dfrac{32 \sqrt{5}}{5} \cdot \cos A \left(\dfrac{2 \sqrt{5} \cos A}{5} + \dfrac{\sqrt{5} \sin A}{5}\right) \\ &= \dfrac{32}{5} \cdot \cos A \left(\sin A + 2 \cos A\right) \end{align*} after angle addition identity.
Setting the two areas equal, we get \[\tan A = \frac{\sin A}{\cos A} = 8 \iff \sin A = \frac{8}{\sqrt{65}}, \cos A = \frac{1}{\sqrt{65}}\] after Pythagorean Identity. Now plug back in and the common area is $\frac{64}{65} \iff \boxed{129}.$","{""bucket"": ""very_hard""}",needs_review,False,,"{""answer_only_scorable"": true, ""benchmark_core"": true, ""counts_toward_headline_score"": true, ""counts_toward_official_topic_score"": true, ""scoring_metric"": ""binary_accuracy"", ""time_limit_minutes"": 30, ""topic_scoring_group"": ""geometry_spatial"", ""track"": ""answer_only_difficulty_selected_core""}"
puzzle-b8b8ec18ad95fd2a0d60,Puzzle b8b8ec18ad95fd2a0d60,1983,geometry_spatial,,spatial_visualization | euclidean_geometry,numeric_answer,"Diameter $AB$ of a circle has length a $2$-digit integer (base ten). Reversing the digits gives the length of the perpendicular chord $CD$. The distance from their intersection point $H$ to the center $O$ is a positive rational number. Determine the length of $AB$. [asy] draw(circle((0,0),4)); draw((-4,0)--(4,0)); draw((-2,-2*sqrt(3))--(-2,2*sqrt(3))); draw((-2.6,0)--(-2.6,0.6)); draw((-2,0.6)--(-2.6,0.6)); dot((0,0)); dot((-2,0)); dot((4,0)); dot((-4,0)); dot((-2,2*sqrt(3))); dot((-2,-2*sqrt(3))); label(""A"",(-4,0),W); label(""B"",(4,0),E); label(""C"",(-2,2*sqrt(3)),NW); label(""D"",(-2,-2*sqrt(3)),SW); label(""H"",(-2,0),SE); label(""O"",(0,0),NE);[/asy]",$65$,"Let $AB=10x+y$ and $CD=10y+x$. It follows that $CO=\frac{AB}{2}=\frac{10x+y}{2}$ and $CH=\frac{CD}{2}=\frac{10y+x}{2}$. Scale up this triangle by 2 to ease the arithmetic. Applying the Pythagorean Theorem on $2CO$, $2OH$ and $2CH$, we deduce
\[(2OH)^2=\left(10x+y\right)^2-\left(10y+x\right)^2=99(x+y)(x-y)\] 
Because $OH$ is a positive rational number and $x$ and $y$ are integral, the quantity $99(x+y)(x-y)$ must be a perfect square. Hence either $x-y$ or $x+y$ must be a multiple of $11$, but as $x$ and $y$ are different digits, $1+0=1 \leq x+y \leq 9+9=18$, so the only possible multiple of $11$ is $11$ itself. However, $x-y$ cannot be 11, because both must be digits. Therefore, $x+y$ must equal $11$ and $x-y$ must be a perfect square. The only pair $(x,y)$ that satisfies this condition is $(6,5)$, so our answer is $\boxed{65}$. (Therefore $CD = 56$ and $OH = \frac{33}{2}$.)","{""bucket"": ""hard_candidate""}",needs_review,False,,"{""answer_only_scorable"": true, ""benchmark_core"": true, ""counts_toward_headline_score"": true, ""counts_toward_official_topic_score"": true, ""scoring_metric"": ""binary_accuracy"", ""time_limit_minutes"": 30, ""topic_scoring_group"": ""geometry_spatial"", ""track"": ""answer_only_difficulty_selected_core""}"
puzzle-ba162b544069d23f577e,Puzzle ba162b544069d23f577e,2026-01-05,geometry_spatial,algorithms_computation,euclidean_geometry | logical_inference | computational_verification | coordinate_geometry,proof_problem | geometry_problem,"In a non-degenerate Euclidean configuration, perform the following constructions. All intersections and choices are those satisfying the stated incidences; directed angles are taken modulo 180°.
1. Let A and B be distinct points.
2. Let C be the midpoint of segment BA.
3. Point D lies on the circle centered at C through A.
4. Point E lies on the internal angle bisector of ∠DCA.
5. Point E lies on the circle centered at C through A.
6. Let F be the foot of the perpendicular from E to line AB.
7. Let G be the intersection of lines AD and EF.
8. Let H be the intersection of lines AD and BE.
Prove that AG = GE.
Formal statement: `a b = segment a b; c = midpoint c b a; d = on_circle d c a; e = angle_bisector e d c a, on_circle e c a; f = foot f e a b; g = intersection_ll g a d e f; h = intersection_ll h a d b e ? cong a g g e`",AG = GE,"Machine-verified DDAR proof trace.
Premises used:
Points introduced: A.
Points introduced: B.
Points introduced: C.
[00] B,C,A are collinear
[01] CB = CA
Points introduced: D.
[02] CD = CA
Points introduced: E.
[03] CE = CA
[04] ∠DCE = ∠ECA
Points introduced: F.
[05] EF ⟂ AB
Points introduced: G.
[06] G,A,D are collinear
[07] E,G,F are collinear
Proof steps:
001. CE = CA [03] & CB = CA [01] --deduction--> C is the circumcenter of \Delta BEA [08]
002. C is the circumcenter of \Delta BEA [08] & B,C,A are collinear [00] --r20--> BE ⟂ AE [09]
003. E,G,F are collinear [07] & B,C,A are collinear [00] & BE ⟂ AE [09] & EF ⟂ AB [05] --deduction--> ∠(EG-BC) = ∠BEA [10]
004. CE = CA [03] --r13--> ∠CAE = ∠AEC [11]
005. B,C,A are collinear [00] & ∠CAE = ∠AEC [11] --deduction--> ∠(BC-EA) = ∠AEC [12]
006. ∠(EG-BC) = ∠BEA [10] & ∠(BC-EA) = ∠AEC [12] --r09--> ∠GEA = ∠BEC [13]
007. CD = CA [02] & CE = CA [03] --deduction--> CE = CD [14]
008. CE = CA [03] & CE = CD [14] & ∠ACE = ∠ECD [04] --SAS--> ∠AED = ∠ECD [15]
009. CD = CA [02] & CE = CA [03] & CB = CA [01] --deduction--> B,E,A,D are concyclic [16]
010. B,E,A,D are concyclic [16] --r03--> ∠ABD = ∠AED [17]
011. B,E,A,D are concyclic [16] --r03--> ∠DBE = ∠DAE [18]
012. CD = CA [02] & CB = CA [01] --deduction--> CB = CD [19]
013. CB = CD [19] --r13--> ∠CBD = ∠BDC [20]
014. ∠AED = ∠ECD [15] & ∠ABD = ∠AED [17] & ∠CBD = ∠BDC [20] & B,C,A are collinear [00] --deduction--> ∠BDC = ∠ECD [21]
015. ∠BDC = ∠ECD [21] --r02--> BD ∥ CE [22]
016. G,A,D are collinear [06] & E,G,F are collinear [07] & ∠GEA = ∠BEC [13] & BD ∥ CE [22] & ∠DBE = ∠DAE [18] --deduction--> ∠GAE = ∠AEG [23]
017. ∠GAE = ∠AEG [23] --r14--> GA = GE
Verified conclusion: AG = GE.","{""bucket"": ""hard_candidate""}",machine_verified,False,,"{""answer_only_scorable"": false, ""answer_type"": ""proof_certificate"", ""benchmark_core"": false, ""canonical_reference_field"": ""explanation"", ""counts_toward_headline_score"": false, ""counts_toward_official_topic_score"": false, ""formal_verification_applies_to"": ""formal_statement"", ""reference_proof_type"": ""machine_verified_ddar_trace"", ""scoring_metric"": ""proof_certificate_validity"", ""scoring_requires_proof"": true, ""submission_requirement"": ""A complete proof certificate establishing the stated theorem; repeating answer_only receives no credit."", ""time_limit_minutes"": 60, ""topic_scoring_group"": ""geometry_spatial"", ""track"": ""proof_certificate""}"
puzzle-ba76728f9e5dfd73b897,Puzzle ba76728f9e5dfd73b897,1989,geometry_spatial,,spatial_visualization | euclidean_geometry,numeric_answer,"Let $ABCD$ be a tetrahedron with $AB=41$, $AC=7$, $AD=18$, $BC=36$, $BD=27$, and $CD=13$, as shown in the figure. Let $d$ be the distance between the midpoints of edges $AB$ and $CD$. Find $d^{2}$. [asy] defaultpen(fontsize(10)+0.8); size(175); pair A,B,C,D,M,P,Q; C=origin; B=(8,0); D=IP(CR(C,6.5),CR(B,8)); A=(4,-3); P=midpoint(A--B); Q=midpoint(C--D); draw(B--C--D--B--A--C^^A--D); draw(D--P--C^^P--Q, gray+dashed+0.5); pen p=fontsize(12)+linewidth(3); dot(""$A$"",A,down,p); dot(""$B$"",B,right,p); dot(""$C$"",C,left,p); dot(""$D$"",D,up,p); dot(""$M$"",P,dir(-45),p); dot(""$N$"",Q,0.2*(Q-P),p); label(""$27$"",B--D,2*dir(30),fontsize(10)); label(""$7$"",A--C,2*dir(210),fontsize(10)); label(""$18$"",A--D,1.5*dir(30),fontsize(10)); label(""$36$"",(3,0),up,fontsize(10)); [/asy]",$137$,"Call the midpoint of $\overline{AB}$ $M$ and the midpoint of $\overline{CD}$ $N$. $d$ is the median of triangle $\triangle CDM$. The formula for the length of a median is $m=\sqrt{\frac{2a^2+2b^2-c^2}{4}}$, where $a$, $b$, and $c$ are the side lengths of triangle, and $c$ is the side that is bisected by median $m$. The formula is a direct result of the Law of Cosines applied twice with the angles formed by the median (Stewart's Theorem). We can also get this formula from the parallelogram law, that the sum of the squares of the diagonals is equal to the squares of the sides of a parallelogram .
We first find $CM$, which is the median of $\triangle CAB$.
\[CM=\sqrt{\frac{98+2592-1681}{4}}=\frac{\sqrt{1009}}{2}\]
Now we must find $DM$, which is the median of $\triangle DAB$.
\[DM=\frac{\sqrt{425}}{2}\]
Now that we know the sides of $\triangle CDM$, we proceed to find the length of $d$.
\[d=\frac{\sqrt{548}}{2} \Longrightarrow d^2=\frac{548}{4}=\boxed{137}\]","{""bucket"": ""hard_candidate""}",needs_review,False,,"{""answer_only_scorable"": true, ""benchmark_core"": true, ""counts_toward_headline_score"": true, ""counts_toward_official_topic_score"": true, ""scoring_metric"": ""binary_accuracy"", ""time_limit_minutes"": 30, ""topic_scoring_group"": ""geometry_spatial"", ""track"": ""answer_only_difficulty_selected_core""}"
puzzle-bb08204fa810beb401b8,AIME_I 2015 #11,2015,geometry_spatial,,spatial_visualization | euclidean_geometry,numeric_answer,Triangle $ABC$ has positive integer side lengths with $AB=AC$. Let $I$ be the intersection of the bisectors of $\angle B$ and $\angle C$. Suppose $BI=8$. Find the smallest possible perimeter of $\triangle ABC$.,$108$,"Let $D$ be the midpoint of $\overline{BC}$. Then by SAS Congruence, $\triangle ABD \cong \triangle ACD$, so $\angle ADB = \angle ADC = 90^o$.
Now let $BD=y$, $AB=x$, and $\angle IBD = \dfrac{\angle ABD}{2} = \theta$.
Then $\mathrm{cos}{(\theta)} = \dfrac{y}{8}$
and $\mathrm{cos}{(2\theta)} = \dfrac{y}{x} = 2\mathrm{cos^2}{(\theta)} - 1 = \dfrac{y^2-32}{32}$.
Cross-multiplying yields $32y = x(y^2-32)$.
Since $x,y>0$, $y^2-32$ must be positive, so $y > 5.5$.
Additionally, since $\triangle IBD$ has hypotenuse $\overline{IB}$ of length $8$, $BD=y < 8$.
Therefore, given that $BC=2y$ is an integer, the only possible values for $y$ are $6$, $6.5$, $7$, and $7.5$.
However, only one of these values, $y=6$, yields an integral value for $AB=x$, so we conclude that $y=6$ and $x=\dfrac{32(6)}{(6)^2-32}=48$.
Thus the perimeter of $\triangle ABC$ must be $2(x+y) = \boxed{108}$.","{""bucket"": ""hard_candidate""}",needs_review,False,,"{""answer_only_scorable"": true, ""benchmark_core"": true, ""counts_toward_headline_score"": true, ""counts_toward_official_topic_score"": true, ""scoring_metric"": ""binary_accuracy"", ""time_limit_minutes"": 30, ""topic_scoring_group"": ""geometry_spatial"", ""track"": ""answer_only_difficulty_selected_core""}"
puzzle-bf6d1f77173f6c3379f9,Puzzle bf6d1f77173f6c3379f9,1994,geometry_spatial,,spatial_visualization | euclidean_geometry,numeric_answer,"A fenced, rectangular field measures $24$ meters by $52$ meters. An agricultural researcher has 1994 meters of fence that can be used for internal fencing to partition the field into congruent, square test plots. The entire field must be partitioned, and the sides of the squares must be parallel to the edges of the field. What is the largest number of square test plots into which the field can be partitioned using all or some of the 1994 meters of fence?",$702$,"Suppose there are $n$ squares in every column of the grid, so there are $\frac{52}{24}n = \frac {13}6n$ squares in every row. Then $6|n$, and our goal is to maximize the value of $n$. 
Each vertical fence has length $24$, and there are $\frac{13}{6}n - 1$ vertical fences; each horizontal fence has length $52$, and there are $n-1$ such fences. Then the total length of the internal fencing is $24\left(\frac{13n}{6}-1\right) + 52(n-1) = 104n - 76 \le 1994 \Longrightarrow n \le \frac{1035}{52} \approx 19.9$, so $n \le 19$. The largest multiple of $6$ that is $\le 19$ is $n = 18$, which we can easily verify works, and the answer is $\frac{13}{6}n^2 = \boxed{702}$.","{""bucket"": ""hard_candidate""}",needs_review,False,,"{""answer_only_scorable"": true, ""benchmark_core"": true, ""counts_toward_headline_score"": true, ""counts_toward_official_topic_score"": true, ""scoring_metric"": ""binary_accuracy"", ""time_limit_minutes"": 30, ""topic_scoring_group"": ""geometry_spatial"", ""track"": ""answer_only_difficulty_selected_core""}"
puzzle-bf80d5ab6a621b141537,AIME_II 2010 #12,2010,geometry_spatial,,spatial_visualization | euclidean_geometry,numeric_answer,Two noncongruent integer-sided isosceles triangles have the same perimeter and the same area. The ratio of the lengths of the bases of the two triangles is $8: 7$. Find the minimum possible value of their common perimeter.,$676$,"Let $s$ be the semiperimeter of the two triangles. Also, let the base of the longer triangle be $16x$ and the base of the shorter triangle be $14x$ for some arbitrary factor $x$. Then, the dimensions of the two triangles must be $s-8x,s-8x,16x$ and $s-7x,s-7x,14x$. By Heron's Formula, we have 
\[\sqrt{s(8x)(8x)(s-16x)}=\sqrt{s(7x)(7x)(s-14x)}\]
\[8\sqrt{s-16x}=7\sqrt{s-14x}\]
\[64s-1024x=49s-686x\]
\[15s=338x\]
Since $15$ and $338$ are coprime, to minimize, we must have $s=338$ and $x=15$. However, we want the minimum perimeter. This means that we must multiply our minimum semiperimeter by $2$, which gives us a final answer of $\boxed{676}$.","{""bucket"": ""hard_candidate""}",needs_review,False,,"{""answer_only_scorable"": true, ""benchmark_core"": true, ""counts_toward_headline_score"": true, ""counts_toward_official_topic_score"": true, ""scoring_metric"": ""binary_accuracy"", ""time_limit_minutes"": 30, ""topic_scoring_group"": ""geometry_spatial"", ""track"": ""answer_only_difficulty_selected_core""}"
puzzle-c0bfaa2b6c1f15d4a08d,Puzzle c0bfaa2b6c1f15d4a08d,1985,geometry_spatial,,spatial_visualization | euclidean_geometry,numeric_answer,"Let $A$, $B$, $C$ and $D$ be the vertices of a regular tetrahedron, each of whose edges measures $1$ meter. A bug, starting from vertex $A$, observes the following rule: at each vertex it chooses one of the three edges meeting at that vertex, each edge being equally likely to be chosen, and crawls along that edge to the vertex at its opposite end. Let $p = \frac{n}{729}$ be the probability that the bug is at vertex $A$ when it has crawled exactly $7$ meters. Find the value of $n$.",$182$,"<u><b>Denominator</b></u>
There are $3^7$ ways for the bug to make $7$ independent crawls without restrictions.
<u><b>Numerator</b></u>
Let $V_k$ denote the number of ways for the bug to crawl exactly $k$ meters starting from vertex $V$ and ending at vertex $A,$ where $V\in\{A,B,C,D\}$ and $k$ is a positive integer. We wish to find $A_7.$
Since the bug must crawl to vertex $B,C,$ or $D$ on the first move, we have
\begin{align*} A_7&=B_6+C_6+D_6 \\ &=(A_5+C_5+D_5)+(A_5+B_5+D_5)+(A_5+B_5+C_5) \\ &=A_5+2(A_5+B_5+C_5+D_5) \\ &=A_5+2S_5, \end{align*}
where $S_k=A_k+B_k+C_k+D_k.$
More generally, we get \[A_{k+2}=A_k+2S_k. \qquad\qquad (\spadesuit)\]
For $S_k,$ note that
1. Base Case:
\begin{align*} S_1&=A_1+B_1+C_1+D_1 \\ &=0+1+1+1 \\ &=3. \end{align*}
3. Recursive Case:
\begin{align*} S_{k+1}&=A_{k+1}+B_{k+1}+C_{k+1}+D_{k+1} \\ &=(B_k+C_k+D_k)+(A_k+C_k+D_k)+(A_k+B_k+D_k)+(A_k+B_k+C_k) \\ &=3(A_k+B_k+C_k+D_k) \\ &=3S_k. \end{align*}
Clearly, $S_1,S_2,S_3,\ldots$ is a geometric sequence with the first term $S_1=3$ and the common ratio $\frac{S_{k+1}}{S_k}=3.$ Therefore, its explicit formula is \[S_k=3^k. \qquad\qquad (\clubsuit)\]
Recall that $A_1=0.$ By $(\spadesuit)$ and $(\clubsuit),$ we rewrite $A_7$ recursively:
\begin{align*} A_7 &= A_5+2S_5 \\ &=\left(A_3+2S_3\right)+2S_5 \\ &=\left(\left(A_1+2S_1\right)+2S_3\right)+2S_5 \\ &=2S_1+2S_3+2S_5 \\ &=2(3)+2\left(3^3\right)+2\left(3^5\right). \end{align*}
<u><b>Answer</b></u>
The requested probability is \[p=\frac{A_7}{3^7}=\frac{2(3)+2\left(3^3\right)+2\left(3^5\right)}{3^7}=\frac{2(1)+2\left(3^2\right)+2\left(3^4\right)}{3^6}=\frac{182}{729},\] from which $n=\boxed{182}.$","{""bucket"": ""hard_candidate""}",needs_review,False,,"{""answer_only_scorable"": true, ""benchmark_core"": true, ""counts_toward_headline_score"": true, ""counts_toward_official_topic_score"": true, ""scoring_metric"": ""binary_accuracy"", ""time_limit_minutes"": 30, ""topic_scoring_group"": ""geometry_spatial"", ""track"": ""answer_only_difficulty_selected_core""}"
puzzle-c183e8aecbfaf5a69f37,AIME_II 2004 #13,2004,geometry_spatial,,spatial_visualization | euclidean_geometry,numeric_answer,"Let $ABCDE$ be a convex pentagon with $AB \parallel CE, BC \parallel AD, AC \parallel DE, \angle ABC=120^\circ, AB=3, BC=5,$ and $DE = 15.$ Given that the ratio between the area of triangle $ABC$ and the area of triangle $EBD$ is $m/n,$ where $m$ and $n$ are relatively prime positive integers, find $m+n.$",$484$,"Let the intersection of $\overline{AD}$ and $\overline{CE}$ be $F$. Since $AB \parallel CE, BC \parallel AD,$ it follows that $ABCF$ is a parallelogram, and so $\triangle ABC \cong \triangle CFA$. Also, as $AC \parallel DE$, it follows that $\triangle ABC \sim \triangle EFD$. 
[asy] pointpen = black; pathpen = black+linewidth(0.7); pair D=(0,0), E=(15,0), F=IP(CR(D, 75/7), CR(E, 45/7)), A=D+ (5+(75/7))/(75/7) * (F-D), C = E+ (3+(45/7))/(45/7) * (F-E), B=IP(CR(A,3), CR(C,5)); D(MP(""A"",A,(1,0))--MP(""B"",B,N)--MP(""C"",C,NW)--MP(""D"",D)--MP(""E"",E)--cycle); D(D--A--C--E); D(MP(""F"",F)); MP(""5"",(B+C)/2,NW); MP(""3"",(A+B)/2,NE); MP(""15"",(D+E)/2); [/asy]
By the Law of Cosines, $AC^2 = 3^2 + 5^2 - 2 \cdot 3 \cdot 5 \cos 120^{\circ} = 49 \Longrightarrow AC = 7$. Thus the length similarity ratio between $\triangle ABC$ and $\triangle EFD$ is $\frac{AC}{ED} = \frac{7}{15}$. 
Let $h_{ABC}$ and $h_{BDE}$ be the lengths of the altitudes in $\triangle ABC, \triangle BDE$ to $AC, DE$ respectively. Then, the ratio of the areas $\frac{[ABC]}{[BDE]} = \frac{\frac 12 \cdot h_{ABC} \cdot AC}{\frac 12 \cdot h_{BDE} \cdot DE} = \frac{7}{15} \cdot \frac{h_{ABC}}{h_{BDE}}$. 
However, $h_{BDE} = h_{ABC} + h_{CAF} + h_{EFD}$, with all three heights oriented in the same direction. Since $\triangle ABC \cong \triangle CFA$, it follows that $h_{ABC} = h_{CAF}$, and from the similarity ratio, $h_{EFD} = \frac{15}{7}h_{ABC}$. Hence $\frac{h_{ABC}}{h_{BDE}} = \frac{h_{ABC}}{2h_{ABC} + \frac {15}7h_{ABC}} = \frac{7}{29}$, and the ratio of the areas is $\frac{7}{15} \cdot \frac 7{29} = \frac{49}{435}$. The answer is $m+n = \boxed{484}$.","{""bucket"": ""very_hard""}",needs_review,False,,"{""answer_only_scorable"": true, ""benchmark_core"": true, ""counts_toward_headline_score"": true, ""counts_toward_official_topic_score"": true, ""scoring_metric"": ""binary_accuracy"", ""time_limit_minutes"": 30, ""topic_scoring_group"": ""geometry_spatial"", ""track"": ""answer_only_difficulty_selected_core""}"
puzzle-c394abe99568cce64606,AIME_II 2016 #10,2016,geometry_spatial,,spatial_visualization | euclidean_geometry,numeric_answer,"Triangle $ABC$ is inscribed in circle $\omega$. Points $P$ and $Q$ are on side $\overline{AB}$ with $AP<AQ$. Rays $CP$ and $CQ$ meet $\omega$ again at $S$ and $T$ (other than $C$), respectively. If $AP=4,PQ=3,QB=6,BT=5,$ and $AS=7$, then $ST=\frac{m}{n}$, where $m$ and $n$ are relatively prime positive integers. Find $m+n$.",$43$,"[asy] import cse5; pathpen = black; pointpen = black; pointfontsize = 9; size(8cm); pair A = origin, B = (13,0), P = (4,0), Q = (7,0), 	T = B + 5 dir(220), C = IP(circumcircle(A,B,T),Line(T,Q,-0.1,10)), 	S = IP(circumcircle(A,B,C),Line(C,P,-0.1,10)); Drawing(A--B--C--cycle); D(circumcircle(A,B,C),rgb(0,0.6,1)); DrawPathArray(C--S^^C--T,rgb(1,0.4,0.1)); DrawPathArray(A--S^^B--T,rgb(0,0.4,0)); D(S--T,rgb(1,0.2,0.4)); D(""A"",A,dir(215)); D(""B"",B,dir(330)); D(""P"",P,dir(240)); D(""Q"",Q,dir(240)); D(""T"",T,dir(290)); D(""C"",C,dir(120)); D(""S"",S,dir(250)); MP(""4"",(A+P)/2,dir(90)); MP(""3"",(P+Q)/2,dir(90)); MP(""6"",(Q+B)/2,dir(90)); MP(""5"",(B+T)/2,dir(140)); MP(""7"",(A+S)/2,dir(40)); [/asy]
Let $\angle ACP=\alpha$, $\angle PCQ=\beta$, and $\angle QCB=\gamma$. Note that since $\triangle ACQ\sim\triangle TBQ$ we have $\tfrac{AC}{CQ}=\tfrac56$, so by the Ratio Lemma \[\dfrac{AP}{PQ}=\dfrac{AC}{CQ}\cdot\dfrac{\sin\alpha}{\sin\beta}\quad\implies\quad \dfrac{\sin\alpha}{\sin\beta}=\dfrac{24}{15}.\]Similarly, we can deduce $\tfrac{PC}{CB}=\tfrac47$ and hence $\tfrac{\sin\beta}{\sin\gamma}=\tfrac{21}{24}$.
Now Law of Sines on $\triangle ACS$, $\triangle SCT$, and $\triangle TCB$ yields \[\dfrac{AS}{\sin\alpha}=\dfrac{ST}{\sin\beta}=\dfrac{TB}{\sin\gamma}.\]Hence \[\dfrac{ST^2}{\sin^2\beta}=\dfrac{TB\cdot AS}{\sin\alpha\sin\gamma},\]so \[TS^2=TB\cdot AS\left(\dfrac{\sin\beta}{\sin\alpha}\dfrac{\sin\beta}{\sin\gamma}\right)=\dfrac{15\cdot 21}{24^2}\cdot 5\cdot 7=\dfrac{35^2}{8^2}.\]Hence $ST=\tfrac{35}8$ and the requested answer is $35+8=\boxed{43}$.
Edit: Note that the finish is much simpler. Once you get $\dfrac{AS}{\sin\alpha}=\dfrac{ST}{\sin\beta}$, you can solve quickly from there getting $ST=\dfrac{AS \sin(\beta)}{\sin(\alpha)}=7\cdot \dfrac{15}{24}=\dfrac{35}{8}$.","{""bucket"": ""hard_candidate""}",needs_review,False,,"{""answer_only_scorable"": true, ""benchmark_core"": true, ""counts_toward_headline_score"": true, ""counts_toward_official_topic_score"": true, ""scoring_metric"": ""binary_accuracy"", ""time_limit_minutes"": 30, ""topic_scoring_group"": ""geometry_spatial"", ""track"": ""answer_only_difficulty_selected_core""}"
puzzle-c45c5c8a16e537751eab,AIME_I 2004 #14,2004,geometry_spatial,,spatial_visualization | euclidean_geometry,numeric_answer,"A unicorn is tethered by a $20$-foot silver rope to the base of a magician's cylindrical tower whose radius is $8$ feet. The rope is attached to the tower at ground level and to the unicorn at a height of $4$ feet. The unicorn has pulled the rope taut, the end of the rope is $4$ feet from the nearest point on the tower, and the length of the rope that is touching the tower is $\frac{a-\sqrt{b}}c$ feet, where $a, b,$ and $c$ are positive integers, and $c$ is prime. Find $a+b+c.$",$813$,"[asy] /* Settings */ import three; defaultpen(fontsize(10)+linewidth(0.62)); currentprojection = perspective(-2,-50,15); size(200); /* Variables */ real x = 20 - ((750)^.5)/3, CE = 8*(6^.5) - 4*(5^.5), CD = 8*(6^.5), h = 4*CE/CD; pair Cxy = 8*expi((3*pi)/2-CE/8); triple Oxy = (0,0,0), A=(4*5^.5,-8,4), B=(0,-8,h), C=(Cxy.x,Cxy.y,0), D=(A.x,A.y,0), E=(B.x,B.y,0), O=(O.x,O.y,h); pair L = 8*expi(pi+0.05), R = 8*expi(-0.22); /* left and right cylinder lines, numbers from trial/error */ /* Drawing */ draw(B--A--D--E--B--C); draw(circle(Oxy,8)); draw(circle(O,8)); draw((L.x,L.y,0)--(L.x,L.y,h)); draw((R.x,R.y,0)--(R.x,R.y,h)); draw(O--B--(A.x,A.y,h)--cycle,dashed); /* Labeling */ label(""\(A\)"",A,NE); dot(A); label(""\(B\)"",B,NW); dot(B); label(""\(C\)"",C,W); dot(C); label(""\(D\)"",D,E); dot(D); label(""\(E\)"",E,S); dot(E); label(""\(O\)"",O,NW); dot(O); pair O1 = (25,4), A1=O1+(4*sqrt(5),-8), B1=O1+(0,-8); draw(circle(O1,8)); draw(O1--A1--B1--O1); label(""\(A\)"",A1,SE);label(""\(B\)"",B1,SW);label(""\(O\)"",O1,N); label(""$8$"",O1--B1,W);label(""$4$"",(5*A1+O1)/6,0.8*(1,1)); label(""$8$"",O1--A1,0.8*(-0.5,2));label(""$4\sqrt{5}$"",B1/2+A1/2,(0,-1)); [/asy]
Looking from an overhead view, call the center of the circle $O$, the tether point to the unicorn $A$ and the last point where the rope touches the tower $B$. $\triangle OAB$ is a right triangle because $OB$ is a radius and $BA$ is a tangent line at point $B$. We use the Pythagorean Theorem to find the horizontal component of $AB$ has length $4\sqrt{5}$. 
[asy] defaultpen(fontsize(10)+linewidth(0.62)); pair A=(-4*sqrt(5),4), B=(0,4*(8*sqrt(6)-4*sqrt(5))/(8*sqrt(6))), C=(8*sqrt(6)-4*sqrt(5),0), D=(-4*sqrt(5),0), E=(0,0); draw(A--C--D--A);draw(B--E); label(""\(A\)"",A,(-1,1));label(""\(B\)"",B,(1,1));label(""\(C\)"",C,(1,0));label(""\(D\)"",D,(-1,-1));label(""\(E\)"",E,(0,-1)); label(""$4\sqrt{5}$"",D/2+E/2,(0,-1));label(""$8\sqrt{6}-4\sqrt{5}$"",C/2+E/2,(0,-1)); label(""$4$"",D/2+A/2,(-1,0));label(""$x$"",C/2+B/2,(1,0.5));label(""$20-x$"",0.7*A+0.3*B,(1,0.5)); dot(A^^B^^C^^D^^E); [/asy]
Now look at a side view and ""unroll"" the cylinder to be a flat surface. Let $C$ be the bottom tether of the rope, let $D$ be the point on the ground below $A$, and let $E$ be the point directly below $B$. Triangles $\triangle CDA$ and $\triangle CEB$ are similar right triangles. By the Pythagorean Theorem $CD=8\cdot\sqrt{6}$. 
Let $x$ be the length of $CB$. \[\frac{CA}{CD}=\frac{CB}{CE}\implies \frac{20}{8\sqrt{6}}=\frac{x}{8\sqrt{6}-4\sqrt{5}}\implies x=\frac{60-\sqrt{750}}{3}\] 
Therefore $a=60, b=750, c=3, a+b+c=\boxed{813}$.","{""bucket"": ""very_hard""}",needs_review,False,,"{""answer_only_scorable"": true, ""benchmark_core"": true, ""counts_toward_headline_score"": true, ""counts_toward_official_topic_score"": true, ""scoring_metric"": ""binary_accuracy"", ""time_limit_minutes"": 30, ""topic_scoring_group"": ""geometry_spatial"", ""track"": ""answer_only_difficulty_selected_core""}"
puzzle-c4b7282235852e00496f,AIME_I 2013 #12,2013,geometry_spatial,,spatial_visualization | euclidean_geometry,numeric_answer,"Let $\bigtriangleup PQR$ be a triangle with $\angle P = 75^\circ$ and $\angle Q = 60^\circ$. A regular hexagon $ABCDEF$ with side length 1 is drawn inside $\triangle PQR$ so that side $\overline{AB}$ lies on $\overline{PQ}$, side $\overline{CD}$ lies on $\overline{QR}$, and one of the remaining vertices lies on $\overline{RP}$. There are positive integers $a, b, c,$ and $d$ such that the area of $\triangle PQR$ can be expressed in the form $\frac{a+b\sqrt{c}}{d}$, where $a$ and $d$ are relatively prime, and c is not divisible by the square of any prime. Find $a+b+c+d$.",$21$,"First, find that $\angle R = 45^\circ$.
Draw $ABCDEF$. Now draw $\bigtriangleup PQR$ around $ABCDEF$ such that $Q$ is adjacent to $C$ and $D$. The height of $ABCDEF$ is $\sqrt{3}$, so the length of base $QR$ is $2+\sqrt{3}$. Let the equation of $\overline{RP}$ be $y = x$. Then, the equation of $\overline{PQ}$ is $y = -\sqrt{3} (x - (2+\sqrt{3})) \to y = -x\sqrt{3} + 2\sqrt{3} + 3$. Solving the two equations gives $y = x = \frac{\sqrt{3} + 3}{2}$. The area of $\bigtriangleup PQR$ is $\frac{1}{2} * (2 + \sqrt{3}) * \frac{\sqrt{3} + 3}{2} = \frac{5\sqrt{3} + 9}{4}$. $a + b + c + d = 9 + 5 + 3 + 4 = \boxed{021}$
Note (different ending): When you have the length of the base $QR$, you don't need to find the equations of the lines $QP$ and $PR$. Instead, make an altitude from $P$ to $QR$, and call the foot $M$. $QPM$ is a $45, 45, 90$ triangle and $PMR$ is a $30, 60, 90$ triangle. And, they both share $PM$. So, we can set $RM$ as $x$, so $PM$ is $x\sqrt{3}$. Since $QPM$ is a $45, 45, 90$ triangle, $PM=MQ=x\sqrt{3}$. The base $QR$ can be written as $QM+MR=x+x\sqrt{3}=2+\sqrt{3}$. Solve this equation and $x=\frac{\sqrt{3}+1}{2}$ and $PM=x\sqrt{3}=\frac{\sqrt{3}+3}{2}$. Multiply this by base $QR$ and divide by $2$ to get the area of triangle $PQR$ which is $\frac{9+5\sqrt{3}}{4}$. So, $a + b + c + d = 9 + 5 + 3 + 4 = \boxed{21}$","{""bucket"": ""hard_candidate""}",needs_review,False,,"{""answer_only_scorable"": true, ""benchmark_core"": true, ""counts_toward_headline_score"": true, ""counts_toward_official_topic_score"": true, ""scoring_metric"": ""binary_accuracy"", ""time_limit_minutes"": 30, ""topic_scoring_group"": ""geometry_spatial"", ""track"": ""answer_only_difficulty_selected_core""}"
puzzle-c56bb054ea3590295c4c,AIME_I 2012 #12,2012,geometry_spatial,,spatial_visualization | euclidean_geometry,numeric_answer,"Let $\triangle ABC$ be a right triangle with right angle at $C.$ Let $D$ and $E$ be points on $\overline{AB}$ with $D$ between $A$ and $E$ such that $\overline{CD}$ and $\overline{CE}$ trisect $\angle C.$ If $\frac{DE}{BE} = \frac{8}{15},$ then $\tan B$ can be written as $\frac{m \sqrt{p}}{n},$ where $m$ and $n$ are relatively prime positive integers, and $p$ is a positive integer not divisible by the square of any prime. Find $m+n+p.$",$18$,"We have $\angle BCE = \angle ECD = \angle DCA = \tfrac 13 \cdot 90^\circ = 30^\circ$. Drop the altitude from $D$ to $CB$ and call the foot $F$. 
[asy]import cse5;size(200); defaultpen(linewidth(0.4)+fontsize(8)); pair A,B,C,D,E0,F; C=origin; B=(10,0); A=(0,5); E0=extension(C,dir(30),A,B); D=extension(C,dir(60),A,B); F=foot(D,C,B); draw(A--B--C--A, black+0.8); draw(C--D--F^^C--E0, gray); dot(""$A$"",A,N); dot(""$B$"",B,SE); dot(""$C$"",C,SW); dot(""$D$"",D,NE); dot(""$E$"",E0,2*NE); dot(""$F$"",F,S); label(""$8$"",D--E0,2*NE); label(""$15$"",E0--B,2*NE); label(""$11a$"",C--B,2*S); label(rotate(60)*""$8a$"",C--D,2*NW); label(rotate(-90)*""$4\sqrt{3}a$"",D--F, E); label(""$4a$"",C--F,2*S); [/asy]
Let $CD = 8a$. Using angle bisector theorem on $\triangle CDB$, we get $CB = 15a$. Now $CDF$ is a $30$-$60$-$90$ triangle, so $CF = 4a$, $FD = 4a\sqrt{3}$, and $FB = 11a$. Finally, $\tan{B} = \tfrac{DF}{FB}=\tfrac{4\sqrt{3}a}{11a} = \tfrac{4\sqrt{3}}{11}$. Our final answer is $4 + 3 + 11 = \boxed{18}$.","{""bucket"": ""hard_candidate""}",needs_review,False,,"{""answer_only_scorable"": true, ""benchmark_core"": true, ""counts_toward_headline_score"": true, ""counts_toward_official_topic_score"": true, ""scoring_metric"": ""binary_accuracy"", ""time_limit_minutes"": 30, ""topic_scoring_group"": ""geometry_spatial"", ""track"": ""answer_only_difficulty_selected_core""}"
puzzle-c658bcf40ea390078b83,AIME_II 2001 #13,2001,geometry_spatial,,spatial_visualization | euclidean_geometry,numeric_answer,"In quadrilateral $ABCD$, $\angle{BAD}\cong\angle{ADC}$ and $\angle{ABD}\cong\angle{BCD}$, $AB = 8$, $BD = 10$, and $BC = 6$. The length $CD$ may be written in the form $\frac {m}{n}$, where $m$ and $n$ are relatively prime positive integers. Find $m + n$.",$69$,"Extend $\overline{AD}$ and $\overline{BC}$ to meet at $E$. Then, since $\angle BAD = \angle ADC$ and $\angle ABD = \angle DCE$, we know that $\triangle ABD \sim \triangle DCE$. Hence $\angle ADB = \angle DEC$, and $\triangle BDE$ is isosceles. Then $BD = BE = 10$. 
[asy] /* We arbitrarily set AD = x */ real x = 60^.5, anglesize = 28; pointpen = black; pathpen = black+linewidth(0.7); pen d = linetype(""6 6"")+linewidth(0.7); pair A=(0,0), D=(x,0), B=IP(CR(A,8),CR(D,10)), E=(-3x/5,0), C=IP(CR(E,16),CR(D,64/5)); D(MP(""A"",A)--MP(""B"",B,NW)--MP(""C"",C,NW)--MP(""D"",D)--cycle); D(B--D); D(A--MP(""E"",E)--B,d); D(anglemark(D,A,B,anglesize));D(anglemark(C,D,A,anglesize));D(anglemark(A,B,D,anglesize));D(anglemark(E,C,D,anglesize));D(anglemark(A,B,D,5/4*anglesize));D(anglemark(E,C,D,5/4*anglesize)); MP(""10"",(B+D)/2,SW);MP(""8"",(A+B)/2,W);MP(""6"",(B+C)/2,NW); [/asy]
Using the similarity, we have:
\[\frac{AB}{BD} = \frac 8{10} = \frac{CD}{CE} = \frac{CD}{16} \Longrightarrow CD = \frac{64}5\]
The answer is $m+n = \boxed{69}$.
<b>Extension</b>: To Find $AD$, use Law of Cosines on $\triangle BCD$ to get $\cos(\angle BCD)=\frac{13}{20}$
Then since $\angle BCD=\angle ABD$ use Law of Cosines on $\triangle ABD$ to find $AD=2\sqrt{15}$","{""bucket"": ""very_hard""}",needs_review,False,,"{""answer_only_scorable"": true, ""benchmark_core"": true, ""counts_toward_headline_score"": true, ""counts_toward_official_topic_score"": true, ""scoring_metric"": ""binary_accuracy"", ""time_limit_minutes"": 30, ""topic_scoring_group"": ""geometry_spatial"", ""track"": ""answer_only_difficulty_selected_core""}"
puzzle-c68ea90f5b4b09c386cf,AIME_I 2007 #15,2007,geometry_spatial,,spatial_visualization | euclidean_geometry,numeric_answer,"Let $ABC$ be an equilateral triangle, and let $D$ and $F$ be points on sides $BC$ and $AB$, respectively, with $FA = 5$ and $CD = 2$. Point $E$ lies on side $CA$ such that angle $DEF = 60^{\circ}$. The area of triangle $DEF$ is $14\sqrt{3}$. The two possible values of the length of side $AB$ are $p \pm q \sqrt{r}$, where $p$ and $q$ are rational, and $r$ is an integer not divisible by the square of a prime. Find $r$.",$989$,"First of all, assume $EC=x,BD=m, ED=a, EF=b$, then we can find $BF=m-3, AE=2+m-x$
It is not hard to find $ab*sin60^{\circ}*\frac{1}{2}=14\sqrt{3}, ab=56$, we apply LOC on $\triangle{DEF}, \triangle{BFD}$, getting that $(m-3)^2+m^2-m(m-3)=a^2+b^2-ab$, leads to $a^2+b^2=m^2-3m+65$
Apply LOC on $\triangle{CED}, \triangle{AEF}$ separately, getting $4+x^2-2x=a^2; 25+(2+m-x)^2-5(2+m-x)=b^2.$ Add those terms together and use the equality $a^2+b^2=m^2-3m+65$, we can find:
$2x^2-(2m+1)x+2m-42=0$
According to basic angle chasing, $\angle{A}=\angle{C}; \angle{AFE}=\angle{CED}$, so $\triangle{AFE}\sim \triangle{CED}$, the ratio makes $\frac{5}{x}=\frac{2+m-x}{2}$, getting that $x^2-(2+m)x+10=0$
Now we have two equations with $m$, and $x$ values for both equations must be the same, so we can solve for $x$ in two equations.
$x=\frac{2m+1 \pm \sqrt{4m^2+4m+1-16m+336}}{4}; x=\frac{4+2m \pm \sqrt{4m^2+16m-144}}{4}$, then we can just use positive sign to solve, simplifies to $3+\sqrt{4m^2+16m-144}=\sqrt{4m^2-12m+337}$, getting $m=\frac{211-3\sqrt{989}}{10}$, since the triangle is equilateral, $AB=BC=2+m=\frac{231-3\sqrt{989}}{10}$, and the desired answer is $\boxed{989}$","{""bucket"": ""very_hard""}",needs_review,False,,"{""answer_only_scorable"": true, ""benchmark_core"": true, ""counts_toward_headline_score"": true, ""counts_toward_official_topic_score"": true, ""scoring_metric"": ""binary_accuracy"", ""time_limit_minutes"": 30, ""topic_scoring_group"": ""geometry_spatial"", ""track"": ""answer_only_difficulty_selected_core""}"
puzzle-c748be260748ea0a9dd9,AIME_II 2001 #12,2001,geometry_spatial,,spatial_visualization | euclidean_geometry,numeric_answer,"Given a triangle, its midpoint triangle is obtained by joining the midpoints of its sides. A sequence of polyhedra $P_{i}$ is defined recursively as follows: $P_{0}$ is a regular tetrahedron whose volume is 1. To obtain $P_{i + 1}$, replace the midpoint triangle of every face of $P_{i}$ by an outward-pointing regular tetrahedron that has the midpoint triangle as a face. The volume of $P_{3}$ is $\frac {m}{n}$, where $m$ and $n$ are relatively prime positive integers. Find $m + n$.",$101$,"On the first construction, $P_1$, four new tetrahedra will be constructed with side lengths $\frac 12$ of the original one. Since the ratio of the volume of similar polygons is the cube of the ratio of their corresponding lengths, it follows that each of these new tetrahedra will have volume $\left(\frac 12\right)^3 = \frac 18$. The total volume added here is then $\Delta P_1 = 4 \cdot \frac 18 = \frac 12$.
We now note that for each midpoint triangle we construct in step $P_{i}$, there are now $6$ places to construct new midpoint triangles for step $P_{i+1}$. The outward tetrahedron for the midpoint triangle provides $3$ of the faces, while the three equilateral triangles surrounding the midpoint triangle provide the other $3$. This is because if you read this question carefully, it asks to add new tetrahedra to each face of $P_{i}$ which also includes the ones that were left over when we did the previous addition of tetrahedra. However, the volume of the tetrahedra being constructed decrease by a factor of $\frac 18$. Thus we have the recursion $\Delta P_{i+1} = \frac{6}{8} \Delta P_i$, and so $\Delta P_i = \frac 12 \cdot \left(\frac{3}{4}\right)^{i-1} P_1$.
The volume of $P_3 = P_0 + \Delta P_1 + \Delta P_2 + \Delta P_3 = 1 + \frac 12 + \frac 38 + \frac 9{32} = \frac{69}{32}$, and $m+n=\boxed{101}$. Note that the summation was in fact a geometric series.","{""bucket"": ""hard_candidate""}",needs_review,False,,"{""answer_only_scorable"": true, ""benchmark_core"": true, ""counts_toward_headline_score"": true, ""counts_toward_official_topic_score"": true, ""scoring_metric"": ""binary_accuracy"", ""time_limit_minutes"": 30, ""topic_scoring_group"": ""geometry_spatial"", ""track"": ""answer_only_difficulty_selected_core""}"
puzzle-c7520313a0681003bf0d,'Pent-up' Frustration 2,2022-11,geometry_spatial,optimization | algorithms_computation,tiling_packing | combinatorial_geometry | exhaustive_search | constructive_search | exact_arithmetic,placement | geometry_problem | optimization_challenge | approximate_value,"You have
seventeen
identical unit regular pentagonal tiles on a
tabletop. If you arrange them all into a single
polyform
(so each pentagon placed after the first shares a side with an
already-placed pentagon, but no two pentagons overlap other than along
their boundaries), what is the smallest nonzero distance you can
create between two of the pentagons? Here, the distance between
pentagon
A
and pentagon
B
is the infimum of the set of distances
between any point of
A
and any point of
B
. Give your answer
rounded to
seven decimal places
.
[As an example, if you only had four pentagons the answer would be
~0.5877853, from the arrangement pictured above.]

[Question assets]
- assets/a9f87f06b2e7a51fbed115ecf4cee0826cb10b14ac7600d5e2a11fb4f8efa25b.png",√(65/8 − 29√5/8) (≈ 0.1387573),"For the November challenge you were asked to arrange 17 unit pentagons into
a polypent to minimize the distance between two of the non-touching
pentagons. A careful search gives several arrangements (one pictured
above) with pentagons only
~0.1387573…
apart. One exact form for
this distance is sqrt(65/8 - (29 * sqrt(5))/8).
Congrats to this month’s solvers!

[Explanation assets]
- assets/60b9a6d8ba98462da08f2c163a34357e90c39d9134a33b8bbf9f040e5540471b.png","{""bucket"": ""collection_override_hard_candidate""}",machine_checked,True,"[{""bytes"": 21159, ""content_type"": ""image/png"", ""path"": ""assets/a9f87f06b2e7a51fbed115ecf4cee0826cb10b14ac7600d5e2a11fb4f8efa25b.png"", ""role"": ""question"", ""sha256"": ""a9f87f06b2e7a51fbed115ecf4cee0826cb10b14ac7600d5e2a11fb4f8efa25b""}, {""bytes"": 60111, ""content_type"": ""image/png"", ""path"": ""assets/60b9a6d8ba98462da08f2c163a34357e90c39d9134a33b8bbf9f040e5540471b.png"", ""role"": ""explanation"", ""sha256"": ""60b9a6d8ba98462da08f2c163a34357e90c39d9134a33b8bbf9f040e5540471b""}]","{""answer_only_scorable"": true, ""benchmark_core"": true, ""counts_toward_headline_score"": true, ""counts_toward_official_topic_score"": true, ""reference_is_example_not_optimum"": true, ""scoring_metric"": ""binary_accuracy"", ""time_limit_minutes"": 30, ""topic_scoring_group"": ""geometry_spatial"", ""track"": ""answer_only_collection_core""}"
puzzle-ca1e87d78d68d417a9e2,Puzzle ca1e87d78d68d417a9e2,1986,geometry_spatial,,spatial_visualization | euclidean_geometry,numeric_answer,"The shortest distances between an interior diagonal of a rectangular parallelepiped, $P$, and the edges it does not meet are $2\sqrt{5}$, $\frac{30}{\sqrt{13}}$, and $\frac{15}{\sqrt{10}}$. Determine the volume of $P$.",$750$,"In the above diagram, we focus on the line that appears closest and is parallel to $BC$. All the blue lines are perpendicular lines to $BC$ and their other points are on $AB$, the main diagonal. The green lines are projections of the blue lines onto the bottom face; all of the green lines originate in the corner and reach out to $AC$, and have the same lengths as their corresponding blue lines. So we want to find the shortest distance between $AC$ and that corner, which is $\frac {wl}{\sqrt {w^2 + l^2}}$.
So we have:
\[\frac {lw}{\sqrt {l^2 + w^2}} = \frac {10}{\sqrt {5}}\]
\[\frac {hw}{\sqrt {h^2 + w^2}} = \frac {30}{\sqrt {13}}\]
\[\frac {hl}{\sqrt {h^2 + l^2}} = \frac {15}{\sqrt {10}}\]
Notice the familiar roots: $\sqrt {5}$, $\sqrt {13}$, $\sqrt {10}$, which are $\sqrt {1^2 + 2^2}$, $\sqrt {2^2 + 3^2}$, $\sqrt {1^2 + 3^2}$, respectively. (This would give us the guess that the sides are of the ratio 1:2:3, but let's provide the complete solution.)
\[\frac {l^2w^2}{l^2 + w^2} = \frac {1}{\frac {1}{l^2} + \frac {1}{w^2}} = 20\]
\[\frac {h^2w^2}{h^2 + w^2} = \frac {1}{\frac {1}{h^2} + \frac {1}{w^2}} = \frac {900}{13}\]
\[\frac {h^2l^2}{h^2 + l^2} = \frac {1}{\frac {1}{h^2} + \frac {1}{l^2}} = \frac {45}{2}\]
We invert the above equations to get a system of linear equations in $\frac {1}{h^2}$, $\frac {1}{l^2}$, and $\frac {1}{w^2}$:
\[\frac {1}{l^2} + \frac {1}{w^2} = \frac {45}{900}\]
\[\frac {1}{h^2} + \frac {1}{w^2} = \frac {13}{900}\]
\[\frac {1}{h^2} + \frac {1}{l^2} = \frac {40}{900}\]
We see that $h = 15$, $l = 5$, $w = 10$. Therefore $V = 5 \cdot 10 \cdot 15 = \boxed{750}$","{""bucket"": ""very_hard""}",needs_review,False,,"{""answer_only_scorable"": true, ""benchmark_core"": true, ""counts_toward_headline_score"": true, ""counts_toward_official_topic_score"": true, ""scoring_metric"": ""binary_accuracy"", ""time_limit_minutes"": 30, ""topic_scoring_group"": ""geometry_spatial"", ""track"": ""answer_only_difficulty_selected_core""}"
puzzle-cbd50bc05b14149204ca,His Precious Earth,,geometry_spatial,,spatial_visualization | visual_decoding | indexing_extraction | constraint_propagation | combinatorial_counting,image_puzzle,"Title: His Precious Earth

Good work, vampire killer! You have discovered a message from Dracula to his minions describing where to conceal his boxes containing precious Transylvanian earth. On a recce of the location, you notice they left stone cairns scattered about. Although you can’t see very well on the moonless night, you manage to make a map before being chased away by wolves. You plan to return in daylight with reinforcements and shovels to unearth and destroy the boxes. Who knows, you might also find something else that will aid in your quest to defeat the Count...

The complete puzzle statement and its visual/structured clues are in the required question asset(s):
- assets/7a41f49583e5bad3598da462d30952a5e404fbd5361b82f2f618ef458a87d54f.png

Return the short canonical final answer.",SUN,"1. Solve the logic puzzle according to the instructions to place the locations of the boxes.

2. Identify that each bordered area is of size 3x2, cells with boxes are raised cells which resembles a braille grid.

3. Extracting the letters in each braille grid yields the clue 'every fifth word'.
   Reasoning figure: assets/78fcf46b6b6b5a64a5a74e3ea88b7d24369115108aec818376b74ac32d7a6fd5.png

4. Reading every fifth word of the passage gives 'fill in bordered areas with wolves to reveal three letters of the same kind'.
   Reasoning figure: assets/f5ab6d432d40739c07386c90a73fe63fddeb0ffdb9d105ba905b24c93e8b1d33.png

5. Placing a dot on the larger areas with wolves yields another 3x2 braille grid, extracting the letters gives the answer SUN.
   Reasoning figure: assets/78fcf46b6b6b5a64a5a74e3ea88b7d24369115108aec818376b74ac32d7a6fd5.png","{""bucket"": ""hard""}",needs_review,True,"[{""bytes"": 729270, ""content_type"": ""image/png"", ""path"": ""assets/7a41f49583e5bad3598da462d30952a5e404fbd5361b82f2f618ef458a87d54f.png"", ""role"": ""question"", ""sha256"": ""7a41f49583e5bad3598da462d30952a5e404fbd5361b82f2f618ef458a87d54f""}, {""bytes"": 2741353, ""content_type"": ""image/png"", ""path"": ""assets/78fcf46b6b6b5a64a5a74e3ea88b7d24369115108aec818376b74ac32d7a6fd5.png"", ""role"": ""explanation"", ""sha256"": ""78fcf46b6b6b5a64a5a74e3ea88b7d24369115108aec818376b74ac32d7a6fd5""}, {""bytes"": 400345, ""content_type"": ""image/png"", ""path"": ""assets/f5ab6d432d40739c07386c90a73fe63fddeb0ffdb9d105ba905b24c93e8b1d33.png"", ""role"": ""explanation"", ""sha256"": ""f5ab6d432d40739c07386c90a73fe63fddeb0ffdb9d105ba905b24c93e8b1d33""}]","{""answer_only_scorable"": true, ""benchmark_core"": true, ""counts_toward_headline_score"": true, ""counts_toward_official_topic_score"": true, ""scoring_metric"": ""binary_accuracy"", ""time_limit_minutes"": 30, ""topic_scoring_group"": ""geometry_spatial"", ""track"": ""answer_only_upstream_hard_core""}"
puzzle-ce246f02df224c0dde79,Puzzle ce246f02df224c0dde79,1993,geometry_spatial,,spatial_visualization | euclidean_geometry,numeric_answer,"Euler's formula states that for a convex polyhedron with $V$ vertices, $E$ edges, and $F$ faces, $V-E+F=2$. A particular convex polyhedron has 32 faces, each of which is either a triangle or a pentagon. At each of its $V$ vertices, $T$ triangular faces and $P$ pentagonal faces meet. What is the value of $100P+10T+V$?",$250$,"The convex polyhedron of the problem can be easily visualized; it corresponds to a dodecahedron (a regular solid with $12$ equilateral pentagons) in which the $20$ vertices have all been truncated to form $20$ equilateral triangles with common vertices. The resulting solid has then $p=12$ smaller equilateral pentagons and $t=20$ equilateral triangles yielding a total of $t+p=F=32$ faces. In each vertex, $T=2$ triangles and $P=2$ pentagons are concurrent. Now, the number of edges $E$ can be obtained if we count the number of sides that each triangle and pentagon contributes: $E=\frac{3t+5p}{2}$, (the factor $2$ in the denominator is because we are counting twice each edge, since two adjacent faces share one edge). Thus, $E=60$. Finally, using Euler's formula we have $V=E-30=30$.
In summary, the solution to the problem is $100P+10T+V=\boxed{250}$.","{""bucket"": ""hard_candidate""}",needs_review,False,,"{""answer_only_scorable"": true, ""benchmark_core"": true, ""counts_toward_headline_score"": true, ""counts_toward_official_topic_score"": true, ""scoring_metric"": ""binary_accuracy"", ""time_limit_minutes"": 30, ""topic_scoring_group"": ""geometry_spatial"", ""track"": ""answer_only_difficulty_selected_core""}"
puzzle-cf80d6187ddfe54faa49,Puzzle cf80d6187ddfe54faa49,1989,geometry_spatial,,spatial_visualization | euclidean_geometry,numeric_answer,"Point $P$ is inside $\triangle ABC$. Line segments $APD$, $BPE$, and $CPF$ are drawn with $D$ on $BC$, $E$ on $AC$, and $F$ on $AB$ (see the figure below). Given that $AP=6$, $BP=9$, $PD=6$, $PE=3$, and $CF=20$, find the area of $\triangle ABC$.",$108$,"Let $[RST]$ be the area of polygon $RST$. We'll make use of the following fact: if $P$ is a point in the interior of triangle $XYZ$, and line $XP$ intersects line $YZ$ at point $L$, then $\dfrac{XP}{PL} = \frac{[XPY] + [ZPX]}{[YPZ]}.$
[asy] size(170); pair X = (1,2), Y = (0,0), Z = (3,0); real x = 0.4, y = 0.2, z = 1-x-y; pair P = x*X + y*Y + z*Z; pair L = y/(y+z)*Y + z/(y+z)*Z; draw(X--Y--Z--cycle); draw(X--P); draw(P--L, dotted); draw(Y--P--Z); label(""$X$"", X, N); label(""$Y$"", Y, S); label(""$Z$"", Z, S); label(""$P$"", P, NE); label(""$L$"", L, S);[/asy]
This is true because triangles $XPY$ and $YPL$ have their areas in ratio $XP:PL$ (as they share a common height from $Y$), and the same is true of triangles $ZPY$ and $LPZ$.
We'll also use the related fact that $\dfrac{[XPY]}{[ZPX]} = \dfrac{YL}{LZ}$. This is slightly more well known, as it is used in the standard proof of Ceva's theorem.
Now we'll apply these results to the problem at hand.
[asy] size(170); pair C = (1, 3), A = (0,0), B = (1.7,0); real a = 0.5, b= 0.25, c = 0.25; pair P = a*A + b*B + c*C; pair D = b/(b+c)*B + c/(b+c)*C; pair EE = c/(c+a)*C + a/(c+a)*A; pair F = a/(a+b)*A + b/(a+b)*B; draw(A--B--C--cycle); draw(A--P); draw(B--P--C); draw(P--D, dotted); draw(EE--P--F, dotted); label(""$A$"", A, S); label(""$B$"", B, S); label(""$C$"", C, N); label(""$D$"", D, NE); label(""$E$"", EE, NW); label(""$F$"", F, S); label(""$P$"", P, E); [/asy]
Since $AP = PD = 6$, this means that $[APB] + [APC] = [BPC]$; thus $\triangle BPC$ has half the area of $\triangle ABC$. And since $PE = 3 = \dfrac{1}{3}BP$, we can conclude that $\triangle APC$ has one third of the combined areas of triangle $BPC$ and $APB$, and thus $\dfrac{1}{4}$ of the area of $\triangle ABC$. This means that $\triangle APB$ is left with $\dfrac{1}{4}$ of the area of triangle $ABC$:
\[[BPC]: [APC]: [APB] = 2:1:1.\]
Since $[APC] = [APB]$, and since $\dfrac{[APC]}{[APB]} = \dfrac{CD}{DB}$, this means that $D$ is the midpoint of $BC$.
Furthermore, we know that $\dfrac{CP}{PF} = \dfrac{[APC] + [BPC]}{[APB]} = 3$, so $CP = \dfrac{3}{4} \cdot CF = 15$.
We now apply Stewart's theorem to segment $PD$ in $\triangle BPC$--or rather, the simplified version for a median. This tells us that
\[2 BD^2 + 2 PD^2 = BP^2+ CP^2.\] Plugging in we know, we learn that
\begin{align*} 2 BD^2 + 2 \cdot 36 &= 81 + 225 = 306, \\ BD^2 &= 117. \end{align*}
Happily, $BP^2 + PD^2 = 81 + 36$ is also equal to 117. Therefore $\triangle BPD$ is a right triangle with a right angle at $B$; its area is thus $\dfrac{1}{2} \cdot 9 \cdot 6 = 27$. As $PD$ is a median of $\triangle BPC$, the area of $BPC$ is twice this, or 54. And we already know that $\triangle BPC$ has half the area of $\triangle ABC$, which must therefore be $\boxed{108}$.","{""bucket"": ""very_hard""}",needs_review,False,,"{""answer_only_scorable"": true, ""benchmark_core"": true, ""counts_toward_headline_score"": true, ""counts_toward_official_topic_score"": true, ""scoring_metric"": ""binary_accuracy"", ""time_limit_minutes"": 30, ""topic_scoring_group"": ""geometry_spatial"", ""track"": ""answer_only_difficulty_selected_core""}"
puzzle-d3aa071a936f8a6af4d2,AIME_II 2017 #12,2017,geometry_spatial,,spatial_visualization | euclidean_geometry,numeric_answer,"Circle $C_0$ has radius $1$, and the point $A_0$ is a point on the circle. Circle $C_1$ has radius $r<1$ and is internally tangent to $C_0$ at point $A_0$. Point $A_1$ lies on circle $C_1$ so that $A_1$ is located $90^{\circ}$ counterclockwise from $A_0$ on $C_1$. Circle $C_2$ has radius $r^2$ and is internally tangent to $C_1$ at point $A_1$. In this way a sequence of circles $C_1,C_2,C_3,\ldots$ and a sequence of points on the circles $A_1,A_2,A_3,\ldots$ are constructed, where circle $C_n$ has radius $r^n$ and is internally tangent to circle $C_{n-1}$ at point $A_{n-1}$, and point $A_n$ lies on $C_n$ $90^{\circ}$ counterclockwise from point $A_{n-1}$, as shown in the figure below. There is one point $B$ inside all of these circles. When $r = \frac{11}{60}$, the distance from the center $C_0$ to $B$ is $\frac{m}{n}$, where $m$ and $n$ are relatively prime positive integers. Find $m+n$. [asy] draw(Circle((0,0),125)); draw(Circle((25,0),100)); draw(Circle((25,20),80)); draw(Circle((9,20),64)); dot((125,0)); label(""$A_0$"",(125,0),E); dot((25,100)); label(""$A_1$"",(25,100),SE); dot((-55,20)); label(""$A_2$"",(-55,20),E); [/asy]",$110$,"Impose a coordinate system and let the center of $C_0$ be $(0,0)$ and $A_0$ be $(1,0)$. Therefore $A_1=(1-r,r)$, $A_2=(1-r-r^2,r-r^2)$, $A_3=(1-r-r^2+r^3,r-r^2-r^3)$, $A_4=(1-r-r^2+r^3+r^4,r-r^2-r^3+r^4)$, and so on, where the signs alternate in groups of $2$. The limit of all these points is point $B$. Using the sum of infinite geometric series formula on $B$ and reducing the expression: $(1-r)-(r^2-r^3)+(r^4-r^5)-...=\frac{1-r}{1+r^2}$, $(r-r^2)-(r^3-r^4)+(r^5-r^6)-...=\frac{r-r^2}{1+r^2}$. Thus, we get $B=\left(\frac{1-r}{r^2+1},\frac{r-r^2}{r^2+1}\right)$. The distance from $B$ to the origin is $\sqrt{\left(\frac{1-r}{r^2+1}\right)^2+\left(\frac{r-r^2}{r^2+1}\right)^2}=\frac{1-r}{\sqrt{r^2+1}}.$ Let $r=\frac{11}{60}$, and the distance from the origin is $\frac{49}{61}$. $49+61=\boxed{110}$.","{""bucket"": ""hard_candidate""}",needs_review,False,,"{""answer_only_scorable"": true, ""benchmark_core"": true, ""counts_toward_headline_score"": true, ""counts_toward_official_topic_score"": true, ""scoring_metric"": ""binary_accuracy"", ""time_limit_minutes"": 30, ""topic_scoring_group"": ""geometry_spatial"", ""track"": ""answer_only_difficulty_selected_core""}"
puzzle-d4b17a2ab86c96fed1c4,Puzzle d4b17a2ab86c96fed1c4,1991,geometry_spatial,,spatial_visualization | euclidean_geometry,numeric_answer,"A hexagon is inscribed in a circle. Five of the sides have length $81$ and the sixth, denoted by $\overline{AB}$, has length $31$. Find the sum of the lengths of the three diagonals that can be drawn from $A_{}^{}$.",$384$,"[asy]defaultpen(fontsize(9)); pair A=expi(-pi/2-acos(475/486)), B=expi(-pi/2+acos(475/486)), C=expi(-pi/2+acos(475/486)+acos(7/18)), D=expi(-pi/2+acos(475/486)+2*acos(7/18)), E=expi(-pi/2+acos(475/486)+3*acos(7/18)), F=expi(-pi/2-acos(475/486)-acos(7/18)); draw(unitcircle);draw(A--B--C--D--E--F--A);draw(A--C..A--D..A--E); dot(A^^B^^C^^D^^E^^F); label(""\(A\)"",A,(-1,-1));label(""\(B\)"",B,(1,-1));label(""\(C\)"",C,(1,0)); label(""\(D\)"",D,(1,1));label(""\(E\)"",E,(-1,1));label(""\(F\)"",F,(-1,0)); label(""31"",A/2+B/2,(0.7,1));label(""81"",B/2+C/2,(0.45,-0.2)); label(""81"",C/2+D/2,(-1,-1));label(""81"",D/2+E/2,(0,-1)); label(""81"",E/2+F/2,(1,-1));label(""81"",F/2+A/2,(1,1)); label(""\(x\)"",A/2+C/2,(-1,1));label(""\(y\)"",A/2+D/2,(1,-1.5)); label(""\(z\)"",A/2+E/2,(1,0)); [/asy]
Let $x=AC=BF$, $y=AD=BE$, and $z=AE=BD$.
Ptolemy's Theorem on $ABCD$ gives $81y+31\cdot 81=xz$, and Ptolemy on $ACDF$ gives $x\cdot z+81^2=y^2$.
Subtracting these equations give $y^2-81y-112\cdot 81=0$, and from this $y=144$. Ptolemy on $ADEF$ gives $81y+81^2=z^2$, and from this $z=135$. Finally, plugging back into the first equation gives $x=105$, so $x+y+z=105+144+135=\boxed{384}$.","{""bucket"": ""very_hard""}",needs_review,False,,"{""answer_only_scorable"": true, ""benchmark_core"": true, ""counts_toward_headline_score"": true, ""counts_toward_official_topic_score"": true, ""scoring_metric"": ""binary_accuracy"", ""time_limit_minutes"": 30, ""topic_scoring_group"": ""geometry_spatial"", ""track"": ""answer_only_difficulty_selected_core""}"
puzzle-d8ae3d0b714094e5482b,Puzzle d8ae3d0b714094e5482b,1997,geometry_spatial,,spatial_visualization | euclidean_geometry,numeric_answer,"The sides of rectangle $ABCD$ have lengths $10$ and $11$. An equilateral triangle is drawn so that no point of the triangle lies outside $ABCD$. The maximum possible area of such a triangle can be written in the form $p\sqrt{q}-r$, where $p$, $q$, and $r$ are positive integers, and $q$ is not divisible by the square of any prime number. Find $p+q+r$.",$554$,"Consider points on the complex plane $A (0,0),\ B (11,0),\ C (11,10),\ D (0,10)$. Since the rectangle is quite close to a square, we figure that the area of the equilateral triangle is maximized when a vertex of the triangle coincides with that of the rectangle. Set one vertex of the triangle at $A$, and the other two points $E$ and $F$ on $BC$ and $CD$, respectively. Let $E (11,a)$ and $F (b, 10)$. Since it's equilateral, then $E\cdot\text{cis}60^{\circ} = F$, so $(11 + ai)\left(\frac {1}{2} + \frac {\sqrt {3}}{2}i\right) = b + 10i$, and expanding we get $\left(\frac {11}{2} - \frac {a\sqrt {3}}{2}\right) + \left(\frac {11\sqrt {3}}{2} + \frac {a}{2}\right)i = b + 10i$.
We can then set the real and imaginary parts equal, and solve for $(a,b) = (20 - 11\sqrt {3},22 - 10\sqrt {3})$. Hence a side $s$ of the equilateral triangle can be found by $s^2 = AE^2 = a^2 + AB^2 = 884 - 440\sqrt{3}$. Using the area formula $\frac{s^2\sqrt{3}}{4}$, the area of the equilateral triangle is $\frac{(884-440\sqrt{3})\sqrt{3}}{4} = 221\sqrt{3} - 330$. Thus $p + q + r = 221 + 3 + 330 = \boxed{554}$.","{""bucket"": ""very_hard""}",needs_review,False,,"{""answer_only_scorable"": true, ""benchmark_core"": true, ""counts_toward_headline_score"": true, ""counts_toward_official_topic_score"": true, ""scoring_metric"": ""binary_accuracy"", ""time_limit_minutes"": 30, ""topic_scoring_group"": ""geometry_spatial"", ""track"": ""answer_only_difficulty_selected_core""}"
puzzle-d989611e3abcec298325,AIME_I 2010 #13,2010,geometry_spatial,,spatial_visualization | euclidean_geometry,numeric_answer,"Rectangle $ABCD$ and a semicircle with diameter $AB$ are coplanar and have nonoverlapping interiors. Let $\mathcal{R}$ denote the region enclosed by the semicircle and the rectangle. Line $\ell$ meets the semicircle, segment $AB$, and segment $CD$ at distinct points $N$, $U$, and $T$, respectively. Line $\ell$ divides region $\mathcal{R}$ into two regions with areas in the ratio $1: 2$. Suppose that $AU = 84$, $AN = 126$, and $UB = 168$. Then $DA$ can be represented as $m\sqrt {n}$, where $m$ and $n$ are positive integers and $n$ is not divisible by the square of any prime. Find $m + n$.",$69$,"The center of the semicircle is also the midpoint of $AB$. Let this point be O. Let $h$ be the length of $AD$.
Rescale everything by 42, so $AU = 2, AN = 3, UB = 4$. Then $AB = 6$ so $OA = OB = 3$.
Since $ON$ is a radius of the semicircle, $ON = 3$. Thus $OAN$ is an equilateral triangle.
Let $X$, $Y$, and $Z$ be the areas of triangle $OUN$, sector $ONB$, and trapezoid $UBCT$ respectively.
$X = \frac {1}{2}(UO)(NO)\sin{O} = \frac {1}{2}(1)(3)\sin{60^\circ} = \frac {3}{4}\sqrt {3}$
$Y = \frac {1}{3}\pi(3)^2 = 3\pi$
To find $Z$ we have to find the length of $TC$. Project $T$ and $N$ onto $AB$ to get points $T'$ and $N'$. Notice that $UNN'$ and $TUT'$ are similar. Thus:
$\frac {TT'}{UT'} = \frac {UN'}{NN'} \implies \frac {TT'}{h} = \frac {1/2}{3\sqrt {3}/2} \implies TT' = \frac {\sqrt {3}}{9}h$.
Then $TC = T'C - T'T = UB - TT' = 4 - \frac {\sqrt {3}}{9}h$. So:
$Z = \frac {1}{2}(BU + TC)(CB) = \frac {1}{2}\left(8 - \frac {\sqrt {3}}{9}h\right)h = 4h - \frac {\sqrt {3}}{18}h^2$
Let $L$ be the area of the side of line $l$ containing regions $X, Y, Z$. Then
$L = X + Y + Z = \frac {3}{4}\sqrt {3} + 3\pi + 4h - \frac {\sqrt {3}}{18}h^2$
Obviously, the $L$ is greater than the area on the other side of line $l$. This other area is equal to the total area minus $L$. Thus:
$\frac {2}{1} = \frac {L}{6h + \frac {9}{2}{\pi} - L} \implies 12h + 9\pi = 3L$.
Now just solve for $h$.
\begin{align*} 12h + 9\pi & = \frac {9}{4}\sqrt {3} + 9\pi + 12h - \frac {\sqrt {3}}{6}h^2 \\ 0 & = \frac {9}{4}\sqrt {3} - \frac {\sqrt {3}}{6}h^2 \\ h^2 & = \frac {9}{4}(6) \\ h & = \frac {3}{2}\sqrt {6} \end{align*}
Don't forget to un-rescale at the end to get $AD = \frac {3}{2}\sqrt {6} \cdot 42 = 63\sqrt {6}$. 
Finally, the answer is $63 + 6 = \boxed{69}$.","{""bucket"": ""very_hard""}",needs_review,False,,"{""answer_only_scorable"": true, ""benchmark_core"": true, ""counts_toward_headline_score"": true, ""counts_toward_official_topic_score"": true, ""scoring_metric"": ""binary_accuracy"", ""time_limit_minutes"": 30, ""topic_scoring_group"": ""geometry_spatial"", ""track"": ""answer_only_difficulty_selected_core""}"
puzzle-dd5f7f9bf19f413d987c,AIME_I 2024 #14,2024,geometry_spatial,,spatial_visualization | euclidean_geometry,numeric_answer,"Let $ABCD$ be a tetrahedron such that $AB=CD= \sqrt{41}$, $AC=BD= \sqrt{80}$, and $BC=AD= \sqrt{89}$. There exists a point $I$ inside the tetrahedron such that the distances from $I$ to each of the faces of the tetrahedron are all equal. This distance can be written in the form $\frac{m \sqrt n}{p}$, where $m$, $n$, and $p$ are positive integers, $m$ and $p$ are relatively prime, and $n$ is not divisible by the square of any prime. Find $m+n+p$.",$104$,"Notice that \(41=4^2+5^2\), \(89=5^2+8^2\), and \(80=8^2+4^2\), let \(A~(0,0,0)\), \(B~(4,5,0)\), \(C~(0,5,8)\), and \(D~(4,0,8)\). Then the plane \(BCD\) has a normal
\begin{equation*}
\mathbf n:=\frac14\overrightarrow{BC}\times\overrightarrow{CD}=\frac14\begin{pmatrix}-4\\0\\8\end{pmatrix}\times\begin{pmatrix}4\\-5\\0\end{pmatrix}=\begin{pmatrix}10\\8\\5\end{pmatrix}.
\end{equation*}
Hence, the distance from \(A\) to plane \(BCD\), or the height of the tetrahedron, is
\begin{equation*}
h:=\frac{\mathbf n\cdot\overrightarrow{AB}}{|\mathbf n|}=\frac{10\times4+8\times5+5\times0}{\sqrt{10^2+8^2+5^2}}=\frac{80\sqrt{21}}{63}.
\end{equation*}
Each side of the tetrahedron has the same area due to congruency by ""S-S-S"", and we call it \(S\). Then by the volume formula for pyramids,
\begin{align*}
\frac13Sh&=V_{D\text-ABC}=V_{I\text-ABC}+V_{I\text-BCD}+V_{I\text-CDA}+V_{I\text-DAB}\\
&=\frac13Sr\cdot4.
\end{align*}
Hence, \(r=\tfrac h4=\tfrac{20\sqrt{21}}{63}\), and so the answer is \(20+21+63=\boxed{104}\).","{""bucket"": ""very_hard""}",needs_review,False,,"{""answer_only_scorable"": true, ""benchmark_core"": true, ""counts_toward_headline_score"": true, ""counts_toward_official_topic_score"": true, ""scoring_metric"": ""binary_accuracy"", ""time_limit_minutes"": 30, ""topic_scoring_group"": ""geometry_spatial"", ""track"": ""answer_only_difficulty_selected_core""}"
puzzle-df7491f186e48b2d7382,Puzzle df7491f186e48b2d7382,1999,geometry_spatial,,spatial_visualization | euclidean_geometry,numeric_answer,"Consider the paper triangle whose vertices are $(0,0), (34,0),$ and $(16,24).$ The vertices of its midpoint triangle are the midpoints of its sides. A triangular pyramid is formed by folding the triangle along the sides of its midpoint triangle. What is the volume of this pyramid?",$408$,"[asy]defaultpen(fontsize(9)+linewidth(0.63)); pair A=(0,0), B=(16,24), C=(34,0), P=(8,12), Q=(25,12), R=(17,0); draw(A--B--C--A);draw(P--Q--R--P); draw(A--foot(A,B,C));draw(B--foot(B,A,C));draw(C--foot(C,A,B)); label(""\(A\)"",A,SW);label(""\(B\)"",B,NW);label(""\(C\)"",C,SE); label(""\(D\)"",foot(A,B,C),NE);label(""\(E\)"",foot(B,A,C),SW);label(""\(F\)"",foot(C,A,B),NW);label(""\(P\)"",P,NW);label(""\(Q\)"",Q,NE);label(""\(R\)"",R,SE);[/asy][asy]import three; defaultpen(linewidth(0.6)); currentprojection=orthographic(1/2,-1,1/2); triple A=(0,0,0), B=(16,24,0), C=(34,0,0), P=(8,12,0), Q=(25,12,0), R=(17,0,0), S=(16,12,12); draw(A--B--C--A); draw(P--Q--R--P); draw(S--P..S--Q..S--R); draw(S--(16,12,0)); [/asy]
As shown in the image above, let $D$, $E$, and $F$ be the midpoints of $\overline{BC}$, $\overline{CA}$, and $\overline{AB}$, respectively. Suppose $P$ is the apex of the tetrahedron, and let $O$ be the foot of the altitude from $P$ to $\triangle ABC$. The crux of this problem is the following lemma.
<b>Lemma:</b> The point $O$ is the orthocenter of $\triangle ABC$.
<i>Proof.</i> Observe that \[OF^2 - OE^2 = PF^2 - PE^2 = AF^2 - AE^2;\] the first equality follows by the Pythagorean Theorem, while the second follows from $AF = FP$ and $AE = EP$. Thus, by the Perpendicularity Lemma, $AO$ is perpendicular to $FE$ and hence $BC$. Analogously, $O$ lies on the $B$-altitude and $C$-altitude of $\triangle ABC$, and so $O$ is, indeed, the orthocenter of $\triangle ABC$.
To find the coordinates of $O$, we need to find the intersection point of altitudes $BE$ and $AD$. The equation of $BE$ is simply $x=16$. $AD$ is perpendicular to line $BC$, so the slope of $AD$ is equal to the negative reciprocal of the slope of $BC$. $BC$ has slope $\frac{24-0}{16-34}=-\frac{4}{3}$, therefore $y=\frac{3}{4} x$. These two lines intersect at $(16,12)$, so that's the base of the height of the tetrahedron. 
Let $S$ be the foot of altitude $BS$ in $\triangle BPQ$. From the Pythagorean Theorem, $h=\sqrt{BS^2-SO^2}$. However, since $S$ and $O$ are, by coincidence, the same point, $SO=0$ and $h=12$.
The area of the base is $102$, so the volume is $\frac{102*12}{3}=\boxed{408}$.~Shen Kislay Kai","{""bucket"": ""very_hard""}",needs_review,False,,"{""answer_only_scorable"": true, ""benchmark_core"": true, ""counts_toward_headline_score"": true, ""counts_toward_official_topic_score"": true, ""scoring_metric"": ""binary_accuracy"", ""time_limit_minutes"": 30, ""topic_scoring_group"": ""geometry_spatial"", ""track"": ""answer_only_difficulty_selected_core""}"
puzzle-e5d6c1215cfdc3c82616,AIME_I 2022 #14,2022,geometry_spatial,,spatial_visualization | euclidean_geometry,numeric_answer,"Given $\triangle ABC$ and a point $P$ on one of its sides, call line $\ell$ the $\textit{splitting line}$ of $\triangle ABC$ through $P$ if $\ell$ passes through $P$ and divides $\triangle ABC$ into two polygons of equal perimeter. Let $\triangle ABC$ be a triangle where $BC = 219$ and $AB$ and $AC$ are positive integers. Let $M$ and $N$ be the midpoints of $\overline{AB}$ and $\overline{AC},$ respectively, and suppose that the splitting lines of $\triangle ABC$ through $M$ and $N$ intersect at $30^\circ.$ Find the perimeter of $\triangle ABC.$",$459$,"Denote $BC = a$, $CA = b$, $AB = c$.
Let the splitting line of $\triangle ABC$ through $M$ (resp. $N$) crosses $\triangle ABC$ at another point $X$ (resp. $Y$).
WLOG, we assume $c \leq b$.
$\textbf{Case 1}$: $a \leq c \leq b$.
We extend segment $AB$ to $D$, such that $BD = a$.
We extend segment $AC$ to $E$, such that $CE = a$.
In this case, $X$ is the midpoint of $AE$, and $Y$ is the midpoint of $AD$.
Because $M$ and $X$ are the midpoints of $AB$ and $AE$, respectively, $MX \parallel BE$.
Because $N$ and $Y$ are the midpoints of $AC$ and $AD$, respectively, $NY \parallel CD$.
Because $CB = CE$, $\angle CBE =\angle CEB = \frac{\angle ACB}{2}$.
Because $BC = BD$, $\angle BCD = \angle BDC = \frac{\angle ABC}{2}$.
Let $BE$ and $CD$ intersect at $O$.
Because $MX \parallel BE$ and $NY \parallel CD$, the angle formed between lines $MX$ and $NY$ is congruent to $\angle BOD$. Hence, $\angle BOD = 30^\circ$ or $150^\circ$.
We have
\begin{align*} \angle BOD & = \angle CBE + \angle BCD \\ & = \frac{\angle ACB}{2} + \frac{\angle ABC}{2} \\ & = 90^\circ - \frac{\angle A}{2} . \end{align*}
Hence, we must have $\angle BOD = 30^\circ$, not $150^\circ$.
Hence, $\angle A = 120^\circ$.
This implies $a > b$ and $a >c$. This contradicts the condition specified for this case.
Therefore, this case is infeasible.
$\textbf{Case 2}$: $c \leq a \leq b$.
We extend segment $CB$ to $D$, such that $BD = c$.
We extend segment $AC$ to $E$, such that $CE = a$.
In this case, $X$ is the midpoint of $AE$, and $Y$ is the midpoint of $CD$.
Because $M$ and $X$ are the midpoints of $AB$ and $AE$, respectively, $MX \parallel BE$.
Because $N$ and $Y$ are the midpoints of $AC$ and $CD$, respectively, $NY \parallel AD$.
Because $CB = CE$, $\angle CBE =\angle CEB = \frac{\angle ACB}{2}$.
Because $BA = BD$, $\angle BAD = \angle BDA = \frac{\angle ABC}{2}$.
Let $O$ be a point of $AC$, such that $BO \parallel AD$.
Hence, $\angle OBC = \angle BDA = \frac{B}{2}$.
Because $MX \parallel BE$ and $NY \parallel AD$ and $AD \parallel BO$, the angle formed between lines $MX$ and $NY$ is congruent to $\angle OBE$. Hence, $\angle OBE = 30^\circ$ or $150^\circ$.
We have
\begin{align*} \angle OBE & = \angle OBC + \angle CBE \\ & = \frac{\angle ABC}{2} + \frac{\angle ACB}{2} \\ & = 90^\circ - \frac{\angle A}{2} . \end{align*}
Hence, we must have $\angle OBE = 30^\circ$, not $150^\circ$.
Hence, $\angle A = 120^\circ$.
This implies $a > b$ and $a >c$. This contradicts the condition specified for this case.
Therefore, this case is infeasible.
$\textbf{Case 3}$: $c \leq b \leq a$.
We extend segment $CB$ to $D$, such that $BD = c$.
We extend segment $BC$ to $E$, such that $CE = b$.
In this case, $X$ is the midpoint of $BE$, and $Y$ is the midpoint of $CD$.
Because $M$ and $X$ are the midpoints of $AB$ and $BE$, respectively, $MX \parallel AE$.
Because $N$ and $Y$ are the midpoints of $AC$ and $CD$, respectively, $NY \parallel AD$.
Because $CA = CE$, $\angle CAE =\angle CEB = \frac{\angle ACB}{2}$.
Because $BA = BD$, $\angle BAD = \angle BDA = \frac{\angle ABC}{2}$.
Because $MX \parallel AE$ and $NY \parallel AD$, the angle formed between lines $MX$ and $NY$ is congruent to $\angle DAE$. Hence, $\angle DAE = 30^\circ$ or $150^\circ$.
We have
\begin{align*} \angle DAE & = \angle BAD + \angle CAE + \angle BAC \\ & = \frac{\angle ABC}{2} + \frac{\angle ACB}{2} + \angle BAC \\ & = 90^\circ + \frac{\angle BAC}{2} . \end{align*}
Hence, we must have $\angle OBE = 150^\circ$, not $30^\circ$.
Hence, $\angle BAC = 120^\circ$.
In $\triangle ABC$, by applying the law of cosines, we have
\begin{align*} a^2 & = b^2 + c^2 - 2bc \cos \angle BAC\\ & = b^2 + c^2 - 2bc \cos 120^\circ \\ & = b^2 + c^2 + bc . \end{align*}
Because $a = 219$, we have
\[ b^2 + c^2 + bc = 219^2 . \]
Now, we find integer solution(s) of this equation with $c \leq b$.
Multiplying this equation by 4, we get
\[ \left( 2 c + b \right)^2 + 3 b^2 = 438^2 . \hspace{1cm} (1) \]
Denote $d = 2 c + b$. Because $c \leq b$, $b < d \leq 3 b$.
Because $438^2 - 3 b^2 \equiv 0 \pmod{3}$, $d^2 \equiv 0 \pmod{3}$.
Thus, $d \equiv 0 \pmod{3}$.
This implies $d^2 \equiv 0 \pmod{9}$. 
We also have $438^2 \equiv 0 \pmod{9}$.
Hence, $3 b^2 \equiv 0 \pmod{9}$.
This implies $b \equiv 0 \pmod{3}$.
Denote $b = 3 p$ and $d = 3 q$. Hence, $p < q \leq 3 p$.
Hence, Equation (1) can be written as
\[ q^2 + 3 p^2 = 146^2 . \hspace{1cm} (2) \]
Now, we solve this equation.
First, we find an upper bound of $q$.
We have $q^2 + 3 p^2 \geq q^2 + 3 \left( \frac{q}{3} \right)^2 = \frac{4 q^2}{3}$.
Hence, $\frac{4 q^2}{3} \leq 146^2$.
Hence, $q \leq 73 \sqrt{3} < 73 \cdot 1.8 = 131.4$.
Because $q$ is an integer, we must have $q \leq 131$.
Second, we find a lower bound of $q$.
We have $q^2 + 3 p^2 < q^2 + 3 q^2 = 4 q^2$.
Hence, $4 q^2 > 146^2$.
Hence, $q > 73$.
Because $q$ is an integer, we must have $q \geq 74$.
Now, we find the integer solutions of $p$ and $q$ that satisfy Equation (2) with $74 \leq q \leq 131$.
First, modulo 9, 
\begin{align*} q^2 & \equiv 146^2 - 3 p^2 \\ & \equiv 4 - 3 \cdot ( 0 \mbox{ or } 1 ) \\ & \equiv 4 \mbox{ or } 1 . \end{align*}
Hence $q \equiv \pm 1, \pm 2 \pmod{9}$.
Second, modulo 5, 
\begin{align*} q^2 & \equiv 146^2 - 3 p^2 \\ & \equiv 1 + 2 p^2 \\ & \equiv 1 + 2 \cdot ( 0 \mbox{ or } 1 \mbox{ or } -1 ) \\ & \equiv 1 \mbox{ or } 3 \mbox{ or } - 1 . \end{align*}
Because $q^2 \equiv 0 \mbox{ or } 1 \mbox{ or } - 1$, we must have $q^2 \equiv 1 \mbox{ or } - 1$.
Hence, $5 \nmid q$.
Third, modulo 7,
\begin{align*} q^2 & \equiv 146^2 - 3 p^2 \\ & \equiv 1 - 3 \cdot ( 0 \mbox{ or } 1 \mbox{ or } 5 \mbox{ or } 2 ) \\ & \equiv 1 \mbox{ or } 2 \mbox{ or } 3 \mbox{ or } 5 . \end{align*}
Because $q^2 \equiv 0 \mbox{ or } 1 \mbox{ or } 2 \mbox{ or } 4 \pmod{ 7 }$, we must have $q^2 \equiv 1 \mbox{ or } 2 \pmod{7}$.
Hence, $q \equiv 1, 3, 4, 6 \pmod{7}$.
Given all conditions above, the possible $q$ are 74, 83, 88, 92, 97, 101, 106, 109, 116, 118, 127.
By testing all these numbers, we find that the only solution is $q = 97$.
This implies $p = 63$.
Hence, $b = 3p = 189$ and $d = 3q = 291$.
Hence, $c = \frac{d - b}{2} = 51$.
Therefore, the perimeter of $\triangle ABC$ is $b + c + a = 189 + 51 + 219 = \boxed{459}$.","{""bucket"": ""very_hard""}",needs_review,False,,"{""answer_only_scorable"": true, ""benchmark_core"": true, ""counts_toward_headline_score"": true, ""counts_toward_official_topic_score"": true, ""scoring_metric"": ""binary_accuracy"", ""time_limit_minutes"": 30, ""topic_scoring_group"": ""geometry_spatial"", ""track"": ""answer_only_difficulty_selected_core""}"
puzzle-e6ecdc4f9ca0fbdfca76,AIME_I 2017 #15,2017,geometry_spatial,,spatial_visualization | euclidean_geometry,numeric_answer,"The area of the smallest equilateral triangle with one vertex on each of the sides of the right triangle with side lengths $2\sqrt{3},~5,$ and $\sqrt{37},$ as shown, is $\frac{m\sqrt{p}}{n},$ where $m,~n,$ and $p$ are positive integers, $m$ and $n$ are relatively prime, and $p$ is not divisible by the square of any prime. Find $m+n+p.$ [asy] size(5cm); pair C=(0,0),B=(0,2*sqrt(3)),A=(5,0); real t = .385, s = 3.5*t-1; pair R = A*t+B*(1-t), P=B*s; pair Q = dir(-60) * (R-P) + P; fill(P--Q--R--cycle,gray); draw(A--B--C--A^^P--Q--R--P); dot(A--B--C--P--Q--R); [/asy]",$145$,"Lemma: If $x,y$ satisfy $px+qy=1$, then the minimal value of $\sqrt{x^2+y^2}$ is $\frac{1}{\sqrt{p^2+q^2}}$.
Proof: Recall that the distance between the point $(x_0,y_0)$ and the line $px+qy+r = 0$ is given by $\frac{|px_0+qy_0+r|}{\sqrt{p^2+q^2}}$. In particular, the distance between the origin and any point $(x,y)$ on the line $px+qy=1$ is at least $\frac{1}{\sqrt{p^2+q^2}}$.
---
Let the vertices of the right triangle be $(0,0),(5,0),(0,2\sqrt{3}),$ and let $(a,0),(0,b)$ be the two vertices of the equilateral triangle on the legs of the right triangle. Then, the third vertex of the equilateral triangle is $\left(\frac{a+b\sqrt{3}}{2},\frac{a\sqrt{3}+b}{2}\right)$. This point must lie on the hypotenuse $\frac{x}{5} + \frac{y}{2\sqrt{3}} = 1$, i.e. $a,b$ must satisfy
\[\frac{a+b\sqrt{3}}{10}+\frac{a\sqrt{3}+b}{4\sqrt{3}} = 1,\]
which can be simplified to
\[\frac{7}{20}a + \frac{11\sqrt{3}}{60}b = 1.\]
By the lemma, the minimal value of $\sqrt{a^2+b^2}$ is
\[\frac{1}{\sqrt{\left(\frac{7}{20}\right)^2 + \left(\frac{11\sqrt{3}}{60}\right)^2}} = \frac{10\sqrt{3}}{\sqrt{67}},\]
so the minimal area of the equilateral triangle is
\[\frac{\sqrt{3}}{4} \cdot \left(\frac{10\sqrt{3}}{\sqrt{67}}\right)^2 = \frac{\sqrt{3}}{4} \cdot \frac{300}{67} = \frac{75\sqrt{3}}{67},\]
and hence the answer is $75+3+67=\boxed{145}$.","{""bucket"": ""very_hard""}",needs_review,False,,"{""answer_only_scorable"": true, ""benchmark_core"": true, ""counts_toward_headline_score"": true, ""counts_toward_official_topic_score"": true, ""scoring_metric"": ""binary_accuracy"", ""time_limit_minutes"": 30, ""topic_scoring_group"": ""geometry_spatial"", ""track"": ""answer_only_difficulty_selected_core""}"
puzzle-e70d3d5948fb85e8b282,AIME_I 2020 #15,2020,geometry_spatial,,spatial_visualization | euclidean_geometry,numeric_answer,"Let $\triangle ABC$ be an acute triangle with circumcircle $\omega,$ and let $H$ be the intersection of the altitudes of $\triangle ABC.$ Suppose the tangent to the circumcircle of $\triangle HBC$ at $H$ intersects $\omega$ at points $X$ and $Y$ with $HA=3,HX=2,$ and $HY=6.$ The area of $\triangle ABC$ can be written in the form $m\sqrt{n},$ where $m$ and $n$ are positive integers, and $n$ is not divisible by the square of any prime. Find $m+n.$",$58$,"The following is a power of a point solution to this menace of a problem:
[asy] defaultpen(fontsize(12)+0.6); size(250); pen p=fontsize(10)+gray+0.4; var phi=75.5, theta=130, r=4.8; pair A=r*dir(270-phi-57), C=r*dir(270+phi-57), B=r*dir(theta-57), H=extension(A,foot(A,B,C),B,foot(B,C,A)); path omega=circumcircle(A,B,C), c=circumcircle(H,B,C); pair O=circumcenter(H,B,C), Op=2*H-O, Z=bisectorpoint(O,Op), X=IP(omega,L(H,Z,0,50)), Y=IP(omega,L(H,Z,50,0)), D=2*H-A, K=extension(B,C,X,Y), E=extension(A,origin,X,Y), L=foot(H,B,C); draw(K--C^^omega^^c^^L(A,D,0,1)); draw(Y--K^^L(A,origin,0,1.5)^^L(X,D,0.7,3.5),fuchsia+0.4); draw(CR(H,length(H-L)),royalblue); draw(C--K,p); dot(""$A$"",A,dir(120)); dot(""$B$"",B,down); dot(""$C$"",C,down); dot(""$H$"",H,down); dot(""$X$"",X,up); dot(""$Y$"",Y,down); dot(""$O$"",origin,down); dot(""$O'$"",O,down); dot(""$K$"",K,up); dot(""$L$"",L,dir(H-X)); dot(""$D$"",D,down); dot(""$E$"",E,down); //draw(O--origin,p); //draw(origin--4*dir(57),fuchsia); //draw(Arc(H,3,160,200),royalblue); //draw(Arc(H,2,30,70),heavygreen); //draw(Arc(H,6,220,240),fuchsia); [/asy]
Let points be what they appear as in the diagram below. Note that $3HX = HY$ is not insignificant; from here, we set $XH = HE = \frac{1}{2} EY = HL = 2$ by PoP and trivial construction. Now, $D$ is the reflection of $A$ over $H$. Note $AO \perp XY$, and therefore by Pythagorean theorem we have $AE = XD = \sqrt{5}$. Consider $HD = 3$. We have that $\triangle HXD \cong HLK$, and therefore we are ready to PoP with respect to $(BHC)$. Setting $BL = x, LC = y$, we obtain $xy = 10$ by PoP on $(ABC)$, and furthermore, we have $KH^2 = 9 = (KL - x)(KL + y) = (\sqrt{5} - x)(\sqrt{5} + y)$. Now, we get $4 = \sqrt{5}(y - x) - xy$, and from $xy = 10$ we take \[\frac{14}{\sqrt{5}} = y - x.\] However, squaring and manipulating with $xy = 10$ yields that $(x + y)^2 = \frac{396}{5}$ and from here, since $AL = 5$ we get the area to be $3\sqrt{55} \implies \boxed{58}$. ~awang11's sol","{""bucket"": ""very_hard""}",needs_review,False,,"{""answer_only_scorable"": true, ""benchmark_core"": true, ""counts_toward_headline_score"": true, ""counts_toward_official_topic_score"": true, ""scoring_metric"": ""binary_accuracy"", ""time_limit_minutes"": 30, ""topic_scoring_group"": ""geometry_spatial"", ""track"": ""answer_only_difficulty_selected_core""}"
puzzle-e757f3f4aa9f2e275601,Disassembled Rainbow Bagel,2019-05,geometry_spatial,algebra_equations | number_theory,area_dissection | euclidean_geometry | equation_systems | exact_arithmetic | spatial_visualization,geometry_problem | exact_value | numeric_answer,"Seven concentric circles, each of integer diameter, are used to determine six
annuli, as shown below. The annuli have a total area of 2019π.
The annuli are then cut into quarters, and these 24 quarter-annuli are
rearranged to form the two loops shown below.
What is the
difference
between the enclosed areas of the two loops?

[Question assets]
- assets/3cf766f6eace3c3add79879aff184321f093377f73f78c0180cba8838d9964f0.png",π−1,"The answer to this month’s puzzle is
π−1
.
The loops can be dissected into overlapping rectangles, quarter-circles, and a
central square as shown. Furthermore, it can be shown that the
diameters of the seven circles are 670, 671, 672, 673, 674, 675, 676. From here
it is a matter of properly adding (and occasionally subtracting) the various
component areas to get the correct answer.

[Explanation assets]
- assets/3bc2c6bec8f5a3707f36dd02f88af36c4aeccfc6d946224a63b342c17f6aca9c.png","{""bucket"": ""collection_override_hard_candidate""}",machine_checked,True,"[{""bytes"": 75790, ""content_type"": ""image/png"", ""path"": ""assets/3cf766f6eace3c3add79879aff184321f093377f73f78c0180cba8838d9964f0.png"", ""role"": ""question"", ""sha256"": ""3cf766f6eace3c3add79879aff184321f093377f73f78c0180cba8838d9964f0""}, {""bytes"": 54968, ""content_type"": ""image/png"", ""path"": ""assets/3bc2c6bec8f5a3707f36dd02f88af36c4aeccfc6d946224a63b342c17f6aca9c.png"", ""role"": ""explanation"", ""sha256"": ""3bc2c6bec8f5a3707f36dd02f88af36c4aeccfc6d946224a63b342c17f6aca9c""}]","{""answer_only_scorable"": true, ""benchmark_core"": true, ""counts_toward_headline_score"": true, ""counts_toward_official_topic_score"": true, ""scoring_metric"": ""binary_accuracy"", ""time_limit_minutes"": 30, ""topic_scoring_group"": ""geometry_spatial"", ""track"": ""answer_only_collection_core""}"
puzzle-e903764a3205f9f8a8a5,Puzzle e903764a3205f9f8a8a5,2026-01-05,geometry_spatial,algorithms_computation,euclidean_geometry | logical_inference | computational_verification,proof_problem | geometry_problem,"In a non-degenerate Euclidean configuration, perform the following constructions. All intersections and choices are those satisfying the stated incidences; directed angles are taken modulo 180°.
1. Let A, B, C be the vertices of a non-degenerate triangle.
2. Let D be the foot of the perpendicular from C to line AB.
3. Let E be the foot of the perpendicular from B to line AC.
4. Let O be the circumcenter of triangle ABC.
5. Point K lies on the circle centered at O through C.
6. Point K lies on line CD.
7. Point H lies on line CD.
8. Point H lies on line BE.
Prove that AK = AH.
Formal statement: `a b c = triangle a b c; d = foot d c a b; e = foot e b a c; o = circle o a b c; k = on_circle k o c, on_line k c d; h = on_line h c d, on_line h b e ? cong a k a h`",AK = AH,"Machine-verified DDAR proof trace.
Premises used:
Points introduced: A.
Points introduced: B.
Points introduced: C.
Points introduced: D.
[00] B,A,D are collinear
[01] CD ⟂ AB
Points introduced: E.
[02] C,E,A are collinear
[03] BE ⟂ AC
Points introduced: O.
[04] OB = OC
[05] OA = OB
Points introduced: K.
[06] OK = OC
[07] C,K,D are collinear
Points introduced: H.
[08] B,E,H are collinear
[09] C,D,H are collinear
Proof steps:
001. E,B,H are collinear [08] & E,C,A are collinear [02] & H,C,D are collinear [09] & B,A,D are collinear [00] & CD ⟂ AB [01] & BE ⟂ AC [03] --deduction--> ∠HEA = ∠HDA [10]
002. ∠HEA = ∠HDA [10] --r04--> E,A,D,H are concyclic [11]
003. E,A,D,H are concyclic [11] --r03--> ∠EDA = ∠EHA [12]
004. E,C,A are collinear [02] & B,A,D are collinear [00] & CD ⟂ AB [01] & BE ⟂ AC [03] --deduction--> ∠BEC = ∠BDC [13]
005. ∠BEC = ∠BDC [13] --r04--> B,C,E,D are concyclic [14]
006. B,C,E,D are concyclic [14] --r03--> ∠DCB = ∠DEB [15]
007. OB = OC [04] & OK = OC [06] & OA = OB [05] --deduction--> B,C,K,A are concyclic [16]
008. B,C,K,A are concyclic [16] --r03--> ∠BCK = ∠BAK [17]
009. B,C,K,A are concyclic [16] --r03--> ∠BKC = ∠BAC [18]
010. B,A,D are collinear [00] & ∠EDA = ∠EHA [12] & B,E,H are collinear [08] & ∠DCB = ∠DEB [15] & ∠BCK = ∠BAK [17] & C,K,D are collinear [07] --deduction--> ∠KAD = ∠DAH [19]
011. H,C,D are collinear [09] & C,K,D are collinear [07] --deduction--> D,K,H are collinear [20]
012. ∠KAD = ∠DAH [19] & D,K,H are collinear [20] --r12--> DK:DH = AK:AH [21]
013. B,A,D are collinear [00] & C,K,D are collinear [07] & H,C,D are collinear [09] & CD ⟂ AB [01] --deduction--> ∠BDK = ∠HDB [22]
014. C,E,A are collinear [02] & BE ⟂ AC [03] --deduction--> BE ⟂ CE [23]
015. C,K,D are collinear [07] & AB ⟂ CD [01] --deduction--> BA ⟂ CK [24]
016. BE ⟂ CE [23] & BA ⟂ CK [24] --r08--> ∠(BE-CK) = ∠(CE-BA) [25]
017. C,K,D are collinear [07] & H,C,D are collinear [09] & H,E,B are collinear [08] & ∠(BE-CK) = ∠(CE-BA) [25] & C,E,A are collinear [02] & ∠BKC = ∠BAC [18] --deduction--> ∠BKD = ∠DHB [26]
018. ∠BDK = ∠HDB [22] & ∠BKD = ∠DHB [26] --Similar triangles--> DK = DH [27]
019. DK:DH = AK:AH [21] & DK = DH [27] --deduction--> AK = AH
Verified conclusion: AK = AH.","{""bucket"": ""hard_candidate""}",machine_verified,False,,"{""answer_only_scorable"": false, ""answer_type"": ""proof_certificate"", ""benchmark_core"": false, ""canonical_reference_field"": ""explanation"", ""counts_toward_headline_score"": false, ""counts_toward_official_topic_score"": false, ""formal_verification_applies_to"": ""formal_statement"", ""reference_proof_type"": ""machine_verified_ddar_trace"", ""scoring_metric"": ""proof_certificate_validity"", ""scoring_requires_proof"": true, ""submission_requirement"": ""A complete proof certificate establishing the stated theorem; repeating answer_only receives no credit."", ""time_limit_minutes"": 60, ""topic_scoring_group"": ""geometry_spatial"", ""track"": ""proof_certificate""}"
puzzle-eb83cdc69b6ec033cf54,AIME_I 2010 #11,2010,geometry_spatial,,spatial_visualization | euclidean_geometry,numeric_answer,"Let $\mathcal{R}$ be the region consisting of the set of points in the coordinate plane that satisfy both $|8 - x| + y \le 10$ and $3y - x \ge 15$. When $\mathcal{R}$ is revolved around the line whose equation is $3y - x = 15$, the volume of the resulting solid is $\frac {m\pi}{n\sqrt {p}}$, where $m$, $n$, and $p$ are positive integers, $m$ and $n$ are relatively prime, and $p$ is not divisible by the square of any prime. Find $m + n + p$.",$365$,"[asy]size(280); import graph; real min = 2, max = 12; pen dark = linewidth(1); real P(real x) { return x/3 + 5; } real Q(real x) { return 10 - abs(x - 8); } path p = (2,P(2))--(8,P(8))--(12,P(12)), q = (2,Q(2))--(12,Q(12)); pair A = (8,10), B = (4.5,6.5), C= (9.75,8.25), F=foot(A,B,C), G=2*F-A; fill(A--B--C--cycle,rgb(0.9,0.9,0.9)); draw(graph(P,min,max),dark); draw(graph(Q,min,max),dark); draw(Arc((8,7.67),A,G,CW),dark,EndArrow(8)); draw(B--C--G--cycle,linetype(""4 4"")); label(""$y \ge x/3 + 5$"",(max,P(max)),E,fontsize(10)); label(""$y \le 10 - |x-8|$"",(max,Q(max)),E,fontsize(10)); label(""$\mathcal{R}$"",(6,Q(6)),NW); /* axes */ Label f; f.p=fontsize(8); xaxis(0, max, Ticks(f, 6, 1)); yaxis(0, 10, Ticks(f, 5, 1)); [/asy]
The inequalities are equivalent to $y \ge x/3 + 5, y \le 10 - |x - 8|$. We can set them equal to find the two points of intersection, $x/3 + 5 = 10 - |x - 8| \Longrightarrow |x - 8| = 5 - x/3$. This implies that one of $x - 8, 8 - x = 5 - x/3$, from which we find that $(x,y) = \left(\frac 92, \frac {13}2\right), \left(\frac{39}{4}, \frac{33}{4}\right)$. The region $\mathcal{R}$ is a triangle, as shown above. When revolved about the line $y = x/3+5$, the resulting solid is the union of two right cones that share the same base and axis. 
[asy]size(200); import three; currentprojection = perspective(0,0,10); defaultpen(linewidth(0.7)); pen dark=linewidth(1.3); pair Fxy = foot((8,10),(4.5,6.5),(9.75,8.25)); triple A = (8,10,0), B = (4.5,6.5,0), C= (9.75,8.25,0), F=(Fxy.x,Fxy.y,0), G=2*F-A, H=(F.x,F.y,abs(F-A)),I=(F.x,F.y,-abs(F-A)); real theta1 = 1.2, theta2 = -1.7,theta3= abs(F-A),theta4=-2.2; triple J=F+theta1*unit(A-F)+(0,0,((abs(F-A))^2-(theta1)^2)^.5 ),K=F+theta2*unit(A-F)+(0,0,((abs(F-A))^2-(theta2)^2)^.5 ),L=F+theta3*unit(A-F)+(0,0,((abs(F-A))^2-(theta3)^2)^.5 ),M=F+theta4*unit(A-F)-(0,0,((abs(F-A))^2-(theta4)^2)^.5 ); draw(C--A--B--G--cycle,linetype(""4 4"")+dark); draw(A..H..G..I..A); draw(C--B^^A--G,linetype(""4 4"")); draw(J--C--K); draw(L--B--M); dot(B);dot(C);dot(F); label(""$h_1$"",(B+F)/2,SE,fontsize(10)); label(""$h_2$"",(C+F)/2,S,fontsize(10)); label(""$r$"",(A+F)/2,E,fontsize(10)); [/asy]
Let $h_1,h_2$ denote the height of the left and right cones, respectively (so $h_1 > h_2$), and let $r$ denote their common radius. The volume of a cone is given by $\frac 13 Bh$; since both cones share the same base, then the desired volume is $\frac 13 \cdot \pi r^2 \cdot (h_1 + h_2)$. The distance from the point $(8,10)$ to the line $x - 3y + 15 = 0$ is given by $\left|\frac{(8) - 3(10) + 15}{\sqrt{1^2 + (-3)^2}}\right| = \frac{7}{\sqrt{10}}$. The distance between $\left(\frac 92, \frac {13}2\right)$ and $\left(\frac{39}{4}, \frac{33}{4}\right)$ is given by $h_1 + h_2 = \sqrt{\left(\frac{18}{4} - \frac{39}{4}\right)^2 + \left(\frac{26}{4} - \frac{33}{4}\right)^2} = \frac{7\sqrt{10}}{4}$. Thus, the answer is $\frac{343\sqrt{10}\pi}{120} = \frac{343\pi}{12\sqrt{10}} \Longrightarrow 343 + 12 + 10 = \boxed{365}$. (Note to MAA: Is it a coincidence that this is the number of days in a non-leap year?)","{""bucket"": ""hard_candidate""}",needs_review,False,,"{""answer_only_scorable"": true, ""benchmark_core"": true, ""counts_toward_headline_score"": true, ""counts_toward_official_topic_score"": true, ""scoring_metric"": ""binary_accuracy"", ""time_limit_minutes"": 30, ""topic_scoring_group"": ""geometry_spatial"", ""track"": ""answer_only_difficulty_selected_core""}"
puzzle-ebbd6205c2702761df4a,AIME_I 2012 #13,2012,geometry_spatial,,spatial_visualization | euclidean_geometry,numeric_answer,"Three concentric circles have radii $3,$ $4,$ and $5.$ An equilateral triangle with one vertex on each circle has side length $s.$ The largest possible area of the triangle can be written as $a + \tfrac{b}{c} \sqrt{d},$ where $a,$ $b,$ $c,$ and $d$ are positive integers, $b$ and $c$ are relatively prime, and $d$ is not divisible by the square of any prime. Find $a+b+c+d.$",$41$,"Reinterpret the problem in the following manner. Equilateral triangle $ABC$ has a point $X$ on the interior such that $AX = 5,$ $BX = 4,$ and $CX = 3.$ A $60^\circ$ counter-clockwise rotation about vertex $A$ maps $X$ to $X'$ and $B$ to $C.$ 
[asy]import cse5; size(200); defaultpen(linewidth(0.4)+fontsize(8)); pair O = origin; pair A,B,C,Op,Bp,Cp; path c3,c4,c5; c3 = CR(O,3); c4 = CR(O,4); c5 = CR(O,5); draw(c3^^c4^^c5, gray+0.25); A = 5*dir(96.25); Op = rotate(60,A)*O; B = OP(CR(Op,4),c3); Bp = IP(CR(Op,4),c3); C = rotate(-60,A)*B; Cp = rotate(-60,A)*Bp; draw(A--B--C--A, black+0.8); draw(A--Bp--Cp--A, royalblue+0.8); draw(CR(Op,4), heavygreen+0.25); dot(""$A$"",A,N); dot(""$X$"",O,E); dot(""$X'$"",Op,E); dot(""$C$"",B,SE); dot(""$C'$"",Bp,NE); dot(""$B$"",C,2*SW); dot(""$B'$"",Cp,2*S); [/asy]
Note that angle $XAX'$ is $60$ and $XA = X'A = 5$ which tells us that triangle $XAX'$ is equilateral and that $XX' = 5.$ We now notice that $XC = 3$ and $X'C = 4$ which tells us that angle $XCX'$ is $90$ because there is a $3$-$4$-$5$ Pythagorean triple. Now note that $\angle ABC + \angle ACB = 120^\circ$ and $\angle XCA + \angle XBA = 90^\circ,$ so $\angle XCB+\angle XBC = 30^\circ$ and $\angle BXC = 150^\circ.$ Applying the law of cosines on triangle $BXC$ yields
\[BC^2 = BX^2+CX^2 - 2 \cdot BX \cdot CX \cdot \cos150^\circ = 4^2+3^2-24 \cdot \frac{-\sqrt{3}}{2} = 25+12\sqrt{3}\]
and thus the area of $ABC$ equals \[\frac{\sqrt{3}}{4}\cdot BC^2 = 25\frac{\sqrt{3}}{4}+9.\]
so our final answer is $3+4+25+9 = \boxed{41}.$","{""bucket"": ""very_hard""}",needs_review,False,,"{""answer_only_scorable"": true, ""benchmark_core"": true, ""counts_toward_headline_score"": true, ""counts_toward_official_topic_score"": true, ""scoring_metric"": ""binary_accuracy"", ""time_limit_minutes"": 30, ""topic_scoring_group"": ""geometry_spatial"", ""track"": ""answer_only_difficulty_selected_core""}"
puzzle-eddf73279992da92b4e5,Puzzle eddf73279992da92b4e5,1988,geometry_spatial,,spatial_visualization | euclidean_geometry,numeric_answer,"A convex polyhedron has for its faces 12 squares, 8 regular hexagons, and 6 regular octagons. At each vertex of the polyhedron one square, one hexagon, and one octagon meet. How many segments joining vertices of the polyhedron lie in the interior of the polyhedron rather than along an edge or a face?",$840$,"The polyhedron described looks like this, a truncated cuboctahedron.
<div class=""thumb tnone""><div class=""thumbinner"" style=""width:202px;""> <div class=""thumbcaption""><div class=""magnify""><a href=""/wiki/index.php/File:Truncatedcuboctahedron.jpg"" class=""internal"" title=""Enlarge""></a>
The number of segments joining the vertices of the polyhedron is ${48\choose2} = 1128$. We must now subtract out those segments that lie along an edge or a face.
Since every vertex of the polyhedron lies on exactly one vertex of a square/hexagon/octagon, we have that $V = 12 \cdot 4 = 8 \cdot 6 = 6 \cdot 8 = 48$.
Each vertex is formed by the intersection of 3 edges. Since every edge is counted twice, once at each of its endpoints, the number of edges $E$ is $\frac{3}{2}V = 72$.
Each of the segments lying on a face of the polyhedron must be a diagonal of that face. Each square contributes $\frac{n(n-3)}{2} = 2$ diagonals, each hexagon $9$, and each octagon $20$. The number of diagonals is thus $2 \cdot 12 + 9 \cdot 8 + 20 \cdot 6 = 216$.
Subtracting, we get that the number of space diagonals is $1128 - 72 - 216 = \boxed{840}$.","{""bucket"": ""hard_candidate""}",needs_review,False,,"{""answer_only_scorable"": true, ""benchmark_core"": true, ""counts_toward_headline_score"": true, ""counts_toward_official_topic_score"": true, ""scoring_metric"": ""binary_accuracy"", ""time_limit_minutes"": 30, ""topic_scoring_group"": ""geometry_spatial"", ""track"": ""answer_only_difficulty_selected_core""}"
puzzle-ee06b1290b5c1f7086ed,AIME_I 2019 #15,2019,geometry_spatial,,spatial_visualization | euclidean_geometry,numeric_answer,"Let $\overline{AB}$ be a chord of a circle $\omega$, and let $P$ be a point on the chord $\overline{AB}$. Circle $\omega_1$ passes through $A$ and $P$ and is internally tangent to $\omega$. Circle $\omega_2$ passes through $B$ and $P$ and is internally tangent to $\omega$. Circles $\omega_1$ and $\omega_2$ intersect at points $P$ and $Q$. Line $PQ$ intersects $\omega$ at $X$ and $Y$. Assume that $AP=5$, $PB=3$, $XY=11$, and $PQ^2 = \frac{m}{n}$, where $m$ and $n$ are relatively prime positive integers. Find $m+n$.",$65$,"[asy] size(8cm); pair O, A, B, P, O1, O2, Q, X, Y; O=(0, 0); A=dir(140); B=dir(40); P=(3A+5B)/8; O1=extension((A+P)/2, (A+P)/2+(0, 1), A, O); O2=extension((B+P)/2, (B+P)/2+(0, 1), B, O); Q=intersectionpoints(circle(O1, length(A-O1)), circle(O2, length(B-O2)))[1]; X=intersectionpoint(P -- (P+(P-Q)*100), circle(O, 1)); Y=intersectionpoint(Q -- (Q+(Q-P)*100), circle(O, 1)); draw(circle(O, 1)); draw(circle(O1, length(A-O1))); draw(circle(O2, length(B-O2))); draw(A -- B); draw(X -- Y); draw(A -- O -- B); draw(O1 -- P -- O2); dot(""$O$"", O, S); dot(""$A$"", A, A); dot(""$B$"", B, B); dot(""$P$"", P, dir(70)); dot(""$Q$"", Q, dir(200)); dot(""$O_1$"", O1, SW); dot(""$O_2$"", O2, SE); dot(""$X$"", X, X); dot(""$Y$"", Y, Y); [/asy]
Let $O_1$ and $O_2$ be the centers of $\omega_1$ and $\omega_2$, respectively. There is a homothety at $A$ sending $\omega$ to $\omega_1$ that sends $B$ to $P$ and $O$ to $O_1$, so $\overline{OO_2}\parallel\overline{O_1P}$. Similarly, $\overline{OO_1}\parallel\overline{O_2P}$, so $OO_1PO_2$ is a parallelogram. Moreover, \[\angle O_1QO_2=\angle O_1PO_2=\angle O_1OO_2,\]whence $OO_1O_2Q$ is cyclic. However, \[OO_1=O_2P=O_2Q,\]so $OO_1O_2Q$ is an isosceles trapezoid. Since $\overline{O_1O_2}\perp\overline{XY}$, $\overline{OQ}\perp\overline{XY}$, so $Q$ is the midpoint of $\overline{XY}$.
By Power of a Point, $PX\cdot PY=PA\cdot PB=15$. Since $PX+PY=XY=11$ and $XQ=11/2$, \[XP=\frac{11-\sqrt{61}}2\implies PQ=XQ-XP=\frac{\sqrt{61}}2\implies PQ^2=\frac{61}4,\]
and the requested sum is $61+4=\boxed{65}$.","{""bucket"": ""very_hard""}",needs_review,False,,"{""answer_only_scorable"": true, ""benchmark_core"": true, ""counts_toward_headline_score"": true, ""counts_toward_official_topic_score"": true, ""scoring_metric"": ""binary_accuracy"", ""time_limit_minutes"": 30, ""topic_scoring_group"": ""geometry_spatial"", ""track"": ""answer_only_difficulty_selected_core""}"
puzzle-ee21ba2ce292893646c5,Puzzle ee21ba2ce292893646c5,2026-01-05,geometry_spatial,algorithms_computation,euclidean_geometry | logical_inference | computational_verification,proof_problem | geometry_problem,"In a non-degenerate Euclidean configuration, perform the following constructions. All intersections and choices are those satisfying the stated incidences; directed angles are taken modulo 180°.
1. Let C, B, Y be the vertices of a non-degenerate triangle.
2. Let A be the foot of the perpendicular from C to line BY.
3. Point X lies on the internal angle bisector of ∠CBY.
4. Let D be the foot of the perpendicular from A to line BC.
5. Point E lies on line BX.
6. Point E lies on line CA.
7. Let F be the foot of the perpendicular from E to line BC.
8. Point G lies on line BX.
9. Point G lies on line AD.
Prove that FG = FE.
Formal statement: `c b y = triangle c b y; a = foot a c b y; x = angle_bisector x c b y; d = foot d a b c; e = on_line e b x, on_line e c a; f = foot f e b c; g = on_line g b x, on_line g a d ? cong f g f e`",FG = FE,"Machine-verified DDAR proof trace.
Premises used:
Points introduced: C.
Points introduced: B.
Points introduced: Y.
Points introduced: A.
[00] AC ⟂ BY
[01] Y,B,A are collinear
Points introduced: X.
[02] ∠CBX = ∠XBY
Points introduced: D.
[03] AD ⟂ BC
[04] B,C,D are collinear
Points introduced: E.
[05] C,E,A are collinear
[06] B,E,X are collinear
Points introduced: F.
[07] B,C,F are collinear
[08] BC ⟂ FE
Points introduced: G.
[09] B,G,X are collinear
[10] G,A,D are collinear
Proof steps:
001. F,C,B are collinear [07] & E,C,A are collinear [05] & AC ⟂ BY [00] & AD ⟂ BC [03] & BC ⟂ FE [08] & Y,B,A are collinear [01] --deduction--> ∠EFB = ∠BAE [11]
002. B,C,F are collinear [07] & ∠CBX = ∠XBY [02] & Y,B,A are collinear [01] & B,E,X are collinear [06] --deduction--> ∠EBF = ∠ABE [12]
003. ∠EFB = ∠BAE [11] & ∠EBF = ∠ABE [12] --Similar triangles--> EF = EA [13]
004. ∠EFB = ∠BAE [11] & ∠EBF = ∠ABE [12] --Similar triangles--> BF = BA [14]
005. ∠EFB = ∠BAE [11] & ∠EBF = ∠ABE [12] --Similar triangles--> FE:FB = AE:AB [15]
006. BA = BF [14] --deduction--> BE:BA = BE:BA [16]
007. B,G,X are collinear [09] & B,E,X are collinear [06] --deduction--> G,B,E are collinear [17]
008. B,G,E are collinear [17] & B,C,D are collinear [04] & ∠CBX = ∠XBY [02] & Y,B,A are collinear [01] & B,E,X are collinear [06] --deduction--> ∠ABG = ∠GBD [18]
009. ∠ABG = ∠GBD [18] & G,A,D are collinear [10] --r12--> BA:GA = BD:GD [19]
010. G,A,D are collinear [10] & BC ⟂ FE [08] & AD ⟂ BC [03] --deduction--> GD ∥ EF [20]
011. B,C,F are collinear [07] & B,C,D are collinear [04] --deduction--> B,D,F are collinear [21]
012. GD ∥ EF [20] & B,D,F are collinear [21] & G,B,E are collinear [17] --r07--> BD:GD = BF:EF [22]
013. BA:GA = BD:GD [19] & BD:GD = BF:EF [22] & BF:EF = BA:EA [15] --deduction--> BA:EA = BA:GA [23]
014. BE:BA = BE:BA [16] & BA:EA = BA:GA [23] --r10--> EA = GA [24]
015. B,G,E are collinear [17] & B,C,F are collinear [07] & ∠CBX = ∠XBY [02] & Y,B,A are collinear [01] & B,E,X are collinear [06] --deduction--> ∠ABG = ∠GBF [25]
016. BF = BA [14] & ∠ABG = ∠GBF [25] --SAS--> GA = GF [26]
017. EF = EA [13] & EA = GA [24] & GA = GF [26] --deduction--> FG = FE
Verified conclusion: FG = FE.","{""bucket"": ""hard_candidate""}",machine_verified,False,,"{""answer_only_scorable"": false, ""answer_type"": ""proof_certificate"", ""benchmark_core"": false, ""canonical_reference_field"": ""explanation"", ""counts_toward_headline_score"": false, ""counts_toward_official_topic_score"": false, ""formal_verification_applies_to"": ""formal_statement"", ""reference_proof_type"": ""machine_verified_ddar_trace"", ""scoring_metric"": ""proof_certificate_validity"", ""scoring_requires_proof"": true, ""submission_requirement"": ""A complete proof certificate establishing the stated theorem; repeating answer_only receives no credit."", ""time_limit_minutes"": 60, ""topic_scoring_group"": ""geometry_spatial"", ""track"": ""proof_certificate""}"
puzzle-ef8817cadc903225ad04,AIME_I 2022 #11,2022,geometry_spatial,,spatial_visualization | euclidean_geometry,numeric_answer,"Let $ABCD$ be a parallelogram with $\angle BAD < 90^\circ.$ A circle tangent to sides $\overline{DA},$ $\overline{AB},$ and $\overline{BC}$ intersects diagonal $\overline{AC}$ at points $P$ and $Q$ with $AP < AQ,$ as shown. Suppose that $AP=3,$ $PQ=9,$ and $QC=16.$ Then the area of $ABCD$ can be expressed in the form $m\sqrt{n},$ where $m$ and $n$ are positive integers, and $n$ is not divisible by the square of any prime. Find $m+n.$ [asy] defaultpen(linewidth(0.6)+fontsize(11)); size(8cm); pair A,B,C,D,P,Q; A=(0,0); label(""$A$"", A, SW); B=(6,15); label(""$B$"", B, NW); C=(30,15); label(""$C$"", C, NE); D=(24,0); label(""$D$"", D, SE); P=(5.2,2.6); label(""$P$"", (5.8,2.6), N); Q=(18.3,9.1); label(""$Q$"", (18.1,9.7), W); draw(A--B--C--D--cycle); draw(C--A); draw(Circle((10.95,7.45), 7.45)); dot(A^^B^^C^^D^^P^^Q); [/asy]",$150$,"Let's redraw the diagram, but extend some helpful lines.
[asy] size(10cm); pair A,B,C,D,EE,F,P,Q,O; A=(0,0); EE = (24,15); F = (30,0); O = (10.5,7.5); label(""$A$"", A, SW); B=(6,15); label(""$B$"", B, NW); C=(30,15); label(""$C$"", C, NE); D=(24,0); label(""$D$"", D, SE); P=(5.2,2.6); label(""$P$"", (5.8,2.6), N); Q=(18.3,9.1); label(""$Q$"", (18.1,9.7), W); draw(A--B--C--D--cycle); draw(C--A); draw(Circle((10.95,7.45), 7.45)); dot(A^^B^^C^^D^^P^^Q); dot(O); label(""$O$"",O,W); draw((10.5,15)--(10.5,0)); draw(D--(24,15),dashed); draw(C--(30,0),dashed); draw(D--(30,0)); dot(EE); dot(F); label(""$3$"", midpoint(A--P), S); label(""$9$"", midpoint(P--Q), S); label(""$16$"", midpoint(Q--C), S); label(""$x$"", (5.5,13.75), W); label(""$20$"", (20.25,15), N); label(""$6$"", (5.25,0), S); label(""$6$"", (1.5,3.75), W); label(""$x$"", (8.25,15),N); label(""$14+x$"", (17.25,0), S); label(""$6-x$"", (27,15), N); label(""$6+x$"", (27,7.5), S); label(""$6\sqrt{3}$"", (30,7.5), E); label(""$T_1$"", (10.5,15), N); label(""$T_2$"", (10.5,0), S); label(""$T_3$"", (4.5,11.25), W); label(""$E$"", EE, N); label(""$F$"", F, S); [/asy]
We obviously see that we must use power of a point since they've given us lengths in a circle and there are intersection points. Let $T_1, T_2, T_3$ be our tangents from the circle to the parallelogram. By the secant power of a point, the power of $A = 3 \cdot (3+9) = 36$. Then $AT_2 = AT_3 = \sqrt{36} = 6$. Similarly, the power of $C = 16 \cdot (16+9) = 400$ and $CT_1 = \sqrt{400} = 20$. We let $BT_3 = BT_1 = x$ and label the diagram accordingly.
Notice that because $BC = AD, 20+x = 6+DT_2 \implies DT_2 = 14+x$. Let $O$ be the center of the circle. Since $OT_1$ and $OT_2$ intersect $BC$ and $AD$, respectively, at right angles, we have $T_2T_1CD$ is a right-angled trapezoid and more importantly, the diameter of the circle is the height of the triangle. Therefore, we can drop an altitude from $D$ to $BC$ and $C$ to $AD$, and both are equal to $2r$. Since $T_1E = T_2D$, $20 - CE = 14+x \implies CE = 6-x$. Since $CE = DF, DF = 6-x$ and $AF = 6+14+x+6-x = 26$. We can now use Pythagorean theorem on $\triangle ACF$; we have $26^2 + (2r)^2 = (3+9+16)^2 \implies 4r^2 = 784-676 \implies 4r^2 = 108 \implies 2r = 6\sqrt{3}$ and $r^2 = 27$.
We know that $CD = 6+x$ because $ABCD$ is a parallelogram. Using Pythagorean theorem on $\triangle CDF$, $(6+x)^2 = (6-x)^2 + 108 \implies (6+x)^2-(6-x)^2 = 108 \implies 12 \cdot 2x = 108 \implies 2x = 9 \implies x = \frac{9}{2}$. Therefore, base $BC = 20 + \frac{9}{2} = \frac{49}{2}$. Thus the area of the parallelogram is the base times the height, which is $\frac{49}{2} \cdot 6\sqrt{3} = 147\sqrt{3}$ and the answer is $\boxed{150}$","{""bucket"": ""hard_candidate""}",needs_review,False,,"{""answer_only_scorable"": true, ""benchmark_core"": true, ""counts_toward_headline_score"": true, ""counts_toward_official_topic_score"": true, ""scoring_metric"": ""binary_accuracy"", ""time_limit_minutes"": 30, ""topic_scoring_group"": ""geometry_spatial"", ""track"": ""answer_only_difficulty_selected_core""}"
puzzle-f0e0fc185407011fd481,AIME_II 2005 #10,2005,geometry_spatial,,spatial_visualization | euclidean_geometry,numeric_answer,"Given that $O$ is a regular octahedron, that $C$ is the cube whose vertices are the centers of the faces of $O,$ and that the ratio of the volume of $O$ to that of $C$ is $\frac mn,$ where $m$ and $n$ are relatively prime integers, find $m+n.$",$11$,"Let the side of the octahedron be of length $s$. Let the vertices of the octahedron be $A, B, C, D, E, F$ so that $A$ and $F$ are opposite each other and $AF = s\sqrt2$. The height of the square pyramid $ABCDE$ is $\frac{AF}2 = \frac s{\sqrt2}$ and so it has volume $\frac 13 s^2 \cdot \frac s{\sqrt2} = \frac {s^3}{3\sqrt2}$ and the whole octahedron has volume $\frac {s^3\sqrt2}3$. 
Let $M$ be the midpoint of $BC$, $N$ be the midpoint of $DE$, $G$ be the centroid of $\triangle ABC$ and $H$ be the centroid of $\triangle ADE$. Then $\triangle AMN \sim \triangle AGH$ and the symmetry ratio is $\frac 23$ (because the medians of a triangle are trisected by the centroid), so $GH = \frac{2}{3}MN = \frac{2s}3$. $GH$ is also a diagonal of the cube, so the cube has side-length $\frac{s\sqrt2}3$ and volume $\frac{2s^3\sqrt2}{27}$. The ratio of the volumes is then $\frac{\left(\frac{s^3\sqrt2}{3}\right)}{\left(\frac{2s^3\sqrt2}{27}\right)} = \frac92$ and so the answer is $\boxed{11}$.","{""bucket"": ""hard_candidate""}",needs_review,False,,"{""answer_only_scorable"": true, ""benchmark_core"": true, ""counts_toward_headline_score"": true, ""counts_toward_official_topic_score"": true, ""scoring_metric"": ""binary_accuracy"", ""time_limit_minutes"": 30, ""topic_scoring_group"": ""geometry_spatial"", ""track"": ""answer_only_difficulty_selected_core""}"
puzzle-f1b4be52f19d60a19438,AIME_I 2019 #11,2019,geometry_spatial,,spatial_visualization | euclidean_geometry,numeric_answer,"In $\triangle ABC$, the sides have integer lengths and $AB=AC$. Circle $\omega$ has its center at the incenter of $\triangle ABC$. An <i>excircle</i> of $\triangle ABC$ is a circle in the exterior of $\triangle ABC$ that is tangent to one side of the triangle and tangent to the extensions of the other two sides. Suppose that the excircle tangent to $\overline{BC}$ is internally tangent to $\omega$, and the other two excircles are both externally tangent to $\omega$. Find the minimum possible value of the perimeter of $\triangle ABC$.",$20$,"Let the tangent circle be $\omega$. Some notation first: let $BC=a$, $AB=b$, $s$ be the semiperimeter, $\theta=\angle ABC$, and $r$ be the inradius. Intuition tells us that the radius of $\omega$ is $r+\frac{2rs}{s-a}$ (using the exradius formula). However, the sum of the radius of $\omega$ and $\frac{rs}{s-b}$ is equivalent to the distance between the incenter and the the $B/C$ excenter. Denote the B excenter as $I_B$ and the incenter as $I$. 
Lemma: $I_BI=\frac{2b*IB}{a}$
We draw the circumcircle of $\triangle ABC$. Let the angle bisector of $\angle ABC$ hit the circumcircle at a second point $M$. By the incenter-excenter lemma, $AM=CM=IM$. Let this distance be $\alpha$. Ptolemy's theorem on $ABCM$ gives us \[a\alpha+b\alpha=b(\alpha+IB)\to \alpha=\frac{b*IB}{a}\] Again, by the incenter-excenter lemma, $II_B=2IM$ so $II_b=\frac{2b*IB}{a}$ as desired.
Using this gives us the following equation: \[\frac{2b*IB}{a}=r+\frac{2rs}{s-a}+\frac{rs}{s-b}\] 
Motivated by the $s-a$ and $s-b$, we make the following substitution: $x=s-a, y=s-b$
This changes things quite a bit. Here's what we can get from it: \[a=2y, b=x+y, s=x+2y\] It is known (easily proved with Heron's and $a=rs$) that \[r=\sqrt{\frac{(s-a)(s-b)(s-b)}{s}}=\sqrt{\frac{xy^2}{x+2y}}\] Using this, we can also find $IB$: let the midpoint of $BC$ be $N$. Using Pythagorean's Theorem on $\triangle INB$, \[IB^2=r^2+(\frac{a}{2})^2=\frac{xy^2}{x+2y}+y^2=\frac{2xy^2+2y^3}{x+2y}=\frac{2y^2(x+y)}{x+2y}\] We now look at the RHS of the main equation: \[r+\frac{2rs}{s-a}+\frac{rs}{s-b}=r(1+\frac{2(x+2y)}{x}+\frac{x+2y}{y})=r(\frac{x^2+5xy+4y^2}{xy})=\frac{r(x+4y)(x+y)}{xy}=\frac{2(x+y)IB}{2y}\]
Cancelling some terms, we have \[\frac{r(x+4y)}{x}=IB\] 
Squaring, \[\frac{2y^2(x+y)}{x+2y}=\frac{(x+4y)^2*xy^2}{x^2(x+2y)}\to \frac{(x+4y)^2}{x}=2(x+y)\] Expanding and moving terms around gives \[(x-8y)(x+2y)=0\to x=8y\] Reverse substituting, \[s-a=8s-8b\to b=\frac{9}{2}a\] Clearly the smallest solution is $a=2$ and $b=9$, so our answer is $2+9+9=\boxed{20}$","{""bucket"": ""hard_candidate""}",needs_review,False,,"{""answer_only_scorable"": true, ""benchmark_core"": true, ""counts_toward_headline_score"": true, ""counts_toward_official_topic_score"": true, ""scoring_metric"": ""binary_accuracy"", ""time_limit_minutes"": 30, ""topic_scoring_group"": ""geometry_spatial"", ""track"": ""answer_only_difficulty_selected_core""}"
puzzle-f24471a1d6cf88b22c5e,AIME_II 2003 #14,2003,geometry_spatial,,spatial_visualization | euclidean_geometry,numeric_answer,"Let $A = (0,0)$ and $B = (b,2)$ be points on the coordinate plane. Let $ABCDEF$ be a convex equilateral hexagon such that $\angle FAB = 120^\circ,$ $\overline{AB}\parallel \overline{DE},$ $\overline{BC}\parallel \overline{EF,}$ $\overline{CD}\parallel \overline{FA},$ and the y-coordinates of its vertices are distinct elements of the set $\{0,2,4,6,8,10\}.$ The area of the hexagon can be written in the form $m\sqrt {n},$ where $m$ and $n$ are positive integers and $n$ is not divisible by the square of any prime. Find $m + n.$",$51$,"The y-coordinate of $F$ must be $4$. All other cases yield non-convex and/or degenerate hexagons, which violate the problem statement.
Letting $F = (f,4)$, and knowing that $\angle FAB = 120^\circ$, we can use rewrite $F$ using complex numbers:
$f + 4 i = (b + 2 i)\left(e^{i(2 \pi / 3)}\right) = (b + 2 i)\left(-1/2 + \frac{\sqrt{3}}{2} i\right) = -\frac{b}{2}-\sqrt{3}+\left(\frac{b\sqrt{3}}{2}-1\right)i$. We solve for $b$ and $f$ and find that $F = \left(-\frac{8}{\sqrt{3}}, 4\right)$ and that $B = \left(\frac{10}{\sqrt{3}}, 2\right)$.
The area of the hexagon can then be found as the sum of the areas of two congruent triangles ($EFA$ and $BCD$, with height $8$ and base $\frac{8}{\sqrt{3}}$) and a parallelogram ($ABDE$, with height $8$ and base $\frac{10}{\sqrt{3}}$).
$A = 2 \times \frac{1}{2} \times 8 \times \frac{8}{\sqrt{3}} + 8 \times \frac{10}{\sqrt{3}} = \frac{144}{\sqrt{3}} = 48\sqrt{3}$.
Thus, $m+n = \boxed{51}$.","{""bucket"": ""very_hard""}",needs_review,False,,"{""answer_only_scorable"": true, ""benchmark_core"": true, ""counts_toward_headline_score"": true, ""counts_toward_official_topic_score"": true, ""scoring_metric"": ""binary_accuracy"", ""time_limit_minutes"": 30, ""topic_scoring_group"": ""geometry_spatial"", ""track"": ""answer_only_difficulty_selected_core""}"
puzzle-f4e32260d6600eee5786,AIME_II 2007 #15,2007,geometry_spatial,,spatial_visualization | euclidean_geometry,numeric_answer,"Four circles $\omega,$ $\omega_{A},$ $\omega_{B},$ and $\omega_{C}$ with the same radius are drawn in the interior of triangle $ABC$ such that $\omega_{A}$ is tangent to sides $AB$ and $AC$, $\omega_{B}$ to $BC$ and $BA$, $\omega_{C}$ to $CA$ and $CB$, and $\omega$ is externally tangent to $\omega_{A},$ $\omega_{B},$ and $\omega_{C}$. If the sides of triangle $ABC$ are $13,$ $14,$ and $15,$ the radius of $\omega$ can be represented in the form $\frac{m}{n}$, where $m$ and $n$ are relatively prime positive integers. Find $m+n.$",$389$,"[asy] defaultpen(fontsize(12)+0.8); size(350); pair A,B,C,X,Y,Z,P,Q,R,Zp; B=origin; C=15*right; A=IP(CR(B,13),CR(C,14)); P=incenter(A,B,C); real r=260/129; Q=r*(rotate(-90)*A/length(A)); X=extension(A,P,Q,Q+A); Y=extension(B,P,Q,Q+A); R=rotate(90,C)*(C+r*(A-C)/length(A-C)); Z=extension(C,P,R,R+A-C); Zp=circumcenter(X,Y,Z); draw(A--B--C--A); draw(CR(X,r)^^CR(Y,r)^^CR(Z,r), gray); draw(A--P--B^^P--C^^X--Y--Z--X, royalblue); draw(X--foot(X,A,C)^^Z--foot(Z,A,C),royalblue); draw(CR(Zp,r), gray); draw(incircle(A,B,C)^^incircle(X,Y,Z)^^P--foot(P,A,C), heavygreen+0.6); draw(rightanglemark(X,foot(X,A,C),C,10),linewidth(0.6)); draw(rightanglemark(Z,foot(Z,A,C),A,10),linewidth(0.6)); label(""$A$"",A,N); label(""$B$"",B,0.15*(B-P)); label(""$C$"",C,0.1*(C-P)); pen p=fontsize(10)+linewidth(3); dot(""$O_A$"",X,right,p); dot(""$O_B$"",Y,left+up,p); dot(""$O_C$"",Z,down,p); dot(""$O$"",Zp,dir(-45),p+red); dot(""$I$"",P,left+up,p); [/asy]
First, apply Heron's formula to find that $[ABC] = \sqrt{21 \cdot 8 \cdot 7 \cdot 6} = 84$. The semiperimeter is $21$, so the inradius is $\frac{A}{s} = \frac{84}{21} = 4$. 
Now consider the incenter $I$ of $\triangle ABC$. Let the radius of one of the small circles be $r$. Let the centers of the three little circles tangent to the sides of $\triangle ABC$ be $O_A$, $O_B$, and $O_C$. Let the center of the circle tangent to those three circles be $O$. The homothety $\mathcal{H}\left(I, \frac{4-r}{4}\right)$ maps $\triangle ABC$ to $\triangle XYZ$; since $OO_A = OO_B = OO_C = 2r$, $O$ is the circumcenter of $\triangle XYZ$ and $\mathcal{H}$ therefore maps the circumcenter of $\triangle ABC$ to $O$. Thus, $2r = R \cdot \frac{4 - r}{4}$, where $R$ is the circumradius of $\triangle ABC$. Substituting $R = \frac{abc}{4[ABC]} = \frac{65}{8}$, $r = \frac{260}{129}$ and the answer is $\boxed{389}$.","{""bucket"": ""very_hard""}",needs_review,False,,"{""answer_only_scorable"": true, ""benchmark_core"": true, ""counts_toward_headline_score"": true, ""counts_toward_official_topic_score"": true, ""scoring_metric"": ""binary_accuracy"", ""time_limit_minutes"": 30, ""topic_scoring_group"": ""geometry_spatial"", ""track"": ""answer_only_difficulty_selected_core""}"
puzzle-fada3823fbedafdf74e6,Puzzle fada3823fbedafdf74e6,1994,geometry_spatial,,spatial_visualization | euclidean_geometry,numeric_answer,"Given a point $P^{}_{}$ on a triangular piece of paper $ABC,\,$ consider the creases that are formed in the paper when $A, B,\,$ and $C\,$ are folded onto $P.\,$ Let us call $P_{}^{}$ a fold point of $\triangle ABC\,$ if these creases, which number three unless $P^{}_{}$ is one of the vertices, do not intersect. Suppose that $AB=36, AC=72,\,$ and $\angle B=90^\circ.\,$ Then the area of the set of all fold points of $\triangle ABC\,$ can be written in the form $q\pi-r\sqrt{s},\,$ where $q, r,\,$ and $s\,$ are positive integers and $s\,$ is not divisible by the square of any prime. What is $q+r+s\,$?",$597$,"Let $O_{AB}$ be the intersection of the perpendicular bisectors (in other words, the intersections of the creases) of $\overline{PA}$ and $\overline{PB}$, and so forth. Then $O_{AB}, O_{BC}, O_{CA}$ are, respectively, the circumcenters of $\triangle PAB, PBC, PCA$. According to the problem statement, the circumcenters of the triangles cannot lie within the interior of the respective triangles, since they are not on the paper. It follows that $\angle APB, \angle BPC, \angle CPA > 90^{\circ}$; the locus of each of the respective conditions for $P$ is the region inside the (semi)circles with diameters $\overline{AB}, \overline{BC}, \overline{CA}$.
We note that the circle with diameter $AC$ covers the entire triangle because it is the circumcircle of $\triangle ABC$, so it suffices to take the intersection of the circles about $AB, BC$. We note that their intersection lies entirely within $\triangle ABC$ (the chord connecting the endpoints of the region is in fact the altitude of $\triangle ABC$ from $B$). Thus, the area of the locus of $P$ (shaded region below) is simply the sum of two segments of the circles. If we construct the midpoints of $M_1, M_2 = \overline{AB}, \overline{BC}$ and note that $\triangle M_1BM_2 \sim \triangle ABC$, we see that thse segments respectively cut a $120^{\circ}$ arc in the circle with radius $18$ and $60^{\circ}$ arc in the circle with radius $18\sqrt{3}$. 
[asy] pair project(pair X, pair Y, real r){return X+r*(Y-X);} path endptproject(pair X, pair Y, real a, real b){return project(X,Y,a)--project(X,Y,b);} pathpen = linewidth(1); size(250); pen dots = linetype(""2 3"") + linewidth(0.7), dashes = linetype(""8 6"")+linewidth(0.7)+blue, bluedots = linetype(""1 4"") + linewidth(0.7) + blue; pair B = (0,0), A=(36,0), C=(0,36*3^.5), P=D(MP(""P"",(6,25), NE)), F = D(foot(B,A,C)); D(D(MP(""A"",A)) -- D(MP(""B"",B)) -- D(MP(""C"",C,N)) -- cycle); fill(arc((A+B)/2,18,60,180) -- arc((B+C)/2,18*3^.5,-90,-30) -- cycle, rgb(0.8,0.8,0.8)); D(arc((A+B)/2,18,0,180),dots); D(arc((B+C)/2,18*3^.5,-90,90),dots); D(arc((A+C)/2,36,120,300),dots); D(B--F,dots); D(D((B+C)/2)--F--D((A+B)/2),dots); D(C--P--B,dashes);D(P--A,dashes); pair Fa = bisectorpoint(P,A), Fb = bisectorpoint(P,B), Fc = bisectorpoint(P,C); path La = endptproject((A+P)/2,Fa,20,-30), Lb = endptproject((B+P)/2,Fb,12,-35); D(La,bluedots);D(Lb,bluedots);D(endptproject((C+P)/2,Fc,18,-15),bluedots);D(IP(La,Lb),blue); [/asy]
The diagram shows $P$ outside of the grayed locus; notice that the creases [the dotted blue] intersect within the triangle, which is against the problem conditions. The area of the locus is the sum of two segments of two circles; these segments cut out $120^{\circ}, 60^{\circ}$ angles by simple similarity relations and angle-chasing.
Hence, the answer is, using the $\frac 12 ab\sin C$ definition of triangle area, $\left[\frac{\pi}{3} \cdot 18^2 - \frac{1}{2} \cdot 18^2 \sin \frac{2\pi}{3} \right] + \left[\frac{\pi}{6} \cdot \left(18\sqrt{3}\right)^2 - \frac{1}{2} \cdot (18\sqrt{3})^2 \sin \frac{\pi}{3}\right] = 270\pi - 324\sqrt{3}$, and $q+r+s = \boxed{597}$.","{""bucket"": ""very_hard""}",needs_review,False,,"{""answer_only_scorable"": true, ""benchmark_core"": true, ""counts_toward_headline_score"": true, ""counts_toward_official_topic_score"": true, ""scoring_metric"": ""binary_accuracy"", ""time_limit_minutes"": 30, ""topic_scoring_group"": ""geometry_spatial"", ""track"": ""answer_only_difficulty_selected_core""}"
puzzle-fec6d45c5f9c8c70eeb5,AIME_I 2002 #13,2002,geometry_spatial,,spatial_visualization | euclidean_geometry,numeric_answer,"In triangle $ABC$ the medians $\overline{AD}$ and $\overline{CE}$ have lengths $18$ and $27$, respectively, and $AB=24$. Extend $\overline{CE}$ to intersect the circumcircle of $ABC$ at $F$. The area of triangle $AFB$ is $m\sqrt{n}$, where $m$ and $n$ are positive integers and $n$ is not divisible by the square of any prime. Find $m+n$.",$63$,"[asy] size(150); pathpen = linewidth(0.7); pointpen = black; pen f = fontsize(8); pair A=(0,0), B=(24,0), E=(A+B)/2, C=IP(CR(A,3*70^.5),CR(E,27)), D=(B+C)/2, F=IP(circumcircle(A,B,C),E--C+2*(E-C)); D(D(MP(""A"",A))--D(MP(""B"",B))--D(MP(""C"",C,NW))--cycle); D(circumcircle(A,B,C)); D(MP(""F"",F)); D(A--D); D(C--F); D(A--F--B); D(MP(""E"",E,NE)); D(MP(""D"",D,NE)); MP(""12"",(A+E)/2,SE,f);MP(""12"",(B+E)/2,f); MP(""27"",(C+E)/2,SW,f); MP(""18"",(A+D)/2,SE,f); [/asy]
Applying Stewart's Theorem to medians $AD, CE$, we have:
\begin{align*} BC^2 + 4 \cdot 18^2 &= 2\left(24^2 + AC^2\right) \\ 24^2 + 4 \cdot 27^2 &= 2\left(AC^2 + BC^2\right) \end{align*}
Substituting the first equation into the second and simplification yields $24^2 = 2\left(3AC^2 + 2 \cdot 24^2 - 4 \cdot 18^2\right)- 4 \cdot 27^2$ $\Longrightarrow AC = \sqrt{2^5 \cdot 3 + 2 \cdot 3^5 + 2^4 \cdot 3^3 - 2^7 \cdot 3} = 3\sqrt{70}$. 
By the Power of a Point Theorem on $E$, we get $EF = \frac{12^2}{27} = \frac{16}{3}$. The Law of Cosines on $\triangle ACE$ gives 
\begin{align*} \cos \angle AEC = \left(\frac{12^2 + 27^2 - 9 \cdot 70}{2 \cdot 12 \cdot 27}\right) = \frac{3}{8} \end{align*}
Hence $\sin \angle AEC = \sqrt{1 - \cos^2 \angle AEC} = \frac{\sqrt{55}}{8}$. Because $\triangle AEF, BEF$ have the same height and equal bases, they have the same area, and $[ABF] = 2[AEF] = 2 \cdot \frac 12 \cdot AE \cdot EF \sin \angle AEF = 12 \cdot \frac{16}{3} \cdot \frac{\sqrt{55}}{8} = 8\sqrt{55}$, and the answer is $8 + 55 = \boxed{63}$.","{""bucket"": ""very_hard""}",needs_review,False,,"{""answer_only_scorable"": true, ""benchmark_core"": true, ""counts_toward_headline_score"": true, ""counts_toward_official_topic_score"": true, ""scoring_metric"": ""binary_accuracy"", ""time_limit_minutes"": 30, ""topic_scoring_group"": ""geometry_spatial"", ""track"": ""answer_only_difficulty_selected_core""}"
puzzle-ff2dc66ecdb6e67dce62,Cut &,,geometry_spatial,logic_constraints,spatial_visualization | visual_decoding | logical_inference | constraint_propagation | pathfinding,image_puzzle | path_route,"Title: Cut &

Cut things out and put them together. When things go together, they have something in common, just like tea and scones. Those things will tell you how to fill in the blanks.

The complete puzzle statement and its visual/structured clues are in the required question asset(s):
- assets/79309eb9473728c4699e0199764168027b3b257ddcceeb6c9cc63ce218c4a63a.png

Return the short canonical final answer.",LIBERTY,"1. Identify the puzzle pieces and recognize which edges can be matched to form common paired expressions.

2. Cut out each triangle and reassemble the pieces into an eight-sided polygon, mathing the sides of each triangle with their paired expression.
   Reasoning figure: assets/48fd9b67709285dfb1695ae53ff345832a6c65c159f475dd9afd03479cb18365.png

3. Follow the marked path from 'Start' taking only the common letter between each pair of edges in our newly formed eight-sided polygon.

4. The letters along this path spell out the WRITE LIBERTY, which tells us to write LIBERTY as our answer.","{""bucket"": ""hard""}",needs_review,True,"[{""bytes"": 509049, ""content_type"": ""image/png"", ""path"": ""assets/79309eb9473728c4699e0199764168027b3b257ddcceeb6c9cc63ce218c4a63a.png"", ""role"": ""question"", ""sha256"": ""79309eb9473728c4699e0199764168027b3b257ddcceeb6c9cc63ce218c4a63a""}, {""bytes"": 653049, ""content_type"": ""image/png"", ""path"": ""assets/48fd9b67709285dfb1695ae53ff345832a6c65c159f475dd9afd03479cb18365.png"", ""role"": ""explanation"", ""sha256"": ""48fd9b67709285dfb1695ae53ff345832a6c65c159f475dd9afd03479cb18365""}]","{""answer_only_scorable"": true, ""benchmark_core"": true, ""counts_toward_headline_score"": true, ""counts_toward_official_topic_score"": true, ""scoring_metric"": ""binary_accuracy"", ""time_limit_minutes"": 30, ""topic_scoring_group"": ""geometry_spatial"", ""track"": ""answer_only_upstream_hard_core""}"
puzzle-ff58cf0c652fcc0b6d9a,AIME_II 2011 #10,2011,geometry_spatial,,spatial_visualization | euclidean_geometry,numeric_answer,"A circle with center $O$ has radius 25. Chord $\overline{AB}$ of length 30 and chord $\overline{CD}$ of length 14 intersect at point $P$. The distance between the midpoints of the two chords is 12. The quantity $OP^2$ can be represented as $\frac{m}{n}$, where $m$ and $n$ are relatively prime positive integers. Find the remainder when $m + n$ is divided by 1000.",$57$,"Let $E$ and $F$ be the midpoints of $\overline{AB}$ and $\overline{CD}$, respectively, such that $\overline{BE}$ intersects $\overline{CF}$.
Since $E$ and $F$ are midpoints, $BE = 15$ and $CF = 7$.
$B$ and $C$ are located on the circumference of the circle, so $OB = OC = 25$.
The line through the midpoint of a chord of a circle and the center of that circle is perpendicular to that chord, so $\triangle OEB$ and $\triangle OFC$ are right triangles (with $\angle OEB$ and $\angle OFC$ being the right angles). By the Pythagorean Theorem, $OE = \sqrt{25^2 - 15^2} = 20$, and $OF = \sqrt{25^2 - 7^2} = 24$.
Let $x$, $a$, and $b$ be lengths $OP$, $EP$, and $FP$, respectively. OEP and OFP are also right triangles, so $x^2 = a^2 + 20^2 \to a^2 = x^2 - 400$, and $x^2 = b^2 + 24^2 \to b^2 = x^2 - 576$
We are given that $EF$ has length 12, so, using the Law of Cosines with $\triangle EPF$:
$12^2 = a^2 + b^2 - 2ab \cos (\angle EPF) = a^2 + b^2 - 2ab \cos (\angle EPO + \angle FPO)$
Substituting for $a$ and $b$, and applying the Cosine of Sum formula:
$144 = (x^2 - 400) + (x^2 - 576) - 2 \sqrt{x^2 - 400} \sqrt{x^2 - 576} \left( \cos \angle EPO \cos \angle FPO - \sin \angle EPO \sin \angle FPO \right)$
$\angle EPO$ and $\angle FPO$ are acute angles in right triangles, so substitute opposite/hypotenuse for sines and adjacent/hypotenuse for cosines:
$144 = 2x^2 - 976 - 2 \sqrt{(x^2 - 400)(x^2 - 576)} \left(\frac{\sqrt{x^2 - 400}}{x} \frac{\sqrt{x^2 - 576}}{x} - \frac{20}{x} \frac{24}{x} \right)$
Combine terms and multiply both sides by $x^2$: $144 x^2 = 2 x^4 - 976 x^2 - 2 (x^2 - 400) (x^2 - 576) + 960 \sqrt{(x^2 - 400)(x^2 - 576)}$
Combine terms again, and divide both sides by 64: $13 x^2 = 7200 - 15 \sqrt{x^4 - 976 x^2 + 230400}$
Square both sides: $169 x^4 - 187000 x^2 + 51,840,000 = 225 x^4 - 219600 x^2 + 51,840,000$
This reduces to $x^2 = \frac{4050}{7} = (OP)^2$; $4050 + 7 \equiv \boxed{57} \pmod{1000}$.","{""bucket"": ""hard_candidate""}",needs_review,False,,"{""answer_only_scorable"": true, ""benchmark_core"": true, ""counts_toward_headline_score"": true, ""counts_toward_official_topic_score"": true, ""scoring_metric"": ""binary_accuracy"", ""time_limit_minutes"": 30, ""topic_scoring_group"": ""geometry_spatial"", ""track"": ""answer_only_difficulty_selected_core""}"
puzzle-ff9883500d56649446a8,Light Angles,,geometry_spatial,cryptography_ciphers | logic_constraints,spatial_visualization | visual_decoding | encoding_decoding | indexing_extraction | meta_extraction | information_synthesis | constraint_propagation | pathfinding,image_puzzle | multi_part | meta_puzzle | path_route,"Title: Light Angles

Put all of the mirrors into the box so light enters from the ↑, exits from the ←, and bounces off all of the mirrors. When a beam of light reflects off of a mirror, it bounces back at the same angle that it approaches the mirror (example shown on the left). The beam of light will always pass through either the corner or the center of the side of the boxes. The walls in the chamber (inside and outside) are not reflective, and the dashed grid lines are transparent. Three of the ten mirrors have already been installed. You decide to label the remaining seven and make a note so you can remember their order.

The complete puzzle statement and its visual/structured clues are in the required question asset(s):
- assets/4d1f66bf0dafcbb67b569041e5cc5ff9c425c2468fbb97259cf192aafa579d3a.png

Return the short canonical final answer.",INFO-NET,"1. Insert only the seven mirrors into the grid such that the light's rays reflect from the in-arrow to the out-arrow following the flavor text's rules
   Reasoning figure: assets/129ded314cee55bb85e017eae6c50121d1d18e903040c8ed0f8b5fb8303205bc.png

2. Draw the correct ray tracing so that the light enters the maze at the entry arrow, reflects off the mirrors placed in the maze, and exits the maze in the top left, as shown in the figure.
   Reasoning figure: assets/f4a5d915dd41aaa2707e4ff063b752feb8c30476475115df42af3f707b1ac5c2.png

3. Use semaphore to map each mirror to a letter and extract the letters in order in which the light reflects off of the mirrors, to spell: INFONET.
   Reasoning figure: assets/04add0428dbd0214c646788c9676ef3f5c43f31bedc4c23738a7c83e51f36e53.png","{""bucket"": ""hard""}",needs_review,True,"[{""bytes"": 362095, ""content_type"": ""image/png"", ""path"": ""assets/4d1f66bf0dafcbb67b569041e5cc5ff9c425c2468fbb97259cf192aafa579d3a.png"", ""role"": ""question"", ""sha256"": ""4d1f66bf0dafcbb67b569041e5cc5ff9c425c2468fbb97259cf192aafa579d3a""}, {""bytes"": 20747, ""content_type"": ""image/png"", ""path"": ""assets/129ded314cee55bb85e017eae6c50121d1d18e903040c8ed0f8b5fb8303205bc.png"", ""role"": ""explanation"", ""sha256"": ""129ded314cee55bb85e017eae6c50121d1d18e903040c8ed0f8b5fb8303205bc""}, {""bytes"": 356479, ""content_type"": ""image/png"", ""path"": ""assets/f4a5d915dd41aaa2707e4ff063b752feb8c30476475115df42af3f707b1ac5c2.png"", ""role"": ""explanation"", ""sha256"": ""f4a5d915dd41aaa2707e4ff063b752feb8c30476475115df42af3f707b1ac5c2""}, {""bytes"": 129379, ""content_type"": ""image/png"", ""path"": ""assets/04add0428dbd0214c646788c9676ef3f5c43f31bedc4c23738a7c83e51f36e53.png"", ""role"": ""explanation"", ""sha256"": ""04add0428dbd0214c646788c9676ef3f5c43f31bedc4c23738a7c83e51f36e53""}]","{""answer_only_scorable"": true, ""benchmark_core"": true, ""counts_toward_headline_score"": true, ""counts_toward_official_topic_score"": true, ""scoring_metric"": ""binary_accuracy"", ""time_limit_minutes"": 30, ""topic_scoring_group"": ""geometry_spatial"", ""track"": ""answer_only_upstream_hard_core""}"
puzzle-ffd8cdcf69bc238f9994,AIME_I 2015 #15,2015,geometry_spatial,,spatial_visualization | euclidean_geometry,numeric_answer,"A block of wood has the shape of a right circular cylinder with radius $6$ and height $8$, and its entire surface has been painted blue. Points $A$ and $B$ are chosen on the edge of one of the circular faces of the cylinder so that $\overarc{AB}$ on that face measures $120^\circ$. The block is then sliced in half along the plane that passes through point $A$, point $B$, and the center of the cylinder, revealing a flat, unpainted face on each half. The area of one of these unpainted faces is $a\cdot\pi + b\sqrt{c}$, where $a$, $b$, and $c$ are integers and $c$ is not divisible by the square of any prime. Find $a+b+c$. [asy] import three; import solids; size(8cm); currentprojection=orthographic(-1,-5,3); picture lpic, rpic; size(lpic,5cm); draw(lpic,surface(revolution((0,0,0),(-3,3*sqrt(3),0)..(0,6,4)..(3,3*sqrt(3),8),Z,0,120)),gray(0.7),nolight); draw(lpic,surface(revolution((0,0,0),(-3*sqrt(3),-3,8)..(-6,0,4)..(-3*sqrt(3),3,0),Z,0,90)),gray(0.7),nolight); draw(lpic,surface((3,3*sqrt(3),8)..(-6,0,8)..(3,-3*sqrt(3),8)--cycle),gray(0.7),nolight); draw(lpic,(3,-3*sqrt(3),8)..(-6,0,8)..(3,3*sqrt(3),8)); draw(lpic,(-3,3*sqrt(3),0)--(-3,-3*sqrt(3),0),dashed); draw(lpic,(3,3*sqrt(3),8)..(0,6,4)..(-3,3*sqrt(3),0)--(-3,3*sqrt(3),0)..(-3*sqrt(3),3,0)..(-6,0,0),dashed); draw(lpic,(3,3*sqrt(3),8)--(3,-3*sqrt(3),8)..(0,-6,4)..(-3,-3*sqrt(3),0)--(-3,-3*sqrt(3),0)..(-3*sqrt(3),-3,0)..(-6,0,0)); draw(lpic,(6*cos(atan(-1/5)+3.14159),6*sin(atan(-1/5)+3.14159),0)--(6*cos(atan(-1/5)+3.14159),6*sin(atan(-1/5)+3.14159),8)); size(rpic,5cm); draw(rpic,surface(revolution((0,0,0),(3,3*sqrt(3),8)..(0,6,4)..(-3,3*sqrt(3),0),Z,230,360)),gray(0.7),nolight); draw(rpic,surface((-3,3*sqrt(3),0)..(6,0,0)..(-3,-3*sqrt(3),0)--cycle),gray(0.7),nolight); draw(rpic,surface((-3,3*sqrt(3),0)..(0,6,4)..(3,3*sqrt(3),8)--(3,3*sqrt(3),8)--(3,-3*sqrt(3),8)--(3,-3*sqrt(3),8)..(0,-6,4)..(-3,-3*sqrt(3),0)--cycle),white,nolight); draw(rpic,(-3,-3*sqrt(3),0)..(-6*cos(atan(-1/5)+3.14159),-6*sin(atan(-1/5)+3.14159),0)..(6,0,0)); draw(rpic,(-6*cos(atan(-1/5)+3.14159),-6*sin(atan(-1/5)+3.14159),0)..(6,0,0)..(-3,3*sqrt(3),0),dashed); draw(rpic,(3,3*sqrt(3),8)--(3,-3*sqrt(3),8)); draw(rpic,(-3,3*sqrt(3),0)..(0,6,4)..(3,3*sqrt(3),8)--(3,3*sqrt(3),8)..(3*sqrt(3),3,8)..(6,0,8)); draw(rpic,(-3,3*sqrt(3),0)--(-3,-3*sqrt(3),0)..(0,-6,4)..(3,-3*sqrt(3),8)--(3,-3*sqrt(3),8)..(3*sqrt(3),-3,8)..(6,0,8)); draw(rpic,(-6*cos(atan(-1/5)+3.14159),-6*sin(atan(-1/5)+3.14159),0)--(-6*cos(atan(-1/5)+3.14159),-6*sin(atan(-1/5)+3.14159),8)); label(rpic,""$A$"",(-3,3*sqrt(3),0),W); label(rpic,""$B$"",(-3,-3*sqrt(3),0),W); add(lpic.fit(),(0,0)); add(rpic.fit(),(1,0)); [/asy]",$53$,"Label the points where the plane intersects the top face of the cylinder as $C$ and $D$, and the center of the cylinder as $O$, such that $C,O,$ and $A$ are collinear. Let $N$ be the center of the bottom face, and $M$ the midpoint of $\overline{AB}$. Then $ON=4$, $MN=3$ (because of the 120 degree angle), and so $OM=5$. 
Project $C$ and $D$ onto the bottom face to get $X$ and $Y$, respectively. Then the section $ABCD$ (whose area we need to find), is a stretching of the section $ABXY$ on the bottom face. The ratio of stretching is $\frac{OM}{MN}=\frac{5}{3}$, and we do not square this value when finding the area because it is only stretching in one direction. Using 30-60-90 triangles and circular sectors, we find that the area of the section $ABXY$ is $18\sqrt{3}\ + 12 \pi$. Thus, the area of section $ABCD$ is $20\pi + 30\sqrt{3}$, and so our answer is $20+30+3=\boxed{53}$.","{""bucket"": ""very_hard""}",needs_review,False,,"{""answer_only_scorable"": true, ""benchmark_core"": true, ""counts_toward_headline_score"": true, ""counts_toward_official_topic_score"": true, ""scoring_metric"": ""binary_accuracy"", ""time_limit_minutes"": 30, ""topic_scoring_group"": ""geometry_spatial"", ""track"": ""answer_only_difficulty_selected_core""}"
