id,source_name,title,date,domain_primary,domain_secondary,reasoning_skills,puzzle_format,question,answer_only,explanation,difficulty,quality_status,requires_assets,evaluation,source,rights
dudeney-amusements-376,Dudeney Public Domain Puzzles,The Four Elopements,1917,logic_constraints,graph_network | optimization,backtracking_search | invariant | pathfinding | state_transition,optimization_challenge | graph_problem,"Four engaged couples A-a, B-b, C-c, D-d must cross from one riverbank to the other in a two-person boat.  There is one island midway, and every leg from a bank to the island, island to bank, or directly bank-to-bank counts as a passage.  No woman may ever be in a boat or at either land location with another man unless her own fiancé is present.  When the boat travels directly from bank to bank, apply the same rule to the boat occupants together with everyone on the island while the boat passes it.  The boat can be rowed by one person.  Find the minimum number of passages.",17 passages,"One optimal state sequence (left bank | island | right bank, with the boat travelling between successive states) is:

    ABCDabcd | -   | -
    ABCDcd   | -   | ab
    ABCDbcd  | -   | a
    ABCDd    | bc  | a
    ABCDcd   | b   | a
    CDcd     | b   | ABa
    BCDcd    | b   | Aa
    BCD      | bcd | Aa
    BCDd     | bc  | Aa
    Dd       | bc  | ABCa
    Dd       | abc | ABC
    Dd       | b   | ABCac
    BDd      | b   | ACac
    d        | b   | ABCDac
    d        | bc  | ABCDa
    d        | -   | ABCDabc
    cd       | -   | ABCDab
    -        | -   | ABCDabcd

Every transition moves one or two people from the boat's current location to another land location, and every state satisfies the jealousy rule.  Dudeney states that the island is necessary for four or more couples, gives this 17-passage route, and notes that published claims of 24 were not minimal.  Exhaustive breadth-first search over safe states supplies the lower-bound check that no 16-passage solution exists.","{""bucket"": ""source_curated_hard_candidate"", ""evidence"": ""This is the four-couple jealous-husbands state graph with an extra island; the optimum is subtle enough that historical sources overstated it by seven passages."", ""hard_core"": false, ""modern_empirical_pilot_pending"": true, ""selection_method"": ""manual_source_read_plus_exact_answer_verification""}",needs_review,False,"{""answer_only_scorable"": true, ""benchmark_core"": false, ""counts_toward_official_topic_score"": false, ""scoring_metric"": ""binary_accuracy"", ""time_limit_minutes"": 30, ""topic_scoring_group"": ""logic_constraints"", ""track"": ""historical_difficulty_candidate""}","{""author"": ""Henry Ernest Dudeney"", ""book_title"": ""Amusements in Mathematics"", ""ebook_url"": ""https://www.gutenberg.org/ebooks/16713"", ""local_upstream_file"": ""research/gutenberg/upstream/pg16713.txt"", ""original_puzzle_number"": 376, ""original_section_title"": ""THE FOUR ELOPEMENTS."", ""plain_text_url"": ""https://www.gutenberg.org/cache/epub/16713/pg16713.txt"", ""publisher_of_digitization"": ""Project Gutenberg"", ""question_source_lines"": [9090, 9153], ""solution_source_lines"": [19313, 19361], ""upstream_sha256"": ""211a254547e147a9c0448121a4558ee9e8a05d550961dc9b6a434d802dee400d""}","{""jurisdiction_caveat"": ""Project Gutenberg's public-domain determination is for the United States. Re-check copyright status and any database/publication obligations in each target jurisdiction."", ""permission_required"": false, ""project_gutenberg_packaging_removed"": true, ""public_domain_us"": true, ""release_track"": ""open_commercial_core"", ""rights_status"": ""project_gutenberg_marks_ebook_public_domain_in_the_usa"", ""trademark_note"": ""Dataset rows do not include Project Gutenberg header/footer, licence boilerplate, or branding; source links and factual provenance are retained.""}"
jane-street-2015-09,Jane Street Monthly Puzzles,Think Of The Children!,2015-09,logic_constraints,number_theory,epistemic_reasoning | factorization | case_analysis | logical_inference | proof_of_uniqueness,logic_grid | proof_problem | numeric_answer,"A well-known logic problem goes something like this: A census-taker (Andy) and a
man (Bob) are having a conversation:
Andy: How many children 18 or younger do you have?
Bob: 3
Andy: How old are they?
Bob: Well, the product of their ages is 72, and the sum of their ages is the same as my address.
Andy: I still can’t determine their ages.
Bob: Oh, I should mention that my oldest child is older than either of my other 2 children.
Andy: Ok, now I know how old your children are.
Instead of 72, what is the next largest number that Bob could have said, such that the rest of the conversation could have proceeded the same way?",288,"In order for the conversation to proceed as it did, the product of the ages of
Bob’s children needs to be able to be factored in 2 different ways, one of which
has the largest 2 factors being the same as each other, and which have the same
sum of factors. For example, with 72, Andy would have been unsure whether Bob’s
children were aged (8,3,3) or (6,6,2) even knowing his address was 14, until
having his final question answered.
The next largest number that satisfies these constraints is
288
. Some submitters
interpreted “next largest” to mean the largest number smaller than 72, not the
smallest number larger than 72. Since this was a bit vague, we accepted 36 as
correct as well.
One of the most popular incorrect answers was 225, with the thought that Bob’s
children could have been (25,3,3) or (15,15,1). However, 25 is too old to be a
child!
Congratulations to all of the correct responders, especially Alice Scarpa, this
month’s randomly-chosen winner of a Jane Street t-shirt!","{""bucket"": ""collection_override_hard_candidate"", ""evidence"": ""Jane Street monthly puzzle collection; unified difficulty calibration pending""}",machine_checked,False,"{""answer_only_scorable"": true, ""benchmark_core"": true, ""counts_toward_official_topic_score"": true, ""scoring_metric"": ""binary_accuracy"", ""time_limit_minutes"": 30, ""topic_scoring_group"": ""logic_constraints"", ""track"": ""answer_only_collection_core""}","{""publisher"": ""Jane Street Group, LLC"", ""question_url"": ""https://www.janestreet.com/puzzles/think-of-the-children-index/"", ""retrieved_at"": ""2026-09-21T09:12:27.202282+00:00"", ""solution_url"": ""https://www.janestreet.com/puzzles/think-of-the-children-solution""}","{""permission_required"": true, ""redistribution_scope"": ""restricted_staging_only"", ""release_track"": ""restricted_permission_required"", ""rights_status"": ""pending_direct_permission""}"
jane-street-2015-12,Jane Street Monthly Puzzles,Professor Rando,2015-12,logic_constraints,probability_stochastic | number_theory,epistemic_reasoning | conditional_probability | case_analysis | exhaustive_search | logical_inference,logic_grid | probabilistic_process | game_strategy,"Professor Rando has 4 grad students, Daphne, Max, Mindy, and Sam. The professor
proposes the following game: he generates two random integers independently and
uniformly from 1 to 5 (inclusive), and then tells each of his students a
different fact about the two numbers. He tells:
Daphne the absolute difference of the integers,
Max the maximum of the integers,
Mindy the minimum of the integers, and
Sam the sum of the integers.
Then, each day until the game ends, he congregates his students and asks them,
in alphabetical order, for the identity of the two integers. Each student has
only one chance to answer each day, when she or he is called upon. Each student
answers ONLY when the answer is definitively known to him or her, and otherwise
gives no answer that day. All of the students know this, and there is no
collusion. Once a student gives an answer (which will be correct), that student
wins and the game ends.
How likely is each student to win?",Daphne 1/5; Max 6/25; Mindy 6/25; Sam 8/25,"The chances that the 4 students win are:
Daphne: 1/5
Max: 6/25
Mindy: 6/25
Sam: 8/25
Someone always wins, although it might take more than one day. Note that
Professor Rando only draws his numbers once, not each day, and also note that
Professor Rando is twice as likely to draw any given set of 2 different numbers
than he is to draw any given set of 2 identical numbers. We’ll leave out a more
thorough explanation for now, since January’s puzzle also relates to Professor
Rando.
Congratulations to everyone who submitted a correct solution this month,
especially Neil Alberg, this month’s randomly-selected winner of a Jane Street
t-shirt!","{""bucket"": ""collection_override_hard_candidate"", ""evidence"": ""Jane Street monthly puzzle collection; unified difficulty calibration pending""}",machine_checked,False,"{""answer_only_scorable"": true, ""benchmark_core"": true, ""counts_toward_official_topic_score"": true, ""scoring_metric"": ""binary_accuracy"", ""time_limit_minutes"": 30, ""topic_scoring_group"": ""logic_constraints"", ""track"": ""answer_only_collection_core""}","{""publisher"": ""Jane Street Group, LLC"", ""question_url"": ""https://www.janestreet.com/puzzles/professor-rando-index/"", ""retrieved_at"": ""2026-09-21T09:12:25.379407+00:00"", ""solution_url"": ""https://www.janestreet.com/puzzles/professor-rando-solution""}","{""permission_required"": true, ""redistribution_scope"": ""restricted_staging_only"", ""release_track"": ""restricted_permission_required"", ""rights_status"": ""pending_direct_permission""}"
jane-street-2016-01,Jane Street Monthly Puzzles,Professor Rando Redux,2016-01,logic_constraints,number_theory | game_theory_strategy,epistemic_reasoning | state_transition | case_analysis | proof_by_contradiction | exhaustive_search,logic_grid | game_strategy | proof_problem,"You may have noticed from December’s puzzle that if Professor Rando selects his
two integers uniformly from the range 1 to N, where N > 5, there is some chance
that the game never ends.
But, the professor has recently gotten a very bright new pupil, Tim, who wants
to be included in the game. Rando decides the game will work similarly as
before:
For some positive integer N, he generates two random integers independently and
uniformly from 1 to N (inclusive), and then tells each of his students a
different fact about the two numbers. He tells:
Daphne the absolute difference of the integers,
Max the maximum of the
integers,
Mindy the minimum of the integers,
Sam the sum of the integers, and
Tim the product of the integers.
Then, each day until the game ends, he congregates his students and asks them,
in alphabetical order, for the identity of the two integers. Each student has
only one chance to answer each day, when she or he is called upon. Each student
answers ONLY when the answer is definitively known to him or her, and otherwise
gives no answer that day. All of the students know this, and there is no
collusion. Once a student gives an answer (which will be correct), that student
wins and the game ends.
Will this game always eventually end? If so, submit “yes”. If not, submit the
smallest N such that the game might not necessarily ever end.",The game need not end; for N ≥ 15 there are choices that continue forever,"The game does not always end! When N = 15 (or higher), there are numbers
Professor Rando could pick such that the game would never end.
Congratulations to all of this month’s correct solvers, especially Mdavis, this
month’s randomly-selected winner of a Jane Street t-shirt!","{""bucket"": ""collection_override_hard_candidate"", ""evidence"": ""Jane Street monthly puzzle collection; unified difficulty calibration pending""}",machine_checked,False,"{""answer_only_scorable"": true, ""benchmark_core"": true, ""counts_toward_official_topic_score"": true, ""scoring_metric"": ""binary_accuracy"", ""time_limit_minutes"": 30, ""topic_scoring_group"": ""logic_constraints"", ""track"": ""answer_only_collection_core""}","{""publisher"": ""Jane Street Group, LLC"", ""question_url"": ""https://www.janestreet.com/puzzles/professor-rando-redux-index/"", ""retrieved_at"": ""2026-09-21T09:12:24.525076+00:00"", ""solution_url"": ""https://www.janestreet.com/puzzles/professor-rando-redux-solution""}","{""permission_required"": true, ""redistribution_scope"": ""restricted_staging_only"", ""release_track"": ""restricted_permission_required"", ""rights_status"": ""pending_direct_permission""}"
jane-street-2016-06,Jane Street Monthly Puzzles,Get Out The Vote,2016-06,logic_constraints,number_theory | combinatorics,apportionment_reasoning | case_analysis | exact_arithmetic | logical_inference | proof_of_uniqueness,logic_grid | numeric_answer | proof_problem,"Primary elections in the micro-state of Neverland!
This state follows the following rules: let
D
be the number of delegates to be
elected,
N
the total number of votes and
X
i
the number of ballots cast for each
candidate
i
. Initially, each candidate gets assigned Floor(
D
*
X
i
/
N
) delegates
where Floor() is the standard floor function. Then, the remaining delegates (if
any) get assigned in decreasing order of the remainders
D
*
X
i
/
N
– Floor(
D
*
X
i
/
N
).
That is, if there are
K
remaining delegates, the
K
candidates who have the
largest remainders
D
*
X
i
/
N
– Floor(
D
*
X
i
/
N
) will each receive a delegate.
After counting the votes, 102 ballots were found, none of which were invalid or
void, and the only three candidates Harry, Larry, and Mary got assigned 2, 2,
and 3 delegates respectively.
Later on, an audit commission found two mistakes were made:
1.
There were 8 delegates to assign, not 7.
2.
A 103rd ballot had been missed, with an extra vote for Harry.
After correcting for those errors, the final results show that Harry
lost
one delegate.
Harry is outraged! How could this happen??
How many votes did each candidate
receive in this election?","(Harry, Larry, Mary) = (20,34,48)","The only way in which Harry could have lost a delegate in this fashion would be
for the original vote counts to have been (Harry, Larry, Mary) = (20,34,48).
Originally Harry’s remainder is the highest of the 3, but after adding the extra
delegate and his extra vote, Harry’s becomes the lowest of the 3!
Congratulations to all of this month’s correct solvers!","{""bucket"": ""collection_override_hard_candidate"", ""evidence"": ""Jane Street monthly puzzle collection; unified difficulty calibration pending""}",machine_checked,False,"{""answer_only_scorable"": true, ""benchmark_core"": true, ""counts_toward_official_topic_score"": true, ""scoring_metric"": ""binary_accuracy"", ""time_limit_minutes"": 30, ""topic_scoring_group"": ""logic_constraints"", ""track"": ""answer_only_collection_core""}","{""publisher"": ""Jane Street Group, LLC"", ""question_url"": ""https://www.janestreet.com/puzzles/get-out-the-vote-index/"", ""retrieved_at"": ""2026-09-21T09:12:21.905440+00:00"", ""solution_url"": ""https://www.janestreet.com/puzzles/get-out-the-vote-solution""}","{""permission_required"": true, ""redistribution_scope"": ""restricted_staging_only"", ""release_track"": ""restricted_permission_required"", ""rights_status"": ""pending_direct_permission""}"
puzzleworld-80s-puzzle-1ee86b108d,PuzzleWorld,80s Puzzle,,logic_constraints,mixed_meta,logical_inference | constraint_propagation | external_knowledge_linking | anagramming | indexing_extraction | spatial_visualization,word_puzzle,"Title: 80s Puzzle

During the reception, Pat and Chris reflected on significant people and products from their favorite decade - the eighties! Strange how one topic of conversation can be twisted into another.

The complete puzzle statement and its visual/structured clues are in the required question asset(s):
- https://huggingface.co/datasets/hzli1202/PuzzleWorld/resolve/23a11d81b89ff4d39525a8867a99285e4c7dee61/data/80s_Puzzle/content.png

Return the short canonical final answer.","EVANGELIST, EVILS AGENT","1. Each sentence clue is a sentence that describes a famous figure, product, or phrase from the 1980s. In order, they are: MOTLEY CRUE, ME CRUEL TOY, DAVID LETTERMAN, NERD AMID LATE TV, MADONNA LOUISE CICCONE, ONE COOL DANCE MUSICIAN, GENE SIMMONS, IMMENSE SONG, GEORGE BUSH, HE BUGS GORE, MARGARET THATCHER, THAT GREAT CHARMER, RONALD WILSON REAGAN, INSANE ANGLO WARLORD, THE APPLE MACINTOSH, MACHINES APT TO HELP. PRINCESS DIANA, END IS A CAR SPIN, BRUCE SPRINGSTEEN, CREEP BRINGS TUNES.

2. The pairs of clues formed by sentences in the same paragraph are anagrams of each other, as hinted by the flavor text. They can be used to figure out the clued phrases/people.

3. Fill the clued figures, products, and phrases into the table on the second page. Clues gathered from the first sentences of each paragraph can be filled into the top set of boxes, while those from the second sentences can be filled into the bottom set.
   Reasoning figure: https://huggingface.co/datasets/hzli1202/PuzzleWorld/resolve/23a11d81b89ff4d39525a8867a99285e4c7dee61/data/80s_Puzzle/figure1.png

4. Extract the letters from the bolded boxes to form the final answers, EVANGELIST and EVILS AGENT.","{""bucket"": ""hard"", ""evidence"": ""upstream PuzzleWorld label""}",needs_review,True,"{""answer_only_scorable"": true, ""benchmark_core"": true, ""counts_toward_official_topic_score"": true, ""scoring_metric"": ""binary_accuracy"", ""time_limit_minutes"": 30, ""topic_scoring_group"": ""logic_constraints"", ""track"": ""answer_only_upstream_hard_core""}","{""collection"": ""PuzzleWorld"", ""dataset_revision"": ""23a11d81b89ff4d39525a8867a99285e4c7dee61"", ""dataset_url"": ""https://huggingface.co/datasets/hzli1202/PuzzleWorld"", ""metadata_url"": ""https://huggingface.co/datasets/hzli1202/PuzzleWorld/resolve/23a11d81b89ff4d39525a8867a99285e4c7dee61/all_metadata.jsonl"", ""original_puzzled_pint_url"": null, ""publisher"": ""MIT-MI / PuzzleWorld authors"", ""repository_revision_audited"": ""0a8fbcbd33c86a29a37f7348e1eb40315e17f5c2"", ""repository_url"": ""https://github.com/MIT-MI/PuzzleWorld""}","{""license"": {""dataset_card_evidence_url"": ""https://huggingface.co/datasets/hzli1202/PuzzleWorld/raw/23a11d81b89ff4d39525a8867a99285e4c7dee61/README.md"", ""name"": ""Creative Commons Attribution-NonCommercial-ShareAlike 4.0 International"", ""original_publisher_evidence_url"": ""https://puzzledpint.org/volunteering/write-puzzles/#license"", ""scope_note"": ""The pinned Hugging Face card front matter and repository tag say cc-by-nc-sa-4.0. Puzzled Pint states that all submitted puzzles use CC BY-NC-SA 4.0 and that authors retain copyright."", ""spdx"": ""CC-BY-NC-SA-4.0"", ""url"": ""https://creativecommons.org/licenses/by-nc-sa/4.0/""}, ""noncommercial"": true, ""permission_required_for_commercial"": true, ""redistribution_scope"": ""noncommercial_sharealike_only"", ""release_track"": ""noncommercial_sharealike"", ""rights_status"": ""cc_by_nc_sa_4_0_noncommercial_attribution_review_required"", ""share_alike_required"": true}"
puzzleworld-a-fierce-crime-994ee03297,PuzzleWorld,A Fierce Crime,,logic_constraints,cryptography_ciphers | mixed_meta,logical_inference | constraint_propagation | encoding_decoding | indexing_extraction | meta_extraction | external_knowledge_linking,image_puzzle | meta_puzzle,"Title: A Fierce Crime

Thank goodness you're here, detectives! I'm the curator of the Museum of Famous Sequences, and I need your help. Someone has stolen pieces from a handful of our most irreplaceable items, leaving them on the floor in this weird pattern. They left a calling card: “the Queen was here.” Who would do such a thing?

The complete puzzle statement and its visual/structured clues are in the required question asset(s):
- https://huggingface.co/datasets/hzli1202/PuzzleWorld/resolve/23a11d81b89ff4d39525a8867a99285e4c7dee61/data/Bonus/content.png

Return the short canonical final answer.",BEYONCE,"1. Identify the missing elements in the given famous sequences.

2. Convert numbers to their corresponding letters using a standard mapping.

3. Arrange the letters in order of which sequence started most to the left, e.g. '2, 10, 18, 36, 54, 86' starts most to the left, so 2 is the first blank filled in.","{""bucket"": ""hard"", ""evidence"": ""upstream PuzzleWorld label""}",needs_review,True,"{""answer_only_scorable"": true, ""benchmark_core"": true, ""counts_toward_official_topic_score"": true, ""scoring_metric"": ""binary_accuracy"", ""time_limit_minutes"": 30, ""topic_scoring_group"": ""logic_constraints"", ""track"": ""answer_only_upstream_hard_core""}","{""collection"": ""PuzzleWorld"", ""dataset_revision"": ""23a11d81b89ff4d39525a8867a99285e4c7dee61"", ""dataset_url"": ""https://huggingface.co/datasets/hzli1202/PuzzleWorld"", ""metadata_url"": ""https://huggingface.co/datasets/hzli1202/PuzzleWorld/resolve/23a11d81b89ff4d39525a8867a99285e4c7dee61/all_metadata.jsonl"", ""original_puzzled_pint_url"": ""https://puzzledpint.org/archive-puzzles/puzzles-september-2019/"", ""publisher"": ""MIT-MI / PuzzleWorld authors"", ""repository_revision_audited"": ""0a8fbcbd33c86a29a37f7348e1eb40315e17f5c2"", ""repository_url"": ""https://github.com/MIT-MI/PuzzleWorld""}","{""license"": {""dataset_card_evidence_url"": ""https://huggingface.co/datasets/hzli1202/PuzzleWorld/raw/23a11d81b89ff4d39525a8867a99285e4c7dee61/README.md"", ""name"": ""Creative Commons Attribution-NonCommercial-ShareAlike 4.0 International"", ""original_publisher_evidence_url"": ""https://puzzledpint.org/volunteering/write-puzzles/#license"", ""scope_note"": ""The pinned Hugging Face card front matter and repository tag say cc-by-nc-sa-4.0. Puzzled Pint states that all submitted puzzles use CC BY-NC-SA 4.0 and that authors retain copyright."", ""spdx"": ""CC-BY-NC-SA-4.0"", ""url"": ""https://creativecommons.org/licenses/by-nc-sa/4.0/""}, ""noncommercial"": true, ""permission_required_for_commercial"": true, ""redistribution_scope"": ""noncommercial_sharealike_only"", ""release_track"": ""noncommercial_sharealike"", ""rights_status"": ""cc_by_nc_sa_4_0_noncommercial_attribution_review_required"", ""share_alike_required"": true}"
puzzleworld-a-still-tongue-6bd96b0bae,PuzzleWorld,A Still Tongue,,logic_constraints,word_language | cryptography_ciphers,logical_inference | constraint_propagation | wordplay | lexical_search | encoding_decoding | indexing_extraction | meta_extraction,image_puzzle | word_puzzle | meta_puzzle,"Title: A Still Tongue

unmutualism. more, you must now agree, than just a game

The complete puzzle statement and its visual/structured clues are in the required question asset(s):
- https://huggingface.co/datasets/hzli1202/PuzzleWorld/resolve/23a11d81b89ff4d39525a8867a99285e4c7dee61/data/Still-Tongue/content.png

Return the short canonical final answer.",IM A FOOL NOT A RAT,"1. Start with the first pair of words 'hook' and 'crook' in the upper left circle. Cancel out the shared letters between them to get 'rch'. This needs an 'i' to spell 'RICH'.

2. Find the circle containing the 'RICH' symbols and continue the process. In each case, the upper left word has four letters, the upper right has five, they share three letters, and the bottom word is those three shared letters plus a missing letter.

3. Read all the missing letters from left to right, top to bottom, to reveal the message 'IM A FOOL NOT A RAT'","{""bucket"": ""hard"", ""evidence"": ""upstream PuzzleWorld label""}",needs_review,True,"{""answer_only_scorable"": true, ""benchmark_core"": true, ""counts_toward_official_topic_score"": true, ""scoring_metric"": ""binary_accuracy"", ""time_limit_minutes"": 30, ""topic_scoring_group"": ""logic_constraints"", ""track"": ""answer_only_upstream_hard_core""}","{""collection"": ""PuzzleWorld"", ""dataset_revision"": ""23a11d81b89ff4d39525a8867a99285e4c7dee61"", ""dataset_url"": ""https://huggingface.co/datasets/hzli1202/PuzzleWorld"", ""metadata_url"": ""https://huggingface.co/datasets/hzli1202/PuzzleWorld/resolve/23a11d81b89ff4d39525a8867a99285e4c7dee61/all_metadata.jsonl"", ""original_puzzled_pint_url"": ""https://puzzledpint.org/archive-files/1314/9844/0958/still_tongue.pdf"", ""publisher"": ""MIT-MI / PuzzleWorld authors"", ""repository_revision_audited"": ""0a8fbcbd33c86a29a37f7348e1eb40315e17f5c2"", ""repository_url"": ""https://github.com/MIT-MI/PuzzleWorld""}","{""license"": {""dataset_card_evidence_url"": ""https://huggingface.co/datasets/hzli1202/PuzzleWorld/raw/23a11d81b89ff4d39525a8867a99285e4c7dee61/README.md"", ""name"": ""Creative Commons Attribution-NonCommercial-ShareAlike 4.0 International"", ""original_publisher_evidence_url"": ""https://puzzledpint.org/volunteering/write-puzzles/#license"", ""scope_note"": ""The pinned Hugging Face card front matter and repository tag say cc-by-nc-sa-4.0. Puzzled Pint states that all submitted puzzles use CC BY-NC-SA 4.0 and that authors retain copyright."", ""spdx"": ""CC-BY-NC-SA-4.0"", ""url"": ""https://creativecommons.org/licenses/by-nc-sa/4.0/""}, ""noncommercial"": true, ""permission_required_for_commercial"": true, ""redistribution_scope"": ""noncommercial_sharealike_only"", ""release_track"": ""noncommercial_sharealike"", ""rights_status"": ""cc_by_nc_sa_4_0_noncommercial_attribution_review_required"", ""share_alike_required"": true}"
puzzleworld-a-transformative-experience-00e1b4cf89,PuzzleWorld,A Transformative Experience,,logic_constraints,word_language | geometry_spatial | cryptography_ciphers,logical_inference | constraint_propagation | wordplay | lexical_search | spatial_visualization | visual_decoding | encoding_decoding | indexing_extraction | meta_extraction,multi_part | word_puzzle | meta_puzzle | logic_grid,"Title: A Transformative Experience

When you think of the North Atlantic Treaty Organization, you might think of a <u>large</u>, <u>assertive</u> <u>group</u> of nations willing to <u>fight</u> to defend one another. This group also has a code named after it. Spell out the name of this code in this code, then complete the transformations below using only real words and names. A few linked letters may help you along the way. If done correctly, the final four words arranged alphabetically mean '<u>group</u>,' '<u>large</u>,' '<u>assertive</u>,' and '<u>fight</u>,' respectively. Good job. You *shifted* your way through that quite nicely. If you've accomplished all that, then...

The complete puzzle statement and its visual/structured clues are in the required question asset(s):
- https://huggingface.co/datasets/hzli1202/PuzzleWorld/resolve/23a11d81b89ff4d39525a8867a99285e4c7dee61/data/A_Transformative_Experience/content.png

Return the short canonical final answer.",BRAVO,"1. Write out North Atlantic Treaty Organization acronym (NATO) using the NATO code alphabet in the first line of the grid. That's NOVEMBER, ALFA, TANGO, OSCAR.

2. Following the instruction on the left, fill in the second line by changing all F's to PH's, giving NOVEMBER, ALPHA, TANGO, OSCAR.

3. Following the instruction on the left, fill in the third line by changing words to different member of the same group, giving JUNE, TAU, SWING, GROVER.

4. Following the instruction on the left, fill in the fourth line by changing the last letter of each word, giving JUNK, TAX, SWINE, GROVEL.

5. Following the instruction on the left, fill in the fifth line by changing each word to a synonym, giving TRASH, LEVY, PIG, CRAWL.

6. Following the instruction on the left, fill in the sixth line by changing the first letter of all words to be the same, giving BRASH, BEVY, BIG, BRAWL.

7. Highlight the letters appearing in boxes with numbers in them, as shown in the figure.
   Reasoning figure: https://huggingface.co/datasets/hzli1202/PuzzleWorld/resolve/23a11d81b89ff4d39525a8867a99285e4c7dee61/data/A_Transformative_Experience/figure_1.png

8. Shift the highlighted letters forward or backward in alphabetical order according to the numbers in the boxes, giving KUDOS THE ANSWER IS CODE FOR B.

9. Identify that the NATO code for B is BRAVO, which is the answer.","{""bucket"": ""hard"", ""evidence"": ""upstream PuzzleWorld label""}",needs_review,True,"{""answer_only_scorable"": true, ""benchmark_core"": true, ""counts_toward_official_topic_score"": true, ""scoring_metric"": ""binary_accuracy"", ""time_limit_minutes"": 30, ""topic_scoring_group"": ""logic_constraints"", ""track"": ""answer_only_upstream_hard_core""}","{""collection"": ""PuzzleWorld"", ""dataset_revision"": ""23a11d81b89ff4d39525a8867a99285e4c7dee61"", ""dataset_url"": ""https://huggingface.co/datasets/hzli1202/PuzzleWorld"", ""metadata_url"": ""https://huggingface.co/datasets/hzli1202/PuzzleWorld/resolve/23a11d81b89ff4d39525a8867a99285e4c7dee61/all_metadata.jsonl"", ""original_puzzled_pint_url"": ""https://puzzledpint.org/wp-content/uploads/2023/02/1-4-Main-Set-v6.pdf"", ""publisher"": ""MIT-MI / PuzzleWorld authors"", ""repository_revision_audited"": ""0a8fbcbd33c86a29a37f7348e1eb40315e17f5c2"", ""repository_url"": ""https://github.com/MIT-MI/PuzzleWorld""}","{""license"": {""dataset_card_evidence_url"": ""https://huggingface.co/datasets/hzli1202/PuzzleWorld/raw/23a11d81b89ff4d39525a8867a99285e4c7dee61/README.md"", ""name"": ""Creative Commons Attribution-NonCommercial-ShareAlike 4.0 International"", ""original_publisher_evidence_url"": ""https://puzzledpint.org/volunteering/write-puzzles/#license"", ""scope_note"": ""The pinned Hugging Face card front matter and repository tag say cc-by-nc-sa-4.0. Puzzled Pint states that all submitted puzzles use CC BY-NC-SA 4.0 and that authors retain copyright."", ""spdx"": ""CC-BY-NC-SA-4.0"", ""url"": ""https://creativecommons.org/licenses/by-nc-sa/4.0/""}, ""noncommercial"": true, ""permission_required_for_commercial"": true, ""redistribution_scope"": ""noncommercial_sharealike_only"", ""release_track"": ""noncommercial_sharealike"", ""rights_status"": ""cc_by_nc_sa_4_0_noncommercial_attribution_review_required"", ""share_alike_required"": true}"
puzzleworld-alternative-timelines-4514cc74eb,PuzzleWorld,Alternative Timelines,,logic_constraints,geometry_spatial | cryptography_ciphers,logical_inference | constraint_propagation | spatial_visualization | visual_decoding | encoding_decoding | indexing_extraction | meta_extraction,image_puzzle | multi_part | meta_puzzle | logic_grid,"Title: Alternative Timelines

Pascal moved back and forth in time when he got hungry. Interconnect the various scenarios to build Pascal's Triangle.

The complete puzzle statement and its visual/structured clues are in the required question asset(s):
- https://huggingface.co/datasets/hzli1202/PuzzleWorld/resolve/23a11d81b89ff4d39525a8867a99285e4c7dee61/data/Timelines/content1.png
- https://huggingface.co/datasets/hzli1202/PuzzleWorld/resolve/23a11d81b89ff4d39525a8867a99285e4c7dee61/data/Timelines/content2.png

Return the short canonical final answer.",TWIST,"1. Recognize the cards can be organized as an equilateral triangle (5 pictures on each side). Focusing on the left side of the cards, various stories are read from top to bottom, and each story can logically be continued by heading either left or right.

2. Observe that the first/top picture is of the hungry boy. The next line has “decide on a dinner” and “decide on a snack”. The third line has him thinking of cheese/crackers, pasta, and pizza. The fourth line has a shopping list with crackers, cheese, fresh marinara, and spaghetti to the shopping list. The final line has the crackers in a grocery store, the boy thinking about how his shopping list starts with 'c', the picture of a grocery store cooler, the graphic of a grocery store aisle of dry items, and a person praying to the FSM.

3. Use the pictures on the right side of each card and index them using Pascal's Triangle to get ANSWERWORDTWIST.

4. Extract the answer as TWIST.","{""bucket"": ""hard"", ""evidence"": ""upstream PuzzleWorld label""}",needs_review,True,"{""answer_only_scorable"": true, ""benchmark_core"": true, ""counts_toward_official_topic_score"": true, ""scoring_metric"": ""binary_accuracy"", ""time_limit_minutes"": 30, ""topic_scoring_group"": ""logic_constraints"", ""track"": ""answer_only_upstream_hard_core""}","{""collection"": ""PuzzleWorld"", ""dataset_revision"": ""23a11d81b89ff4d39525a8867a99285e4c7dee61"", ""dataset_url"": ""https://huggingface.co/datasets/hzli1202/PuzzleWorld"", ""metadata_url"": ""https://huggingface.co/datasets/hzli1202/PuzzleWorld/resolve/23a11d81b89ff4d39525a8867a99285e4c7dee61/all_metadata.jsonl"", ""original_puzzled_pint_url"": ""https://puzzledpint.org/archive-files/9813/3634/9497/2012-04_-_Timelines.pdf"", ""publisher"": ""MIT-MI / PuzzleWorld authors"", ""repository_revision_audited"": ""0a8fbcbd33c86a29a37f7348e1eb40315e17f5c2"", ""repository_url"": ""https://github.com/MIT-MI/PuzzleWorld""}","{""license"": {""dataset_card_evidence_url"": ""https://huggingface.co/datasets/hzli1202/PuzzleWorld/raw/23a11d81b89ff4d39525a8867a99285e4c7dee61/README.md"", ""name"": ""Creative Commons Attribution-NonCommercial-ShareAlike 4.0 International"", ""original_publisher_evidence_url"": ""https://puzzledpint.org/volunteering/write-puzzles/#license"", ""scope_note"": ""The pinned Hugging Face card front matter and repository tag say cc-by-nc-sa-4.0. Puzzled Pint states that all submitted puzzles use CC BY-NC-SA 4.0 and that authors retain copyright."", ""spdx"": ""CC-BY-NC-SA-4.0"", ""url"": ""https://creativecommons.org/licenses/by-nc-sa/4.0/""}, ""noncommercial"": true, ""permission_required_for_commercial"": true, ""redistribution_scope"": ""noncommercial_sharealike_only"", ""release_track"": ""noncommercial_sharealike"", ""rights_status"": ""cc_by_nc_sa_4_0_noncommercial_attribution_review_required"", ""share_alike_required"": true}"
puzzleworld-ancient-ruins-16bad29123,PuzzleWorld,Ancient Ruins,,logic_constraints,geometry_spatial,logical_inference | constraint_propagation | spatial_visualization | visual_decoding | information_synthesis | pathfinding,multi_part | logic_grid | path_route,"Title: Ancient Ruins

The upstream record has no separate flavor-text transcription.

The complete puzzle statement and its visual/structured clues are in the required question asset(s):
- https://huggingface.co/datasets/hzli1202/PuzzleWorld/resolve/23a11d81b89ff4d39525a8867a99285e4c7dee61/data/ancient_ruins/content.png

Return the short canonical final answer.",PRIMORDIAL,"1. This is a logic puzzle where you must determine how to use every door on the grid exactly once and how many gems you need to enter each chamber, and how many gems you must start with.

2. In the top left chamber, the number must be a perfect square. In the middle chamber, the number must start with an f sound. In the bottom left chamber, the visitor must have the same number of gems every time. In the bottom right chamber, the number must be a multiple of three. In the top right chamber, the number must be an odd number.

3. Solve the logic puzzle by going through doors and adding/subtracting the indicated number of gems and fulfilling all conditions given by the chambers.
   Reasoning figure: https://huggingface.co/datasets/hzli1202/PuzzleWorld/resolve/23a11d81b89ff4d39525a8867a99285e4c7dee61/data/ancient_ruins/figure_1.png

4. The number of gems held along the path are all between 1-26, convert these to letters to get the answer.","{""bucket"": ""hard"", ""evidence"": ""upstream PuzzleWorld label""}",needs_review,True,"{""answer_only_scorable"": true, ""benchmark_core"": true, ""counts_toward_official_topic_score"": true, ""scoring_metric"": ""binary_accuracy"", ""time_limit_minutes"": 30, ""topic_scoring_group"": ""logic_constraints"", ""track"": ""answer_only_upstream_hard_core""}","{""collection"": ""PuzzleWorld"", ""dataset_revision"": ""23a11d81b89ff4d39525a8867a99285e4c7dee61"", ""dataset_url"": ""https://huggingface.co/datasets/hzli1202/PuzzleWorld"", ""metadata_url"": ""https://huggingface.co/datasets/hzli1202/PuzzleWorld/resolve/23a11d81b89ff4d39525a8867a99285e4c7dee61/all_metadata.jsonl"", ""original_puzzled_pint_url"": ""https://puzzledpint.org/wp-content/uploads/2023/12/CYOA_MainSet1.pdf"", ""publisher"": ""MIT-MI / PuzzleWorld authors"", ""repository_revision_audited"": ""0a8fbcbd33c86a29a37f7348e1eb40315e17f5c2"", ""repository_url"": ""https://github.com/MIT-MI/PuzzleWorld""}","{""license"": {""dataset_card_evidence_url"": ""https://huggingface.co/datasets/hzli1202/PuzzleWorld/raw/23a11d81b89ff4d39525a8867a99285e4c7dee61/README.md"", ""name"": ""Creative Commons Attribution-NonCommercial-ShareAlike 4.0 International"", ""original_publisher_evidence_url"": ""https://puzzledpint.org/volunteering/write-puzzles/#license"", ""scope_note"": ""The pinned Hugging Face card front matter and repository tag say cc-by-nc-sa-4.0. Puzzled Pint states that all submitted puzzles use CC BY-NC-SA 4.0 and that authors retain copyright."", ""spdx"": ""CC-BY-NC-SA-4.0"", ""url"": ""https://creativecommons.org/licenses/by-nc-sa/4.0/""}, ""noncommercial"": true, ""permission_required_for_commercial"": true, ""redistribution_scope"": ""noncommercial_sharealike_only"", ""release_track"": ""noncommercial_sharealike"", ""rights_status"": ""cc_by_nc_sa_4_0_noncommercial_attribution_review_required"", ""share_alike_required"": true}"
puzzleworld-another-day-at-the-office-2b4cb5f325,PuzzleWorld,Another Day at the Office,,logic_constraints,mixed_meta,logical_inference | constraint_propagation | external_knowledge_linking | information_synthesis,image_puzzle,"Title: Another Day at the Office

Jim and Pam took a three hour lunch break. The boss's friend saw them at a bar and told the boss that his coworkers spent several hours drinking pitchers of beer and playing games. When Jim and Pam got back to the office, their boss confronted them. Jim: ""Only one game of darts, I promise. We spent the rest of the time talking about work. And I'm so sober I remember the entire game. Pam went first and hit a 40, 52, and 48. I followed with a 54, 39, and 38. Pam got a 50, 32, and 31, which I returned with a 49, 41, and 45. Pam threw a 20, 27, and 44 on her third round, and I had a 36, 20, and 44. My dismal round was met by a 57, 38, and 41 by Pam. My fourth set was a 22, 26, and 37. And then Pam hit a bullseye to end the game."" The boss knew they were lying to him. And he knew what they did on their lunch break. What was it?

The complete puzzle statement and its visual/structured clues are in the required question asset(s):
- https://huggingface.co/datasets/hzli1202/PuzzleWorld/resolve/23a11d81b89ff4d39525a8867a99285e4c7dee61/data/Another_Day_at_the_Office/content.png

Return the short canonical final answer.",ZERO WORK,"1. Notice that some of the scores in the flavortext are impossible to hit in a traditional dartboard scoring setting.

2. Manipulate/subtract each score by 26 so that every impossible score is in the 1-26 range.

3. Convert each score to a letter using A1Z26.

4. Reading out the letters in Pam's game and Jim's game seperately gives the final answer ""ZERO WORK"".","{""bucket"": ""hard"", ""evidence"": ""upstream PuzzleWorld label""}",needs_review,True,"{""answer_only_scorable"": true, ""benchmark_core"": true, ""counts_toward_official_topic_score"": true, ""scoring_metric"": ""binary_accuracy"", ""time_limit_minutes"": 30, ""topic_scoring_group"": ""logic_constraints"", ""track"": ""answer_only_upstream_hard_core""}","{""collection"": ""PuzzleWorld"", ""dataset_revision"": ""23a11d81b89ff4d39525a8867a99285e4c7dee61"", ""dataset_url"": ""https://huggingface.co/datasets/hzli1202/PuzzleWorld"", ""metadata_url"": ""https://huggingface.co/datasets/hzli1202/PuzzleWorld/resolve/23a11d81b89ff4d39525a8867a99285e4c7dee61/all_metadata.jsonl"", ""original_puzzled_pint_url"": ""https://puzzledpint.org/archive-files/7512/9883/5473/Another_Day_at_the_Office.pdf"", ""publisher"": ""MIT-MI / PuzzleWorld authors"", ""repository_revision_audited"": ""0a8fbcbd33c86a29a37f7348e1eb40315e17f5c2"", ""repository_url"": ""https://github.com/MIT-MI/PuzzleWorld""}","{""license"": {""dataset_card_evidence_url"": ""https://huggingface.co/datasets/hzli1202/PuzzleWorld/raw/23a11d81b89ff4d39525a8867a99285e4c7dee61/README.md"", ""name"": ""Creative Commons Attribution-NonCommercial-ShareAlike 4.0 International"", ""original_publisher_evidence_url"": ""https://puzzledpint.org/volunteering/write-puzzles/#license"", ""scope_note"": ""The pinned Hugging Face card front matter and repository tag say cc-by-nc-sa-4.0. Puzzled Pint states that all submitted puzzles use CC BY-NC-SA 4.0 and that authors retain copyright."", ""spdx"": ""CC-BY-NC-SA-4.0"", ""url"": ""https://creativecommons.org/licenses/by-nc-sa/4.0/""}, ""noncommercial"": true, ""permission_required_for_commercial"": true, ""redistribution_scope"": ""noncommercial_sharealike_only"", ""release_track"": ""noncommercial_sharealike"", ""rights_status"": ""cc_by_nc_sa_4_0_noncommercial_attribution_review_required"", ""share_alike_required"": true}"
puzzleworld-apple-picking-898c0d1f59,PuzzleWorld,Apple Picking,,logic_constraints,word_language,logical_inference | constraint_propagation | wordplay | lexical_search | word_search | indexing_extraction | exhaustive_search,image_puzzle | multi_part | word_puzzle | logic_grid | word_search,"Title: Apple Picking

You arrive at the apple orchard, and my word, are you ready to search for some apples. They have apples of all different types here! You've come lookking for some specific apples inside of some specific things (you're very particular about where your apples are grown). Make sure that you always start or end with an apple. After all, an apple a day keeps the doctor away.

The complete puzzle statement and its visual/structured clues are in the required question asset(s):
- https://huggingface.co/datasets/hzli1202/PuzzleWorld/resolve/23a11d81b89ff4d39525a8867a99285e4c7dee61/data/apple_picking/content.png

Return the short canonical final answer.",NEW HEIGHTS,"1. Find words in the word search that begin or end with an apple. All words must end or begin with an apple.
   Reasoning figure: https://huggingface.co/datasets/hzli1202/PuzzleWorld/resolve/23a11d81b89ff4d39525a8867a99285e4c7dee61/data/apple_picking/figure1.png

2. Extract the unused letters to spell out: APPLES, AMBROSIA BALDWIN BRAEBURN CAMEO EMPIRE ENVY FUJI GALA GRANNY SMITH HONEY CRISP JONATHAN LIBERTY PAZAZZ PINK LADY RED DELICIOUS SNOW WINESAP.

3. Using the phrases/words in the word search, find the word corresponding with each clue. In order, they are: BALDWIN, EMPIRE, ENVY, FUJI, GALA, SWIFT, LIBERTY, WHITE.

4. Extract the letters with numbers under them and place them in ascending numerical order to derive the final solution: NEW HEIGHTS.","{""bucket"": ""hard"", ""evidence"": ""upstream PuzzleWorld label""}",needs_review,True,"{""answer_only_scorable"": true, ""benchmark_core"": true, ""counts_toward_official_topic_score"": true, ""scoring_metric"": ""binary_accuracy"", ""time_limit_minutes"": 30, ""topic_scoring_group"": ""logic_constraints"", ""track"": ""answer_only_upstream_hard_core""}","{""collection"": ""PuzzleWorld"", ""dataset_revision"": ""23a11d81b89ff4d39525a8867a99285e4c7dee61"", ""dataset_url"": ""https://huggingface.co/datasets/hzli1202/PuzzleWorld"", ""metadata_url"": ""https://huggingface.co/datasets/hzli1202/PuzzleWorld/resolve/23a11d81b89ff4d39525a8867a99285e4c7dee61/all_metadata.jsonl"", ""original_puzzled_pint_url"": null, ""publisher"": ""MIT-MI / PuzzleWorld authors"", ""repository_revision_audited"": ""0a8fbcbd33c86a29a37f7348e1eb40315e17f5c2"", ""repository_url"": ""https://github.com/MIT-MI/PuzzleWorld""}","{""license"": {""dataset_card_evidence_url"": ""https://huggingface.co/datasets/hzli1202/PuzzleWorld/raw/23a11d81b89ff4d39525a8867a99285e4c7dee61/README.md"", ""name"": ""Creative Commons Attribution-NonCommercial-ShareAlike 4.0 International"", ""original_publisher_evidence_url"": ""https://puzzledpint.org/volunteering/write-puzzles/#license"", ""scope_note"": ""The pinned Hugging Face card front matter and repository tag say cc-by-nc-sa-4.0. Puzzled Pint states that all submitted puzzles use CC BY-NC-SA 4.0 and that authors retain copyright."", ""spdx"": ""CC-BY-NC-SA-4.0"", ""url"": ""https://creativecommons.org/licenses/by-nc-sa/4.0/""}, ""noncommercial"": true, ""permission_required_for_commercial"": true, ""redistribution_scope"": ""noncommercial_sharealike_only"", ""release_track"": ""noncommercial_sharealike"", ""rights_status"": ""cc_by_nc_sa_4_0_noncommercial_attribution_review_required"", ""share_alike_required"": true}"
puzzleworld-aspirational-guest-list-b560831051,PuzzleWorld,Aspirational Guest List,,logic_constraints,mixed_meta,logical_inference | constraint_propagation | external_knowledge_linking | information_synthesis | indexing_extraction,image_puzzle,"Title: Aspirational Guest List

Pat and Chris created an aspirational guest list. They assigned point values to various characteristics""...They decided the cutoff for being invited was getting at least 8 points. The list was just a fun exercise, though an inversion from the regular wedding planning grind. The whole wedding process was a long...

The complete puzzle statement and its visual/structured clues are in the required question asset(s):
- https://huggingface.co/datasets/hzli1202/PuzzleWorld/resolve/23a11d81b89ff4d39525a8867a99285e4c7dee61/data/Guest_List/content.png

Return the short canonical final answer.",JOURNEY,"1. Match each person in the array of photos with their real name
   Reasoning figure: https://huggingface.co/datasets/hzli1202/PuzzleWorld/resolve/23a11d81b89ff4d39525a8867a99285e4c7dee61/data/Guest_List/figure1.png

2. Assign each person with a point value based on the flavor text

3. Notice that each row has 5 pictures, which forms a binary string based on the person's point value. A person is 1 if their point value is above 7 points, otherwise they are a 1.

4. Extract the answer by transforming the binary strings to letters, giving the final answer ""JOURNEY"".","{""bucket"": ""hard"", ""evidence"": ""upstream PuzzleWorld label""}",needs_review,True,"{""answer_only_scorable"": true, ""benchmark_core"": true, ""counts_toward_official_topic_score"": true, ""scoring_metric"": ""binary_accuracy"", ""time_limit_minutes"": 30, ""topic_scoring_group"": ""logic_constraints"", ""track"": ""answer_only_upstream_hard_core""}","{""collection"": ""PuzzleWorld"", ""dataset_revision"": ""23a11d81b89ff4d39525a8867a99285e4c7dee61"", ""dataset_url"": ""https://huggingface.co/datasets/hzli1202/PuzzleWorld"", ""metadata_url"": ""https://huggingface.co/datasets/hzli1202/PuzzleWorld/resolve/23a11d81b89ff4d39525a8867a99285e4c7dee61/all_metadata.jsonl"", ""original_puzzled_pint_url"": ""https://puzzledpint.org/archive-files/5613/2909/6327/2012-02_-_Aspirational_Guest_List_Narration.pdf"", ""publisher"": ""MIT-MI / PuzzleWorld authors"", ""repository_revision_audited"": ""0a8fbcbd33c86a29a37f7348e1eb40315e17f5c2"", ""repository_url"": ""https://github.com/MIT-MI/PuzzleWorld""}","{""license"": {""dataset_card_evidence_url"": ""https://huggingface.co/datasets/hzli1202/PuzzleWorld/raw/23a11d81b89ff4d39525a8867a99285e4c7dee61/README.md"", ""name"": ""Creative Commons Attribution-NonCommercial-ShareAlike 4.0 International"", ""original_publisher_evidence_url"": ""https://puzzledpint.org/volunteering/write-puzzles/#license"", ""scope_note"": ""The pinned Hugging Face card front matter and repository tag say cc-by-nc-sa-4.0. Puzzled Pint states that all submitted puzzles use CC BY-NC-SA 4.0 and that authors retain copyright."", ""spdx"": ""CC-BY-NC-SA-4.0"", ""url"": ""https://creativecommons.org/licenses/by-nc-sa/4.0/""}, ""noncommercial"": true, ""permission_required_for_commercial"": true, ""redistribution_scope"": ""noncommercial_sharealike_only"", ""release_track"": ""noncommercial_sharealike"", ""rights_status"": ""cc_by_nc_sa_4_0_noncommercial_attribution_review_required"", ""share_alike_required"": true}"
puzzleworld-balnor-s-bag-50308d0402,PuzzleWorld,Balnor's Bag,,logic_constraints,cryptography_ciphers | word_language,logical_inference | constraint_propagation | encoding_decoding | indexing_extraction | meta_extraction | wordplay | lexical_search,image_puzzle | word_puzzle | meta_puzzle,"Title: Balnor's Bag

On our heroes' travels, Beverly Toegold picked out a card from a Deck of Many Things. The card he picked just happened to summon a halfling fighter named Balnor. Though weaker than the rest of the crew, Balnor the Brave became a crucial part of the team. One of his most important jobs was to watch the Bag of Holding, a bag that contains a portal to the Astral Plane. However, Balnor just checked the bag, and it is empty! Instead, there is a pile of items lying on the ground, and Balnor must figure out which ones were originally in the bag. Help Balnor categorize these objects into two categories: those that were in the bag, and those that were not. Only then will you figure out what he was doing when the bag was turned inside out.

The complete puzzle statement and its visual/structured clues are in the required question asset(s):
- https://huggingface.co/datasets/hzli1202/PuzzleWorld/resolve/23a11d81b89ff4d39525a8867a99285e4c7dee61/data/Balnors_Bag/content.png

Return the short canonical final answer.",DAYDREAM,"1. The puzzle presents two lists: 'EMPTY BAG' (items not in the bag) and 'FULL BAG' (items in the bag), with cryptic clues for words.

2. Each clue corresponds to a picture in the grid of images. We need to solve each clue and determine which image matches it.

3. For the 'EMPTY BAG' section, the clue 'Highest card in poker (3)' refers to ACE, which matches the playing card image.

4. Similarly, 'Engage in karaoke (4)' is SING, 'Place to sleep (3)' is BED, and so on for all the 'EMPTY BAG' clues.

5. For the 'FULL BAG' section, 'Per customer, or a portion for each (6)' is APIECE, 'Turning about, on or off (9)' is SWITCHING, and so on.

6. The solution shows that we need to use binary code, where items in the bag (circled in the solution) are represented as 1s, and items not in the bag are 0s.

7. Reading the grid from left to right, top to bottom, and assigning 1 to circled items and 0 to non-circled items gives us a binary sequence.

8. Converting this binary sequence to ASCII text reveals the word DAYDREAM, which is what Balnor was doing when the bag was turned inside out.","{""bucket"": ""hard"", ""evidence"": ""upstream PuzzleWorld label""}",needs_review,True,"{""answer_only_scorable"": true, ""benchmark_core"": true, ""counts_toward_official_topic_score"": true, ""scoring_metric"": ""binary_accuracy"", ""time_limit_minutes"": 30, ""topic_scoring_group"": ""logic_constraints"", ""track"": ""answer_only_upstream_hard_core""}","{""collection"": ""PuzzleWorld"", ""dataset_revision"": ""23a11d81b89ff4d39525a8867a99285e4c7dee61"", ""dataset_url"": ""https://huggingface.co/datasets/hzli1202/PuzzleWorld"", ""metadata_url"": ""https://huggingface.co/datasets/hzli1202/PuzzleWorld/resolve/23a11d81b89ff4d39525a8867a99285e4c7dee61/all_metadata.jsonl"", ""original_puzzled_pint_url"": null, ""publisher"": ""MIT-MI / PuzzleWorld authors"", ""repository_revision_audited"": ""0a8fbcbd33c86a29a37f7348e1eb40315e17f5c2"", ""repository_url"": ""https://github.com/MIT-MI/PuzzleWorld""}","{""license"": {""dataset_card_evidence_url"": ""https://huggingface.co/datasets/hzli1202/PuzzleWorld/raw/23a11d81b89ff4d39525a8867a99285e4c7dee61/README.md"", ""name"": ""Creative Commons Attribution-NonCommercial-ShareAlike 4.0 International"", ""original_publisher_evidence_url"": ""https://puzzledpint.org/volunteering/write-puzzles/#license"", ""scope_note"": ""The pinned Hugging Face card front matter and repository tag say cc-by-nc-sa-4.0. Puzzled Pint states that all submitted puzzles use CC BY-NC-SA 4.0 and that authors retain copyright."", ""spdx"": ""CC-BY-NC-SA-4.0"", ""url"": ""https://creativecommons.org/licenses/by-nc-sa/4.0/""}, ""noncommercial"": true, ""permission_required_for_commercial"": true, ""redistribution_scope"": ""noncommercial_sharealike_only"", ""release_track"": ""noncommercial_sharealike"", ""rights_status"": ""cc_by_nc_sa_4_0_noncommercial_attribution_review_required"", ""share_alike_required"": true}"
puzzleworld-basic-graphs-a162f9877c,PuzzleWorld,Basic Graphs,,logic_constraints,word_language,logical_inference | constraint_propagation | wordplay | lexical_search,image_puzzle | multi_part | word_puzzle | logic_grid,"Title: Basic Graphs

Line segments connect two points. Look closely to find the properties that connect them.

The complete puzzle statement and its visual/structured clues are in the required question asset(s):
- https://huggingface.co/datasets/hzli1202/PuzzleWorld/resolve/23a11d81b89ff4d39525a8867a99285e4c7dee61/data/Basic_Graphs/content.png

Return the short canonical final answer.",PLOT WORK,"1. The puzzle shows a series of example words, each with a line connecting two points on a grid. You need to identify what properties connect to each point on the grid.

2. Analyze the example words and notice patterns. For instance, every word connected to the top left point contains the letter 'X' (like MATRIX, STYX, SEXTANT).

3. Similarly, words connected to other points share common properties. For example, words connected to another point might all be palindromes (like REDDER, REFER).

4. By examining all example words, determine that each corner or edge of the grid represents a specific word property.

5. The complete set of properties are: Words containing X, Words with no vowels (no A, E, I, O, or U), Palindromes, Words starting with M, Verbs, Words with letters in alphabetical order, Words ending with T, and Words with doubled letters.

6. Now take the new sets of words provided at the bottom of the page and determine which properties each word has.

7. For each word, draw a line between the points representing its properties. For example, 'BOXY' would connect the 'Contains X' point to the 'Alphabetical order' point.
   Reasoning figure: https://huggingface.co/datasets/hzli1202/PuzzleWorld/resolve/23a11d81b89ff4d39525a8867a99285e4c7dee61/data/Basic_Graphs/figure1.png

8. Draw lines for all the given words across all boxes. The pattern of lines in each box will form letters.
   Reasoning figure: https://huggingface.co/datasets/hzli1202/PuzzleWorld/resolve/23a11d81b89ff4d39525a8867a99285e4c7dee61/data/Basic_Graphs/figure1.png

9. Reading these letters in order spells out 'PLOT WORK', which is the answer.","{""bucket"": ""hard"", ""evidence"": ""upstream PuzzleWorld label""}",needs_review,True,"{""answer_only_scorable"": true, ""benchmark_core"": true, ""counts_toward_official_topic_score"": true, ""scoring_metric"": ""binary_accuracy"", ""time_limit_minutes"": 30, ""topic_scoring_group"": ""logic_constraints"", ""track"": ""answer_only_upstream_hard_core""}","{""collection"": ""PuzzleWorld"", ""dataset_revision"": ""23a11d81b89ff4d39525a8867a99285e4c7dee61"", ""dataset_url"": ""https://huggingface.co/datasets/hzli1202/PuzzleWorld"", ""metadata_url"": ""https://huggingface.co/datasets/hzli1202/PuzzleWorld/resolve/23a11d81b89ff4d39525a8867a99285e4c7dee61/all_metadata.jsonl"", ""original_puzzled_pint_url"": null, ""publisher"": ""MIT-MI / PuzzleWorld authors"", ""repository_revision_audited"": ""0a8fbcbd33c86a29a37f7348e1eb40315e17f5c2"", ""repository_url"": ""https://github.com/MIT-MI/PuzzleWorld""}","{""license"": {""dataset_card_evidence_url"": ""https://huggingface.co/datasets/hzli1202/PuzzleWorld/raw/23a11d81b89ff4d39525a8867a99285e4c7dee61/README.md"", ""name"": ""Creative Commons Attribution-NonCommercial-ShareAlike 4.0 International"", ""original_publisher_evidence_url"": ""https://puzzledpint.org/volunteering/write-puzzles/#license"", ""scope_note"": ""The pinned Hugging Face card front matter and repository tag say cc-by-nc-sa-4.0. Puzzled Pint states that all submitted puzzles use CC BY-NC-SA 4.0 and that authors retain copyright."", ""spdx"": ""CC-BY-NC-SA-4.0"", ""url"": ""https://creativecommons.org/licenses/by-nc-sa/4.0/""}, ""noncommercial"": true, ""permission_required_for_commercial"": true, ""redistribution_scope"": ""noncommercial_sharealike_only"", ""release_track"": ""noncommercial_sharealike"", ""rights_status"": ""cc_by_nc_sa_4_0_noncommercial_attribution_review_required"", ""share_alike_required"": true}"
puzzleworld-birthday-candles-c1614bccc7,PuzzleWorld,Birthday Candles,,logic_constraints,geometry_spatial,logical_inference | constraint_propagation | spatial_visualization | visual_decoding,image_puzzle | multi_part | logic_grid,"Title: Birthday Candles

Enter a number of any value into each empty square in the puzzle grid. Each number must form part of a continuous region of squares of size specified by the number. Regions of the same number cannot share a border. Once you have all the numbers filled in, blow out the even candles.

The complete puzzle statement and its visual/structured clues are in the required question asset(s):
- https://huggingface.co/datasets/hzli1202/PuzzleWorld/resolve/23a11d81b89ff4d39525a8867a99285e4c7dee61/data/Birthday_Candles/content.png

Return the short canonical final answer.",GRIFT,"1. This puzzle presents a grid with some numbers already filled in. Each number represents a region of connected squares, and the size of the region must equal the number itself.

2. For example, every 5 in the grid must be part of a continuous region containing exactly 5 squares, all labeled with 5.

3. Additionally, regions with the same number cannot share a border, though they can touch diagonally.

4. Start by identifying the constraints - which numbers are already placed in the grid - and work outward to logically fill in the remaining squares.

5. Use techniques like: if a number has limited open spaces around it, those spaces must contain that number; if a region is growing and approaches its size limit, it must be closed off.

6. Continue this logical process until the entire grid is filled with numbers, ensuring that each region has the correct size and doesn't violate the border rule.

7. Once the grid is completely filled, follow the instruction to 'blow out the even candles' - this means to ignore all even numbers (2, 4, 6, 8) in the grid.

8. When the even numbers are removed (or shaded), the remaining odd numbers (1, 3, 5, 7, 9) form a pattern in the grid.

9. Reading this pattern reveals the word 'GRIFT' spelled out by the arrangement of the remaining odd-numbered candles.","{""bucket"": ""hard"", ""evidence"": ""upstream PuzzleWorld label""}",needs_review,True,"{""answer_only_scorable"": true, ""benchmark_core"": true, ""counts_toward_official_topic_score"": true, ""scoring_metric"": ""binary_accuracy"", ""time_limit_minutes"": 30, ""topic_scoring_group"": ""logic_constraints"", ""track"": ""answer_only_upstream_hard_core""}","{""collection"": ""PuzzleWorld"", ""dataset_revision"": ""23a11d81b89ff4d39525a8867a99285e4c7dee61"", ""dataset_url"": ""https://huggingface.co/datasets/hzli1202/PuzzleWorld"", ""metadata_url"": ""https://huggingface.co/datasets/hzli1202/PuzzleWorld/resolve/23a11d81b89ff4d39525a8867a99285e4c7dee61/all_metadata.jsonl"", ""original_puzzled_pint_url"": null, ""publisher"": ""MIT-MI / PuzzleWorld authors"", ""repository_revision_audited"": ""0a8fbcbd33c86a29a37f7348e1eb40315e17f5c2"", ""repository_url"": ""https://github.com/MIT-MI/PuzzleWorld""}","{""license"": {""dataset_card_evidence_url"": ""https://huggingface.co/datasets/hzli1202/PuzzleWorld/raw/23a11d81b89ff4d39525a8867a99285e4c7dee61/README.md"", ""name"": ""Creative Commons Attribution-NonCommercial-ShareAlike 4.0 International"", ""original_publisher_evidence_url"": ""https://puzzledpint.org/volunteering/write-puzzles/#license"", ""scope_note"": ""The pinned Hugging Face card front matter and repository tag say cc-by-nc-sa-4.0. Puzzled Pint states that all submitted puzzles use CC BY-NC-SA 4.0 and that authors retain copyright."", ""spdx"": ""CC-BY-NC-SA-4.0"", ""url"": ""https://creativecommons.org/licenses/by-nc-sa/4.0/""}, ""noncommercial"": true, ""permission_required_for_commercial"": true, ""redistribution_scope"": ""noncommercial_sharealike_only"", ""release_track"": ""noncommercial_sharealike"", ""rights_status"": ""cc_by_nc_sa_4_0_noncommercial_attribution_review_required"", ""share_alike_required"": true}"
puzzleworld-board-game-mixed-doubles-272d23c121,PuzzleWorld,Board Game Mixed Doubles,,logic_constraints,word_language | cryptography_ciphers | mixed_meta,logical_inference | constraint_propagation | wordplay | lexical_search | encoding_decoding | indexing_extraction | meta_extraction | external_knowledge_linking | crossword_solving,multi_part | word_puzzle | meta_puzzle | logic_grid | crossword,"Title: Board Game Mixed Doubles

In mixed doubles crosswords, each Across clue has a matching Across clue with the same answer, and each Down clue has a matching Down clue with the same answer. Once you find two matching clues, add up their clue numbers to get the location in the crossword. This mixed doubles crossword has one more rule: each board game clue always pairs with a clue not about board games. Hint: Look up the board games you don't know on www.boardgamegeek.com.

The complete puzzle statement and its visual/structured clues are in the required question asset(s):
- https://huggingface.co/datasets/hzli1202/PuzzleWorld/resolve/23a11d81b89ff4d39525a8867a99285e4c7dee61/data/Board_Game_Mixed_Doubles/content.png

Return the short canonical final answer.",YOUR TURN,"1. Start by examining both the Across and Down clues. The puzzle tells us that each Across clue has a matching Across clue with the same answer, and each Down clue has a matching Down clue with the same answer. Additionally, each board game clue always pairs with a non-board game clue.

2. For the Across clues, find matching pairs. For example: 'Tourist attraction in Giza' and 'Solid with mostly triangular faces' both have the answer 'PYRAMID'; 'Smaug, for example' and 'D&D baddie' both have the answer 'DRAGON'; and so on.

3. For the Down clues, find matching pairs. For example: 'Tzolk'in moving board pieces' and 'Mechanical device components' both have the answer 'GEARS'; 'Queen Elizabeth II, for example' and 'Dominion player role' both have the answer 'MONARCH'; and so on.

4. Once you've identified each pair of clues with the same answer, add up their clue numbers to get the location in the crossword. For instance, if 'Tourist attraction in Giza' is Across clue 1 and 'Solid with mostly triangular faces' is Across clue 8, then the answer 'PYRAMID' should go in position 9 on the grid.

5. Add up all the paired clue numbers to determine where in the crossword grid each answer should be placed. For example: Across pairs (1+8=9 for PYRAMID, 2+4=6 for DRAGON, 3+9=12 for EUROPE, etc.) and Down pairs (1+6=7 for GEARS, 2+9=11 for MONARCH, 3+10=13 for QUESTS, etc.).

6. Fill in the crossword grid using the answers at the positions determined by adding up the clue numbers of each pair. For example, place PYRAMID at position 9, DRAGON at position 6, and so on.

7. As you complete the crossword grid, you'll see that specific letter positions begin to form a phrase. Reading these letters in order reveals the final answer 'YOUR TURN', which is appropriately thematic as it's a common phrase used in board games to indicate it's the next player's turn.","{""bucket"": ""hard"", ""evidence"": ""upstream PuzzleWorld label""}",needs_review,True,"{""answer_only_scorable"": true, ""benchmark_core"": true, ""counts_toward_official_topic_score"": true, ""scoring_metric"": ""binary_accuracy"", ""time_limit_minutes"": 30, ""topic_scoring_group"": ""logic_constraints"", ""track"": ""answer_only_upstream_hard_core""}","{""collection"": ""PuzzleWorld"", ""dataset_revision"": ""23a11d81b89ff4d39525a8867a99285e4c7dee61"", ""dataset_url"": ""https://huggingface.co/datasets/hzli1202/PuzzleWorld"", ""metadata_url"": ""https://huggingface.co/datasets/hzli1202/PuzzleWorld/resolve/23a11d81b89ff4d39525a8867a99285e4c7dee61/all_metadata.jsonl"", ""original_puzzled_pint_url"": null, ""publisher"": ""MIT-MI / PuzzleWorld authors"", ""repository_revision_audited"": ""0a8fbcbd33c86a29a37f7348e1eb40315e17f5c2"", ""repository_url"": ""https://github.com/MIT-MI/PuzzleWorld""}","{""license"": {""dataset_card_evidence_url"": ""https://huggingface.co/datasets/hzli1202/PuzzleWorld/raw/23a11d81b89ff4d39525a8867a99285e4c7dee61/README.md"", ""name"": ""Creative Commons Attribution-NonCommercial-ShareAlike 4.0 International"", ""original_publisher_evidence_url"": ""https://puzzledpint.org/volunteering/write-puzzles/#license"", ""scope_note"": ""The pinned Hugging Face card front matter and repository tag say cc-by-nc-sa-4.0. Puzzled Pint states that all submitted puzzles use CC BY-NC-SA 4.0 and that authors retain copyright."", ""spdx"": ""CC-BY-NC-SA-4.0"", ""url"": ""https://creativecommons.org/licenses/by-nc-sa/4.0/""}, ""noncommercial"": true, ""permission_required_for_commercial"": true, ""redistribution_scope"": ""noncommercial_sharealike_only"", ""release_track"": ""noncommercial_sharealike"", ""rights_status"": ""cc_by_nc_sa_4_0_noncommercial_attribution_review_required"", ""share_alike_required"": true}"
puzzleworld-bog-of-eternal-stench-b1da1d05d7,PuzzleWorld,Bog of Eternal Stench,,logic_constraints,word_language | geometry_spatial | mixed_meta,logical_inference | constraint_propagation | wordplay | lexical_search | spatial_visualization | visual_decoding | external_knowledge_linking | crossword_solving | indexing_extraction,image_puzzle | multi_part | word_puzzle | logic_grid | crossword,"Title: Bog of Eternal Stench

Hoggle, if she ever kisses you, I'll turn you into a prince...Prince of the Land of Stench.

The complete puzzle statement and its visual/structured clues are in the required question asset(s):
- https://huggingface.co/datasets/hzli1202/PuzzleWorld/resolve/23a11d81b89ff4d39525a8867a99285e4c7dee61/data/BogOfEternalStench/content.png

Return the short canonical final answer.",AVOID SPHERES,"1. Complete the crossword using the key to the left The numbers in parethesis indicate the length of the word(s) that answer the hint.
   Reasoning figure: https://huggingface.co/datasets/hzli1202/PuzzleWorld/resolve/23a11d81b89ff4d39525a8867a99285e4c7dee61/data/BogOfEternalStench/figure1.png

2. Identify the remaining unused letters in the grid.

3. Identify that every letter in row major order of the crossword corresponds to single word in the paragraph to the right.
   Reasoning figure: https://huggingface.co/datasets/hzli1202/PuzzleWorld/resolve/23a11d81b89ff4d39525a8867a99285e4c7dee61/data/BogOfEternalStench/figure2.png

4. Map each uncovered letter to its same-index word in the paragraph to fill in the blanks below.

5. Use the filled in blanks on the left side of the arrows to identify the word they describe on the right side of the arrow.
   Reasoning figure: https://huggingface.co/datasets/hzli1202/PuzzleWorld/resolve/23a11d81b89ff4d39525a8867a99285e4c7dee61/data/BogOfEternalStench/figure3.png","{""bucket"": ""hard"", ""evidence"": ""upstream PuzzleWorld label""}",needs_review,True,"{""answer_only_scorable"": true, ""benchmark_core"": true, ""counts_toward_official_topic_score"": true, ""scoring_metric"": ""binary_accuracy"", ""time_limit_minutes"": 30, ""topic_scoring_group"": ""logic_constraints"", ""track"": ""answer_only_upstream_hard_core""}","{""collection"": ""PuzzleWorld"", ""dataset_revision"": ""23a11d81b89ff4d39525a8867a99285e4c7dee61"", ""dataset_url"": ""https://huggingface.co/datasets/hzli1202/PuzzleWorld"", ""metadata_url"": ""https://huggingface.co/datasets/hzli1202/PuzzleWorld/resolve/23a11d81b89ff4d39525a8867a99285e4c7dee61/all_metadata.jsonl"", ""original_puzzled_pint_url"": ""https://puzzledpint.org/archive-puzzles/puzzles-september-2018/"", ""publisher"": ""MIT-MI / PuzzleWorld authors"", ""repository_revision_audited"": ""0a8fbcbd33c86a29a37f7348e1eb40315e17f5c2"", ""repository_url"": ""https://github.com/MIT-MI/PuzzleWorld""}","{""license"": {""dataset_card_evidence_url"": ""https://huggingface.co/datasets/hzli1202/PuzzleWorld/raw/23a11d81b89ff4d39525a8867a99285e4c7dee61/README.md"", ""name"": ""Creative Commons Attribution-NonCommercial-ShareAlike 4.0 International"", ""original_publisher_evidence_url"": ""https://puzzledpint.org/volunteering/write-puzzles/#license"", ""scope_note"": ""The pinned Hugging Face card front matter and repository tag say cc-by-nc-sa-4.0. Puzzled Pint states that all submitted puzzles use CC BY-NC-SA 4.0 and that authors retain copyright."", ""spdx"": ""CC-BY-NC-SA-4.0"", ""url"": ""https://creativecommons.org/licenses/by-nc-sa/4.0/""}, ""noncommercial"": true, ""permission_required_for_commercial"": true, ""redistribution_scope"": ""noncommercial_sharealike_only"", ""release_track"": ""noncommercial_sharealike"", ""rights_status"": ""cc_by_nc_sa_4_0_noncommercial_attribution_review_required"", ""share_alike_required"": true}"
puzzleworld-bonus-form-5d0d76fca3,PuzzleWorld,Bonus: Form &,,logic_constraints,mixed_meta,logical_inference | constraint_propagation | external_knowledge_linking | indexing_extraction | combinatorial_counting,multi_part | logic_grid,"Title: Bonus: Form &

Count the number of ampersands in each font and use them to index into the font name, then compute the average to derive the final solution.

The complete puzzle statement and its visual/structured clues are in the required question asset(s):
- https://huggingface.co/datasets/hzli1202/PuzzleWorld/resolve/23a11d81b89ff4d39525a8867a99285e4c7dee61/data/bonus_form_and/content.png

Return the short canonical final answer.",GILBERT SULLIVAN,"1. Count the number of '&' symbols in each font provided for the top and middle 'chunks' of ampersand symbols.

2. Use each chuck's font count to index a letter out of their font names. This should spell COMPUTE for the first chunk and AVERAGE for the second chunk.

3. Compute the average of the two counts within the same font and index again.

4. Use these average indexes to finally index into the fant names at the bottom. The extracted letters should spell: GILBERT SULLIVAN.","{""bucket"": ""hard"", ""evidence"": ""upstream PuzzleWorld label""}",needs_review,True,"{""answer_only_scorable"": true, ""benchmark_core"": true, ""counts_toward_official_topic_score"": true, ""scoring_metric"": ""binary_accuracy"", ""time_limit_minutes"": 30, ""topic_scoring_group"": ""logic_constraints"", ""track"": ""answer_only_upstream_hard_core""}","{""collection"": ""PuzzleWorld"", ""dataset_revision"": ""23a11d81b89ff4d39525a8867a99285e4c7dee61"", ""dataset_url"": ""https://huggingface.co/datasets/hzli1202/PuzzleWorld"", ""metadata_url"": ""https://huggingface.co/datasets/hzli1202/PuzzleWorld/resolve/23a11d81b89ff4d39525a8867a99285e4c7dee61/all_metadata.jsonl"", ""original_puzzled_pint_url"": ""https://puzzledpint.org/archive-puzzles/puzzles-may-2018/"", ""publisher"": ""MIT-MI / PuzzleWorld authors"", ""repository_revision_audited"": ""0a8fbcbd33c86a29a37f7348e1eb40315e17f5c2"", ""repository_url"": ""https://github.com/MIT-MI/PuzzleWorld""}","{""license"": {""dataset_card_evidence_url"": ""https://huggingface.co/datasets/hzli1202/PuzzleWorld/raw/23a11d81b89ff4d39525a8867a99285e4c7dee61/README.md"", ""name"": ""Creative Commons Attribution-NonCommercial-ShareAlike 4.0 International"", ""original_publisher_evidence_url"": ""https://puzzledpint.org/volunteering/write-puzzles/#license"", ""scope_note"": ""The pinned Hugging Face card front matter and repository tag say cc-by-nc-sa-4.0. Puzzled Pint states that all submitted puzzles use CC BY-NC-SA 4.0 and that authors retain copyright."", ""spdx"": ""CC-BY-NC-SA-4.0"", ""url"": ""https://creativecommons.org/licenses/by-nc-sa/4.0/""}, ""noncommercial"": true, ""permission_required_for_commercial"": true, ""redistribution_scope"": ""noncommercial_sharealike_only"", ""release_track"": ""noncommercial_sharealike"", ""rights_status"": ""cc_by_nc_sa_4_0_noncommercial_attribution_review_required"", ""share_alike_required"": true}"
puzzleworld-broken-gems-f873029e2d,PuzzleWorld,Broken Gems,,logic_constraints,word_language | cryptography_ciphers,logical_inference | constraint_propagation | wordplay | lexical_search | encoding_decoding | indexing_extraction | meta_extraction,image_puzzle | multi_part | word_puzzle | meta_puzzle | logic_grid,"Title: Broken Gems

Several gems have been slightly broken, and ended up resembling new words. Steven tried to help change them back, but his healing powers went awry and transformed the clues of the words instead! Figure out the word being clued, then apply the transformation to fix the gem. If you're successful, you'll reveal what all these gems have given Steven in return.

The complete puzzle statement and its visual/structured clues are in the required question asset(s):
- https://huggingface.co/datasets/hzli1202/PuzzleWorld/resolve/23a11d81b89ff4d39525a8867a99285e4c7dee61/data/Broken_Gems/content.png

Return the short canonical final answer.",SEMI PRECIOUS MEMORIES,"1. Recognize property that each clue is modified in one particular way. For instance, in the example clue shown in the figure, each word has an extra L in front of it. Thus, the word being hinted at by the words, 'PEAR', must also have an L added to it, to form the clue 'PEARL'.
   Reasoning figure: https://huggingface.co/datasets/hzli1202/PuzzleWorld/resolve/23a11d81b89ff4d39525a8867a99285e4c7dee61/data/Broken_Gems/figure1.png

2. Apply the above logic to each clue. In top-to-bottom order, each clue has the following modification, clued word, and its conversion: replace the first letter with a 'J', CASPER is converted to JASPER; delete the last letter of each word and add the second letter to the beginning of each word, GATES is converted to AGATE; add the letter 'M' to the beginning of each word then move the second-to-last letter to the beginning of each word, BEAR is converted to AMBER; switch the order of the last and second-to-last letters, then add the letter 'T' to the end, PERIOD is converted to PERIDOT; replace every instance of the letter 'R' with 'P', ORAL is converted to OPAL; reverse the order of every word and add the letter B to the beginning of each word, LYRE is converted to BERYL; switch the order of the second and third letter of each word and add the letter 'E' before the last letter of each word, GRANT is converted to GARNET; replace all instances of the letter 'A' with 'I' and 'C' with 'L', convert LATRINE to CITRINE; *SKIP CLUE 9*, add the letter after the first letter to the beginning of the word and the letter before the last letter to the end of the word, convert AQUARIUM to AQUAMARINE; replace the last two letters of each word with the letter 'Z', convert QUARTER to QUARTZ; move all letters between the third letter and second-to-last letter (inclusive) to the beginning of the word and add the letter 'Y' before the last letter and the first letter of the original word after the last letter, convert THAMES to AMETHYST; replace each instance of the letter 'E' with 'IA', then add the first letter of each word to the end of the word, convert DEMON to DIAMOND; replace every instance of the letter 'W' with 'J', convert WADE to JADE; switch the order of the third and fourth letter, then add a letter 'S' after the fourth letter, convert MONOTONE to MOONSTONE; move the first letter of the word to the end of the word, then add the letter before it in the alphabet to the end of the word, convert ATOP to TOPAZ; reverse the order of all but the last letter of each word, convert BURY to RUBY; replace each instance of the letter 'D' with 'N' and 'L' with 'R', convert SPIDER to SPINEL; remove the first letter and add the first letter of the resulting word followed by 'M' to the beginning of the word, convert HERALD to EMERALD; take the letter before the third letter in the alphabet and add it before the third letter, add a copy of the second letter after the second letter, then insert the letter 'A' after the first letter of the word; convert SPIRE to SAPPHIRE.

3. Each clued word has a hexagon around one of its letters. Extract each letter to spell 'SEMI PRECIOUS MEMORIES', the solution
   Reasoning figure: https://huggingface.co/datasets/hzli1202/PuzzleWorld/resolve/23a11d81b89ff4d39525a8867a99285e4c7dee61/data/Broken_Gems/figure2.png","{""bucket"": ""hard"", ""evidence"": ""upstream PuzzleWorld label""}",needs_review,True,"{""answer_only_scorable"": true, ""benchmark_core"": true, ""counts_toward_official_topic_score"": true, ""scoring_metric"": ""binary_accuracy"", ""time_limit_minutes"": 30, ""topic_scoring_group"": ""logic_constraints"", ""track"": ""answer_only_upstream_hard_core""}","{""collection"": ""PuzzleWorld"", ""dataset_revision"": ""23a11d81b89ff4d39525a8867a99285e4c7dee61"", ""dataset_url"": ""https://huggingface.co/datasets/hzli1202/PuzzleWorld"", ""metadata_url"": ""https://huggingface.co/datasets/hzli1202/PuzzleWorld/resolve/23a11d81b89ff4d39525a8867a99285e4c7dee61/all_metadata.jsonl"", ""original_puzzled_pint_url"": ""https://puzzledpint.org/archive-files/9316/2050/5016/Bonus_-_Steven_Universe.pdf"", ""publisher"": ""MIT-MI / PuzzleWorld authors"", ""repository_revision_audited"": ""0a8fbcbd33c86a29a37f7348e1eb40315e17f5c2"", ""repository_url"": ""https://github.com/MIT-MI/PuzzleWorld""}","{""license"": {""dataset_card_evidence_url"": ""https://huggingface.co/datasets/hzli1202/PuzzleWorld/raw/23a11d81b89ff4d39525a8867a99285e4c7dee61/README.md"", ""name"": ""Creative Commons Attribution-NonCommercial-ShareAlike 4.0 International"", ""original_publisher_evidence_url"": ""https://puzzledpint.org/volunteering/write-puzzles/#license"", ""scope_note"": ""The pinned Hugging Face card front matter and repository tag say cc-by-nc-sa-4.0. Puzzled Pint states that all submitted puzzles use CC BY-NC-SA 4.0 and that authors retain copyright."", ""spdx"": ""CC-BY-NC-SA-4.0"", ""url"": ""https://creativecommons.org/licenses/by-nc-sa/4.0/""}, ""noncommercial"": true, ""permission_required_for_commercial"": true, ""redistribution_scope"": ""noncommercial_sharealike_only"", ""release_track"": ""noncommercial_sharealike"", ""rights_status"": ""cc_by_nc_sa_4_0_noncommercial_attribution_review_required"", ""share_alike_required"": true}"
puzzleworld-business-news-11b76e92e7,PuzzleWorld,Business News,,logic_constraints,mixed_meta | word_language,logical_inference | constraint_propagation | external_knowledge_linking | wordplay | lexical_search | indexing_extraction,multi_part | word_puzzle | logic_grid,"Title: Business News

Corporate mergers and acquisitions have been occurring rapidly, forming unexpected partnerships. Understanding their financial connections could reveal a hidden message. There are two different ways for a pair of companies to synergize.

The complete puzzle statement and its visual/structured clues are in the required question asset(s):
- https://huggingface.co/datasets/hzli1202/PuzzleWorld/resolve/23a11d81b89ff4d39525a8867a99285e4c7dee61/data/business_news/content.png

Return the short canonical final answer.",BUCKY,"1. Identify the company symbol pairs listed in the mergers and acquisitions section.

2. Sum cents values in each pair of companies listed price per share.
   Reasoning figure: https://huggingface.co/datasets/hzli1202/PuzzleWorld/resolve/23a11d81b89ff4d39525a8867a99285e4c7dee61/data/business_news/figure1.png

3. Correctly index each sum to the company symbol who's price per share's cents value equals that sum.

4. The collected letters spell the final answer: 'BUCKY'.","{""bucket"": ""hard"", ""evidence"": ""upstream PuzzleWorld label""}",needs_review,True,"{""answer_only_scorable"": true, ""benchmark_core"": true, ""counts_toward_official_topic_score"": true, ""scoring_metric"": ""binary_accuracy"", ""time_limit_minutes"": 30, ""topic_scoring_group"": ""logic_constraints"", ""track"": ""answer_only_upstream_hard_core""}","{""collection"": ""PuzzleWorld"", ""dataset_revision"": ""23a11d81b89ff4d39525a8867a99285e4c7dee61"", ""dataset_url"": ""https://huggingface.co/datasets/hzli1202/PuzzleWorld"", ""metadata_url"": ""https://huggingface.co/datasets/hzli1202/PuzzleWorld/resolve/23a11d81b89ff4d39525a8867a99285e4c7dee61/all_metadata.jsonl"", ""original_puzzled_pint_url"": ""https://puzzledpint.org/archive-puzzles/puzzles-may-2017/"", ""publisher"": ""MIT-MI / PuzzleWorld authors"", ""repository_revision_audited"": ""0a8fbcbd33c86a29a37f7348e1eb40315e17f5c2"", ""repository_url"": ""https://github.com/MIT-MI/PuzzleWorld""}","{""license"": {""dataset_card_evidence_url"": ""https://huggingface.co/datasets/hzli1202/PuzzleWorld/raw/23a11d81b89ff4d39525a8867a99285e4c7dee61/README.md"", ""name"": ""Creative Commons Attribution-NonCommercial-ShareAlike 4.0 International"", ""original_publisher_evidence_url"": ""https://puzzledpint.org/volunteering/write-puzzles/#license"", ""scope_note"": ""The pinned Hugging Face card front matter and repository tag say cc-by-nc-sa-4.0. Puzzled Pint states that all submitted puzzles use CC BY-NC-SA 4.0 and that authors retain copyright."", ""spdx"": ""CC-BY-NC-SA-4.0"", ""url"": ""https://creativecommons.org/licenses/by-nc-sa/4.0/""}, ""noncommercial"": true, ""permission_required_for_commercial"": true, ""redistribution_scope"": ""noncommercial_sharealike_only"", ""release_track"": ""noncommercial_sharealike"", ""rights_status"": ""cc_by_nc_sa_4_0_noncommercial_attribution_review_required"", ""share_alike_required"": true}"
puzzleworld-cabal-b7ced84973,PuzzleWorld,Cabal,,logic_constraints,geometry_spatial | cryptography_ciphers,logical_inference | constraint_propagation | spatial_visualization | visual_decoding | encoding_decoding | indexing_extraction | meta_extraction | information_synthesis | crossword_solving,image_puzzle | meta_puzzle | crossword,"Title: Cabal

The Cabal are a highly militarized, violent species known for their heavy armor and weapons. Phalanx soldiers carry massive shields that form a near-impenetrable defense.

The complete puzzle statement and its visual/structured clues are in the required question asset(s):
- https://huggingface.co/datasets/hzli1202/PuzzleWorld/resolve/23a11d81b89ff4d39525a8867a99285e4c7dee61/data/Cabal/content.png

Return the short canonical final answer.",HIGHER,"1. Rearrange the squares bordered by gray dashlines so that adjacent small square crossword clues clue the same answer.
   Reasoning figure: https://huggingface.co/datasets/hzli1202/PuzzleWorld/resolve/23a11d81b89ff4d39525a8867a99285e4c7dee61/data/Cabal/figure1.png

2. Notice that each center square bordered by the black lines contains a crossword clue, an example, and a wordplay.

3. Solve each inner square crossword clue and index by the two numbers in the inner square to get two letters.

4. Extract all the letters from the grid to get the clue ""JOIN OPPOSITE EDGES WITH LETTER"".

5. Notice that the answers of two directly opposite edge crossword clues can be joined together by inserting a letter in the middle.

6. Extract all the inserted letters to get the final answer ""HIGHER"".","{""bucket"": ""hard"", ""evidence"": ""upstream PuzzleWorld label""}",needs_review,True,"{""answer_only_scorable"": true, ""benchmark_core"": true, ""counts_toward_official_topic_score"": true, ""scoring_metric"": ""binary_accuracy"", ""time_limit_minutes"": 30, ""topic_scoring_group"": ""logic_constraints"", ""track"": ""answer_only_upstream_hard_core""}","{""collection"": ""PuzzleWorld"", ""dataset_revision"": ""23a11d81b89ff4d39525a8867a99285e4c7dee61"", ""dataset_url"": ""https://huggingface.co/datasets/hzli1202/PuzzleWorld"", ""metadata_url"": ""https://huggingface.co/datasets/hzli1202/PuzzleWorld/resolve/23a11d81b89ff4d39525a8867a99285e4c7dee61/all_metadata.jsonl"", ""original_puzzled_pint_url"": ""https://puzzledpint.org/archive-files/6815/0286/8840/Aug2017_Cabal.pdf"", ""publisher"": ""MIT-MI / PuzzleWorld authors"", ""repository_revision_audited"": ""0a8fbcbd33c86a29a37f7348e1eb40315e17f5c2"", ""repository_url"": ""https://github.com/MIT-MI/PuzzleWorld""}","{""license"": {""dataset_card_evidence_url"": ""https://huggingface.co/datasets/hzli1202/PuzzleWorld/raw/23a11d81b89ff4d39525a8867a99285e4c7dee61/README.md"", ""name"": ""Creative Commons Attribution-NonCommercial-ShareAlike 4.0 International"", ""original_publisher_evidence_url"": ""https://puzzledpint.org/volunteering/write-puzzles/#license"", ""scope_note"": ""The pinned Hugging Face card front matter and repository tag say cc-by-nc-sa-4.0. Puzzled Pint states that all submitted puzzles use CC BY-NC-SA 4.0 and that authors retain copyright."", ""spdx"": ""CC-BY-NC-SA-4.0"", ""url"": ""https://creativecommons.org/licenses/by-nc-sa/4.0/""}, ""noncommercial"": true, ""permission_required_for_commercial"": true, ""redistribution_scope"": ""noncommercial_sharealike_only"", ""release_track"": ""noncommercial_sharealike"", ""rights_status"": ""cc_by_nc_sa_4_0_noncommercial_attribution_review_required"", ""share_alike_required"": true}"
puzzleworld-can-you-navigate-this-political-compass-391e11f3e3,PuzzleWorld,Can You Navigate This Political Compass?,,logic_constraints,geometry_spatial,logical_inference | constraint_propagation | spatial_visualization | visual_decoding | pathfinding,image_puzzle | multi_part | logic_grid | path_route,"Title: Can You Navigate This Political Compass?

In the grid to the right, we've plotted the beliefs of eleven voters along two axes. Six polls indicate how many voters lie in the given direction. You must locate the voters, and then draw a single closed loop through all of the remaining squares. Any voter in the first four rows is authoritarian, and must be inside the loop. Any voter in the bottom four rows is an anarchist, and must be outside the loop. A voter in the middle row can follow either rule. Any voter in the left four columns believes in collectivism, and must be adjacent to exactly one other voter. Any voter in the right four columns believes in individual freedom, and must not be adjacent to any other voter. A voter in the middle column can follow either rule. Here's an example grid. What will you follow to win the election?

The complete puzzle statement and its visual/structured clues are in the required question asset(s):
- https://huggingface.co/datasets/hzli1202/PuzzleWorld/resolve/23a11d81b89ff4d39525a8867a99285e4c7dee61/data/Can_You_Navigate_This_Political_Compass/content.png

Return the short canonical final answer.",GRASS ROUTES,"1. The puzzle presents a 9×9 grid with letters forming words, and arrows with numbers indicating how many voters are in specific directions.

2. According to the rules, there are 11 voters that need to be placed in the grid. The placement is constrained by several rules about their political beliefs.

3. Authoritarian voters (first four rows) must be inside the loop. Anarchist voters (bottom four rows) must be outside. Middle row voters can be either.

4. Collectivist voters (left four columns) must be adjacent to exactly one other voter. Individualist voters (right four columns) must not be adjacent to any other voter. Middle column voters can follow either rule.

5. The six poll results (arrows with numbers) tell us how many voters are in each direction from the center.

6. By carefully following these constraints and the poll numbers, we can deduce where each of the 11 voters must be placed in the grid.

7. After placing all voters, we need to draw a single closed loop through all remaining squares (those without voters).
   Reasoning figure: https://huggingface.co/datasets/hzli1202/PuzzleWorld/resolve/23a11d81b89ff4d39525a8867a99285e4c7dee61/data/Can_You_Navigate_This_Political_Compass/figure1.png

8. In the solution, this loop forms a specific path through the grid, highlighted in red.

9. The path passes through cells that, when read in order, spell out 'GRASS ROUTES' (a play on 'grass roots').","{""bucket"": ""hard"", ""evidence"": ""upstream PuzzleWorld label""}",needs_review,True,"{""answer_only_scorable"": true, ""benchmark_core"": true, ""counts_toward_official_topic_score"": true, ""scoring_metric"": ""binary_accuracy"", ""time_limit_minutes"": 30, ""topic_scoring_group"": ""logic_constraints"", ""track"": ""answer_only_upstream_hard_core""}","{""collection"": ""PuzzleWorld"", ""dataset_revision"": ""23a11d81b89ff4d39525a8867a99285e4c7dee61"", ""dataset_url"": ""https://huggingface.co/datasets/hzli1202/PuzzleWorld"", ""metadata_url"": ""https://huggingface.co/datasets/hzli1202/PuzzleWorld/resolve/23a11d81b89ff4d39525a8867a99285e4c7dee61/all_metadata.jsonl"", ""original_puzzled_pint_url"": null, ""publisher"": ""MIT-MI / PuzzleWorld authors"", ""repository_revision_audited"": ""0a8fbcbd33c86a29a37f7348e1eb40315e17f5c2"", ""repository_url"": ""https://github.com/MIT-MI/PuzzleWorld""}","{""license"": {""dataset_card_evidence_url"": ""https://huggingface.co/datasets/hzli1202/PuzzleWorld/raw/23a11d81b89ff4d39525a8867a99285e4c7dee61/README.md"", ""name"": ""Creative Commons Attribution-NonCommercial-ShareAlike 4.0 International"", ""original_publisher_evidence_url"": ""https://puzzledpint.org/volunteering/write-puzzles/#license"", ""scope_note"": ""The pinned Hugging Face card front matter and repository tag say cc-by-nc-sa-4.0. Puzzled Pint states that all submitted puzzles use CC BY-NC-SA 4.0 and that authors retain copyright."", ""spdx"": ""CC-BY-NC-SA-4.0"", ""url"": ""https://creativecommons.org/licenses/by-nc-sa/4.0/""}, ""noncommercial"": true, ""permission_required_for_commercial"": true, ""redistribution_scope"": ""noncommercial_sharealike_only"", ""release_track"": ""noncommercial_sharealike"", ""rights_status"": ""cc_by_nc_sa_4_0_noncommercial_attribution_review_required"", ""share_alike_required"": true}"
puzzleworld-chillin-in-the-multiplex-9215741280,PuzzleWorld,Chillin' in the Multiplex,,logic_constraints,mixed_meta | geometry_spatial | cryptography_ciphers,logical_inference | constraint_propagation | external_knowledge_linking | spatial_visualization | visual_decoding | encoding_decoding | indexing_extraction | meta_extraction,image_puzzle | multi_part | meta_puzzle | logic_grid,"Title: Chillin' in the Multiplex

A sad tale's best for winter,” proclaimed Mamillius - played by Emily Bruni in one of Shakespeare's classics. That may be so but… OK, so cut to the scene in the Sixth Sense when squareshouldered Malcolm Crowe, played by Bruce Willis, finally connects all the clues and realizes what's really going on - making a boxoffice hit out of that classic supernatural thriller.   So now it's time for you to make all the connections one vertex at a time, check the movie index (A to Z) to see what's playing where, and then go have some fun

The complete puzzle statement and its visual/structured clues are in the required question asset(s):
- https://huggingface.co/datasets/hzli1202/PuzzleWorld/resolve/23a11d81b89ff4d39525a8867a99285e4c7dee61/data/chillin_in_the_multiplex/content.png

Return the short canonical final answer.",A BLOCKBUSTERS BEST FOR SUMMER,"1. Cut out each of the squares and arrange them into a cube such that each corner contains a movie character, the actor/actress that played that character, and a loose description of the movie that character was in. The correct trios in order are: ARTHUR HORGETT, JAMES CROMWELL, CUTE TALKING CREATURES; GERTIE, DREW BARRYMORE, CUTE TALKING CREATURES; MARY JANE, KIRSTEN DUNST, GENETICALLY MODIFIED; IAN MALCOLM, JEFF GOLDBLUM, GENETICALLY MODIFIED; MATT HOOPER, RICHARD DREYFUS, SOMETHING'S FISHY; DORY, ELLEN DEGENERES, SOMETHING'S FISHY; ODA MAE BROWN, WHOOPIE GOLDBERG, DEAD MEN LIVE ON; TERENCE MAN, JAMES EARL JONES, DEAD MEN LIVE ON.

2. Extract the numnbers from the resulting filmstrip connected across the faces of the cube.
   Reasoning figure: https://huggingface.co/datasets/hzli1202/PuzzleWorld/resolve/23a11d81b89ff4d39525a8867a99285e4c7dee61/data/chillin_in_the_multiplex/figure1.png

3. The large numbers are the index. Large numbers 5, 3 would indicate the extraction of the third letter of the fifth movie. Meanwhile the small numbers describe where they appear in the solution. After extracting all of these, the solution is spelled out: A BLOCKBUSTERS BEST FOR SUMMER.","{""bucket"": ""hard"", ""evidence"": ""upstream PuzzleWorld label""}",needs_review,True,"{""answer_only_scorable"": true, ""benchmark_core"": true, ""counts_toward_official_topic_score"": true, ""scoring_metric"": ""binary_accuracy"", ""time_limit_minutes"": 30, ""topic_scoring_group"": ""logic_constraints"", ""track"": ""answer_only_upstream_hard_core""}","{""collection"": ""PuzzleWorld"", ""dataset_revision"": ""23a11d81b89ff4d39525a8867a99285e4c7dee61"", ""dataset_url"": ""https://huggingface.co/datasets/hzli1202/PuzzleWorld"", ""metadata_url"": ""https://huggingface.co/datasets/hzli1202/PuzzleWorld/resolve/23a11d81b89ff4d39525a8867a99285e4c7dee61/all_metadata.jsonl"", ""original_puzzled_pint_url"": null, ""publisher"": ""MIT-MI / PuzzleWorld authors"", ""repository_revision_audited"": ""0a8fbcbd33c86a29a37f7348e1eb40315e17f5c2"", ""repository_url"": ""https://github.com/MIT-MI/PuzzleWorld""}","{""license"": {""dataset_card_evidence_url"": ""https://huggingface.co/datasets/hzli1202/PuzzleWorld/raw/23a11d81b89ff4d39525a8867a99285e4c7dee61/README.md"", ""name"": ""Creative Commons Attribution-NonCommercial-ShareAlike 4.0 International"", ""original_publisher_evidence_url"": ""https://puzzledpint.org/volunteering/write-puzzles/#license"", ""scope_note"": ""The pinned Hugging Face card front matter and repository tag say cc-by-nc-sa-4.0. Puzzled Pint states that all submitted puzzles use CC BY-NC-SA 4.0 and that authors retain copyright."", ""spdx"": ""CC-BY-NC-SA-4.0"", ""url"": ""https://creativecommons.org/licenses/by-nc-sa/4.0/""}, ""noncommercial"": true, ""permission_required_for_commercial"": true, ""redistribution_scope"": ""noncommercial_sharealike_only"", ""release_track"": ""noncommercial_sharealike"", ""rights_status"": ""cc_by_nc_sa_4_0_noncommercial_attribution_review_required"", ""share_alike_required"": true}"
puzzleworld-chorophobia-1a0d26f0f3,PuzzleWorld,Chorophobia,,logic_constraints,mixed_meta | geometry_spatial,logical_inference | constraint_propagation | external_knowledge_linking | spatial_visualization | visual_decoding | information_synthesis | indexing_extraction,image_puzzle,"Title: Chorophobia

All I wanted to do is head to a bar, have a drink, solve some puzzles... instead, all of my friends dragged me out dancing. To make matters worse, they've dragged me out to perform the latest dance craze, the P.P. Slide, and I don't remember the steps. There are two pairs of dancers on the dance floor, each facing their partner. Each dancer makes the same movements, relative to the center, at the same time. But which direction to they go, and for how many squares?

The complete puzzle statement and its visual/structured clues are in the required question asset(s):
- https://huggingface.co/datasets/hzli1202/PuzzleWorld/resolve/23a11d81b89ff4d39525a8867a99285e4c7dee61/data/Chorophobia/content.png

Return the short canonical final answer.",RAPIDLY,"1. Treat the lyrics as chess moves, with the number of notes beside the lyrics as the parameters for the move. Performt the moves for every person on the board.
   Reasoning figure: https://huggingface.co/datasets/hzli1202/PuzzleWorld/resolve/23a11d81b89ff4d39525a8867a99285e4c7dee61/data/Chorophobia/figure1.png

2. Extract the letters traced out by each dancer. Three of them reads LETTERS, RIGHT OF, DANELLE.

3. Tracing the letters to the right of Danelle's letters gives the final answer to be ""RAPIDLY"".","{""bucket"": ""hard"", ""evidence"": ""upstream PuzzleWorld label""}",needs_review,True,"{""answer_only_scorable"": true, ""benchmark_core"": true, ""counts_toward_official_topic_score"": true, ""scoring_metric"": ""binary_accuracy"", ""time_limit_minutes"": 30, ""topic_scoring_group"": ""logic_constraints"", ""track"": ""answer_only_upstream_hard_core""}","{""collection"": ""PuzzleWorld"", ""dataset_revision"": ""23a11d81b89ff4d39525a8867a99285e4c7dee61"", ""dataset_url"": ""https://huggingface.co/datasets/hzli1202/PuzzleWorld"", ""metadata_url"": ""https://huggingface.co/datasets/hzli1202/PuzzleWorld/resolve/23a11d81b89ff4d39525a8867a99285e4c7dee61/all_metadata.jsonl"", ""original_puzzled_pint_url"": ""https://puzzledpint.org/archive-files/7814/2421/4050/Chorophobia.pdf"", ""publisher"": ""MIT-MI / PuzzleWorld authors"", ""repository_revision_audited"": ""0a8fbcbd33c86a29a37f7348e1eb40315e17f5c2"", ""repository_url"": ""https://github.com/MIT-MI/PuzzleWorld""}","{""license"": {""dataset_card_evidence_url"": ""https://huggingface.co/datasets/hzli1202/PuzzleWorld/raw/23a11d81b89ff4d39525a8867a99285e4c7dee61/README.md"", ""name"": ""Creative Commons Attribution-NonCommercial-ShareAlike 4.0 International"", ""original_publisher_evidence_url"": ""https://puzzledpint.org/volunteering/write-puzzles/#license"", ""scope_note"": ""The pinned Hugging Face card front matter and repository tag say cc-by-nc-sa-4.0. Puzzled Pint states that all submitted puzzles use CC BY-NC-SA 4.0 and that authors retain copyright."", ""spdx"": ""CC-BY-NC-SA-4.0"", ""url"": ""https://creativecommons.org/licenses/by-nc-sa/4.0/""}, ""noncommercial"": true, ""permission_required_for_commercial"": true, ""redistribution_scope"": ""noncommercial_sharealike_only"", ""release_track"": ""noncommercial_sharealike"", ""rights_status"": ""cc_by_nc_sa_4_0_noncommercial_attribution_review_required"", ""share_alike_required"": true}"
puzzleworld-codenames-0f4de89812,PuzzleWorld,Codenames,,logic_constraints,word_language | cryptography_ciphers,logical_inference | constraint_propagation | wordplay | lexical_search | encoding_decoding | indexing_extraction | meta_extraction | anagramming,word_puzzle | meta_puzzle,"Title: Codenames

In the game Codenames, one is given a word as a clue to some other words on the board. In this puzzle, the usual Codenames rules are broken. This time, you will be given clues that are either antonyms, synonyms, or anagrams of other words that are, in turn, antonyms, synonyms, or anagrams of the words on the board. In other words, every clue will be two steps away from the clues on the board. Each of the nine boards below has two words flagged in this way by the clue word. Who came up with these crazy rules anyway?

The complete puzzle statement and its visual/structured clues are in the required question asset(s):
- https://huggingface.co/datasets/hzli1202/PuzzleWorld/resolve/23a11d81b89ff4d39525a8867a99285e4c7dee61/data/Codenames/content.png

Return the short canonical final answer.",SPYMASTER,"1. The puzzle presents a grid of words similar to the board game Codenames, with 9 numbered clue words. Each clue is meant to flag two words on the board.

2. The relationship between each clue and the flagged words is complex: the clue is an antonym, synonym, or anagram of a word that is itself an antonym, synonym, or anagram of a word on the board. In other words, there are two steps separating the clue from the word on the board.

3. For clue 1 (Angel), we need to find a word related to 'Angel' that could connect to two words on the board. 'Angel' is the antonym of 'Devil', which is an anagram of 'Lived'. So one word is 'LIVED'. Similarly, 'Angel' is a synonym of 'SAINT', which is a synonym of 'HOLY', which is an anagram of 'HOLY'. So 'ABOUT' is the second word.

4. For clue 2 (Stone), we determine it's related to 'Rock' which connects to 'DOUBLER' (bolder→boulder→rock) and 'BRIDGE' through similar two-step connections.

5. Continuing this process for all 9 clues, we identify the pairs of words connected to each clue. For example, clue 3 (Marble) connects to 'BABBLE' and 'HIKER' through appropriate word relationships.

6. After identifying all the word pairs, highlight or mark all the flagged words on the board. The marked words spell out letters when read in order (from clue 1 to clue 9): M-A-S-T-E-R-S-P-Y.
   Reasoning figure: https://huggingface.co/datasets/hzli1202/PuzzleWorld/resolve/23a11d81b89ff4d39525a8867a99285e4c7dee61/data/Codenames/figure1.png

7. Reading the letters in reverse gives 'SPYMASTER', which is the final answer. This is appropriate for the theme since the Spymaster is a role in the actual Codenames board game.","{""bucket"": ""hard"", ""evidence"": ""upstream PuzzleWorld label""}",needs_review,True,"{""answer_only_scorable"": true, ""benchmark_core"": true, ""counts_toward_official_topic_score"": true, ""scoring_metric"": ""binary_accuracy"", ""time_limit_minutes"": 30, ""topic_scoring_group"": ""logic_constraints"", ""track"": ""answer_only_upstream_hard_core""}","{""collection"": ""PuzzleWorld"", ""dataset_revision"": ""23a11d81b89ff4d39525a8867a99285e4c7dee61"", ""dataset_url"": ""https://huggingface.co/datasets/hzli1202/PuzzleWorld"", ""metadata_url"": ""https://huggingface.co/datasets/hzli1202/PuzzleWorld/resolve/23a11d81b89ff4d39525a8867a99285e4c7dee61/all_metadata.jsonl"", ""original_puzzled_pint_url"": null, ""publisher"": ""MIT-MI / PuzzleWorld authors"", ""repository_revision_audited"": ""0a8fbcbd33c86a29a37f7348e1eb40315e17f5c2"", ""repository_url"": ""https://github.com/MIT-MI/PuzzleWorld""}","{""license"": {""dataset_card_evidence_url"": ""https://huggingface.co/datasets/hzli1202/PuzzleWorld/raw/23a11d81b89ff4d39525a8867a99285e4c7dee61/README.md"", ""name"": ""Creative Commons Attribution-NonCommercial-ShareAlike 4.0 International"", ""original_publisher_evidence_url"": ""https://puzzledpint.org/volunteering/write-puzzles/#license"", ""scope_note"": ""The pinned Hugging Face card front matter and repository tag say cc-by-nc-sa-4.0. Puzzled Pint states that all submitted puzzles use CC BY-NC-SA 4.0 and that authors retain copyright."", ""spdx"": ""CC-BY-NC-SA-4.0"", ""url"": ""https://creativecommons.org/licenses/by-nc-sa/4.0/""}, ""noncommercial"": true, ""permission_required_for_commercial"": true, ""redistribution_scope"": ""noncommercial_sharealike_only"", ""release_track"": ""noncommercial_sharealike"", ""rights_status"": ""cc_by_nc_sa_4_0_noncommercial_attribution_review_required"", ""share_alike_required"": true}"
puzzleworld-come-find-me-519da75d06,PuzzleWorld,Come Find Me,,logic_constraints,mixed_meta | cryptography_ciphers,logical_inference | constraint_propagation | external_knowledge_linking | encoding_decoding | indexing_extraction | meta_extraction,multi_part | meta_puzzle | logic_grid,"Title: Come Find Me

Hey, I want to try out my new time machine, so I am taking an abbreviated trip. This timetable should help you know when and where I am going.

The complete puzzle statement and its visual/structured clues are in the required question asset(s):
- https://huggingface.co/datasets/hzli1202/PuzzleWorld/resolve/23a11d81b89ff4d39525a8867a99285e4c7dee61/data/Come_Find_Me/content.png

Return the short canonical final answer.",31 MARCH 1889,"1. Recognize the first letter of each station name spells out FLAGS SIGNAL ON STATION 6.

2. Observe the times on station 6 are semaphore code, when depicted by the minute and hour hand on a clock. This spells out MIN COL SIX.

3. Convert the minutes in column 6 from numbers to letters (A-Z). This yields MINUTE DIFF OF FIRST TRAIN.

4. Compute the difference between consecutive pairs of minute value in the first train, and convert to letters to get OPENING DAY EIFFEL TOWER.

5. Extract the answer as the opening day of the Eiffel Tower, 31 MARCH 1889.","{""bucket"": ""hard"", ""evidence"": ""upstream PuzzleWorld label""}",needs_review,True,"{""answer_only_scorable"": true, ""benchmark_core"": true, ""counts_toward_official_topic_score"": true, ""scoring_metric"": ""binary_accuracy"", ""time_limit_minutes"": 30, ""topic_scoring_group"": ""logic_constraints"", ""track"": ""answer_only_upstream_hard_core""}","{""collection"": ""PuzzleWorld"", ""dataset_revision"": ""23a11d81b89ff4d39525a8867a99285e4c7dee61"", ""dataset_url"": ""https://huggingface.co/datasets/hzli1202/PuzzleWorld"", ""metadata_url"": ""https://huggingface.co/datasets/hzli1202/PuzzleWorld/resolve/23a11d81b89ff4d39525a8867a99285e4c7dee61/all_metadata.jsonl"", ""original_puzzled_pint_url"": ""https://puzzledpint.org/archive-files/8113/3634/9491/come_find_me.pdf"", ""publisher"": ""MIT-MI / PuzzleWorld authors"", ""repository_revision_audited"": ""0a8fbcbd33c86a29a37f7348e1eb40315e17f5c2"", ""repository_url"": ""https://github.com/MIT-MI/PuzzleWorld""}","{""license"": {""dataset_card_evidence_url"": ""https://huggingface.co/datasets/hzli1202/PuzzleWorld/raw/23a11d81b89ff4d39525a8867a99285e4c7dee61/README.md"", ""name"": ""Creative Commons Attribution-NonCommercial-ShareAlike 4.0 International"", ""original_publisher_evidence_url"": ""https://puzzledpint.org/volunteering/write-puzzles/#license"", ""scope_note"": ""The pinned Hugging Face card front matter and repository tag say cc-by-nc-sa-4.0. Puzzled Pint states that all submitted puzzles use CC BY-NC-SA 4.0 and that authors retain copyright."", ""spdx"": ""CC-BY-NC-SA-4.0"", ""url"": ""https://creativecommons.org/licenses/by-nc-sa/4.0/""}, ""noncommercial"": true, ""permission_required_for_commercial"": true, ""redistribution_scope"": ""noncommercial_sharealike_only"", ""release_track"": ""noncommercial_sharealike"", ""rights_status"": ""cc_by_nc_sa_4_0_noncommercial_attribution_review_required"", ""share_alike_required"": true}"
puzzleworld-condiments-math-52ff2fb3f6,PuzzleWorld,Condiments Math,,logic_constraints,cryptography_ciphers,logical_inference | constraint_propagation | encoding_decoding | indexing_extraction | meta_extraction | combinatorial_counting,multi_part | meta_puzzle | logic_grid,"Title: Condiments Math

Given the first line below, place the missing condiments to determine what they all add.

There are different groups of letters. The minority tend to do all the work following the order of operations, while the majority just stand around waiting to be counted.

The complete puzzle statement and its visual/structured clues are in the required question asset(s):
- https://huggingface.co/datasets/hzli1202/PuzzleWorld/resolve/23a11d81b89ff4d39525a8867a99285e4c7dee61/data/condiments_math/content.png

Return the short canonical final answer.",FLAVA,"1. Observe from flavortext that vowels function as mathematical operators (A = +, E = -, I = x, O = /, U = ^), while counting number of consonants represents numbers.

2. Compute the value for each of the missing condiments and place them to make the equations true.
   Reasoning figure: https://huggingface.co/datasets/hzli1202/PuzzleWorld/resolve/23a11d81b89ff4d39525a8867a99285e4c7dee61/data/condiments_math/figure1.png

3. Evaluate the vertical expressions and convert from 1-26 to A-Z to get the answer FLAVA.","{""bucket"": ""hard"", ""evidence"": ""upstream PuzzleWorld label""}",needs_review,True,"{""answer_only_scorable"": true, ""benchmark_core"": true, ""counts_toward_official_topic_score"": true, ""scoring_metric"": ""binary_accuracy"", ""time_limit_minutes"": 30, ""topic_scoring_group"": ""logic_constraints"", ""track"": ""answer_only_upstream_hard_core""}","{""collection"": ""PuzzleWorld"", ""dataset_revision"": ""23a11d81b89ff4d39525a8867a99285e4c7dee61"", ""dataset_url"": ""https://huggingface.co/datasets/hzli1202/PuzzleWorld"", ""metadata_url"": ""https://huggingface.co/datasets/hzli1202/PuzzleWorld/resolve/23a11d81b89ff4d39525a8867a99285e4c7dee61/all_metadata.jsonl"", ""original_puzzled_pint_url"": ""https://puzzledpint.org/archive-files/2213/0496/9853/condiments_math_puzzle.pdf"", ""publisher"": ""MIT-MI / PuzzleWorld authors"", ""repository_revision_audited"": ""0a8fbcbd33c86a29a37f7348e1eb40315e17f5c2"", ""repository_url"": ""https://github.com/MIT-MI/PuzzleWorld""}","{""license"": {""dataset_card_evidence_url"": ""https://huggingface.co/datasets/hzli1202/PuzzleWorld/raw/23a11d81b89ff4d39525a8867a99285e4c7dee61/README.md"", ""name"": ""Creative Commons Attribution-NonCommercial-ShareAlike 4.0 International"", ""original_publisher_evidence_url"": ""https://puzzledpint.org/volunteering/write-puzzles/#license"", ""scope_note"": ""The pinned Hugging Face card front matter and repository tag say cc-by-nc-sa-4.0. Puzzled Pint states that all submitted puzzles use CC BY-NC-SA 4.0 and that authors retain copyright."", ""spdx"": ""CC-BY-NC-SA-4.0"", ""url"": ""https://creativecommons.org/licenses/by-nc-sa/4.0/""}, ""noncommercial"": true, ""permission_required_for_commercial"": true, ""redistribution_scope"": ""noncommercial_sharealike_only"", ""release_track"": ""noncommercial_sharealike"", ""rights_status"": ""cc_by_nc_sa_4_0_noncommercial_attribution_review_required"", ""share_alike_required"": true}"
puzzleworld-cones-of-dunshire-618b3ae4a6,PuzzleWorld,Cones of Dunshire,,logic_constraints,geometry_spatial,logical_inference | constraint_propagation | spatial_visualization | visual_decoding | pathfinding,image_puzzle | multi_part | logic_grid | path_route,"Title: Cones of Dunshire

The latest expansion to the Cones of Dunshire requires players to set up roads. Follow the given constraints to form a proper path.

The complete puzzle statement and its visual/structured clues are in the required question asset(s):
- https://huggingface.co/datasets/hzli1202/PuzzleWorld/resolve/23a11d81b89ff4d39525a8867a99285e4c7dee61/data/cones_of_dunshire/content.png

Return the short canonical final answer.",SEND MONEY,"1. Solve the logic puzzle according to the given set of instrucitons.
   Reasoning figure: https://huggingface.co/datasets/hzli1202/PuzzleWorld/resolve/23a11d81b89ff4d39525a8867a99285e4c7dee61/data/cones_of_dunshire/figure1.png

2. The reamining letters not crossed spell: HEXES THAT ARE WEST OF X'S

3. Read the letters directly to the left of each 'X' in the grid to get the solution: 'SEND MONEY'.
   Reasoning figure: https://huggingface.co/datasets/hzli1202/PuzzleWorld/resolve/23a11d81b89ff4d39525a8867a99285e4c7dee61/data/cones_of_dunshire/figure1.png","{""bucket"": ""hard"", ""evidence"": ""upstream PuzzleWorld label""}",needs_review,True,"{""answer_only_scorable"": true, ""benchmark_core"": true, ""counts_toward_official_topic_score"": true, ""scoring_metric"": ""binary_accuracy"", ""time_limit_minutes"": 30, ""topic_scoring_group"": ""logic_constraints"", ""track"": ""answer_only_upstream_hard_core""}","{""collection"": ""PuzzleWorld"", ""dataset_revision"": ""23a11d81b89ff4d39525a8867a99285e4c7dee61"", ""dataset_url"": ""https://huggingface.co/datasets/hzli1202/PuzzleWorld"", ""metadata_url"": ""https://huggingface.co/datasets/hzli1202/PuzzleWorld/resolve/23a11d81b89ff4d39525a8867a99285e4c7dee61/all_metadata.jsonl"", ""original_puzzled_pint_url"": ""https://puzzledpint.org/archive-puzzles/puzzles-may-2016/"", ""publisher"": ""MIT-MI / PuzzleWorld authors"", ""repository_revision_audited"": ""0a8fbcbd33c86a29a37f7348e1eb40315e17f5c2"", ""repository_url"": ""https://github.com/MIT-MI/PuzzleWorld""}","{""license"": {""dataset_card_evidence_url"": ""https://huggingface.co/datasets/hzli1202/PuzzleWorld/raw/23a11d81b89ff4d39525a8867a99285e4c7dee61/README.md"", ""name"": ""Creative Commons Attribution-NonCommercial-ShareAlike 4.0 International"", ""original_publisher_evidence_url"": ""https://puzzledpint.org/volunteering/write-puzzles/#license"", ""scope_note"": ""The pinned Hugging Face card front matter and repository tag say cc-by-nc-sa-4.0. Puzzled Pint states that all submitted puzzles use CC BY-NC-SA 4.0 and that authors retain copyright."", ""spdx"": ""CC-BY-NC-SA-4.0"", ""url"": ""https://creativecommons.org/licenses/by-nc-sa/4.0/""}, ""noncommercial"": true, ""permission_required_for_commercial"": true, ""redistribution_scope"": ""noncommercial_sharealike_only"", ""release_track"": ""noncommercial_sharealike"", ""rights_status"": ""cc_by_nc_sa_4_0_noncommercial_attribution_review_required"", ""share_alike_required"": true}"
puzzleworld-conjunction-junction-9fe7133f3e,PuzzleWorld,Conjunction Junction,,logic_constraints,word_language | cryptography_ciphers,logical_inference | constraint_propagation | wordplay | lexical_search | encoding_decoding | indexing_extraction | meta_extraction,image_puzzle | word_puzzle | meta_puzzle | cryptogram,"Title: Conjunction Junction

Conjunction Junction, what's your function? Hooking up words and phrases and clauses! The header linkages on our train cars are missing! Can you hook everything up? Three conjunctions, And, But, and Or, get you pretty far!

The complete puzzle statement and its visual/structured clues are in the required question asset(s):
- https://huggingface.co/datasets/hzli1202/PuzzleWorld/resolve/23a11d81b89ff4d39525a8867a99285e4c7dee61/data/Conjunction_Junction/content.png

Return the short canonical final answer.",GATES,"1. Recognize from the flavor text that the first objective is to match words with phrases or clauses.

2. Correctly fill in the missing letter for the incomplete words.
   Reasoning figure: https://huggingface.co/datasets/hzli1202/PuzzleWorld/resolve/23a11d81b89ff4d39525a8867a99285e4c7dee61/data/Conjunction_Junction/figure1.png

3. Using the newly completed words, the word bank below, and the conjunctions 'and', 'but', 'or', construct the correct phrases.
   Reasoning figure: https://huggingface.co/datasets/hzli1202/PuzzleWorld/resolve/23a11d81b89ff4d39525a8867a99285e4c7dee61/data/Conjunction_Junction/figure2.png

4. The first letter in the right column reads AND O, BUT ONE, OR TWO, indicating three values for a Ternary code.

5. Reading triples down the middle with this encoding results in 021 001 202 012 201 which decodes in Ternary to the answer: GATES.","{""bucket"": ""hard"", ""evidence"": ""upstream PuzzleWorld label""}",needs_review,True,"{""answer_only_scorable"": true, ""benchmark_core"": true, ""counts_toward_official_topic_score"": true, ""scoring_metric"": ""binary_accuracy"", ""time_limit_minutes"": 30, ""topic_scoring_group"": ""logic_constraints"", ""track"": ""answer_only_upstream_hard_core""}","{""collection"": ""PuzzleWorld"", ""dataset_revision"": ""23a11d81b89ff4d39525a8867a99285e4c7dee61"", ""dataset_url"": ""https://huggingface.co/datasets/hzli1202/PuzzleWorld"", ""metadata_url"": ""https://huggingface.co/datasets/hzli1202/PuzzleWorld/resolve/23a11d81b89ff4d39525a8867a99285e4c7dee61/all_metadata.jsonl"", ""original_puzzled_pint_url"": ""https://puzzledpint.org/archive-puzzles/september-2020/"", ""publisher"": ""MIT-MI / PuzzleWorld authors"", ""repository_revision_audited"": ""0a8fbcbd33c86a29a37f7348e1eb40315e17f5c2"", ""repository_url"": ""https://github.com/MIT-MI/PuzzleWorld""}","{""license"": {""dataset_card_evidence_url"": ""https://huggingface.co/datasets/hzli1202/PuzzleWorld/raw/23a11d81b89ff4d39525a8867a99285e4c7dee61/README.md"", ""name"": ""Creative Commons Attribution-NonCommercial-ShareAlike 4.0 International"", ""original_publisher_evidence_url"": ""https://puzzledpint.org/volunteering/write-puzzles/#license"", ""scope_note"": ""The pinned Hugging Face card front matter and repository tag say cc-by-nc-sa-4.0. Puzzled Pint states that all submitted puzzles use CC BY-NC-SA 4.0 and that authors retain copyright."", ""spdx"": ""CC-BY-NC-SA-4.0"", ""url"": ""https://creativecommons.org/licenses/by-nc-sa/4.0/""}, ""noncommercial"": true, ""permission_required_for_commercial"": true, ""redistribution_scope"": ""noncommercial_sharealike_only"", ""release_track"": ""noncommercial_sharealike"", ""rights_status"": ""cc_by_nc_sa_4_0_noncommercial_attribution_review_required"", ""share_alike_required"": true}"
puzzleworld-connections-5314373d76,PuzzleWorld,Connections,,logic_constraints,geometry_spatial,logical_inference | constraint_propagation | spatial_visualization | visual_decoding | information_synthesis | indexing_extraction,image_puzzle | multi_part | logic_grid,"Title: Connections

The upstream record has no separate flavor-text transcription.

The complete puzzle statement and its visual/structured clues are in the required question asset(s):
- https://huggingface.co/datasets/hzli1202/PuzzleWorld/resolve/23a11d81b89ff4d39525a8867a99285e4c7dee61/data/Connections/content.png

Return the short canonical final answer.",BRIDGES,"1. Trace the dots in increasing numeric order.
   Reasoning figure: https://huggingface.co/datasets/hzli1202/PuzzleWorld/resolve/23a11d81b89ff4d39525a8867a99285e4c7dee61/data/Connections/figure1.png

2. Notice that letters get walled off as we trace the dots. Fill in the letters that get walled off into the letter boxes below the dots.
   Reasoning figure: https://huggingface.co/datasets/hzli1202/PuzzleWorld/resolve/23a11d81b89ff4d39525a8867a99285e4c7dee61/data/Connections/figure2.png

3. Extract the final clue by reading the letters in the letter boxes, which gives ""RATHER THAN BUILDING WALLS TO DIVIDE US LET'S BUILD THESE TO UNITE US"".

4. Extract the final answer by listing the letters that have numbers underneath them, giving the final answer ""BRIDGES"".","{""bucket"": ""hard"", ""evidence"": ""upstream PuzzleWorld label""}",needs_review,True,"{""answer_only_scorable"": true, ""benchmark_core"": true, ""counts_toward_official_topic_score"": true, ""scoring_metric"": ""binary_accuracy"", ""time_limit_minutes"": 30, ""topic_scoring_group"": ""logic_constraints"", ""track"": ""answer_only_upstream_hard_core""}","{""collection"": ""PuzzleWorld"", ""dataset_revision"": ""23a11d81b89ff4d39525a8867a99285e4c7dee61"", ""dataset_url"": ""https://huggingface.co/datasets/hzli1202/PuzzleWorld"", ""metadata_url"": ""https://huggingface.co/datasets/hzli1202/PuzzleWorld/resolve/23a11d81b89ff4d39525a8867a99285e4c7dee61/all_metadata.jsonl"", ""original_puzzled_pint_url"": ""https://puzzledpint.org/archive-files/4115/4760/0581/04_Jan2019_Bonus.pdf"", ""publisher"": ""MIT-MI / PuzzleWorld authors"", ""repository_revision_audited"": ""0a8fbcbd33c86a29a37f7348e1eb40315e17f5c2"", ""repository_url"": ""https://github.com/MIT-MI/PuzzleWorld""}","{""license"": {""dataset_card_evidence_url"": ""https://huggingface.co/datasets/hzli1202/PuzzleWorld/raw/23a11d81b89ff4d39525a8867a99285e4c7dee61/README.md"", ""name"": ""Creative Commons Attribution-NonCommercial-ShareAlike 4.0 International"", ""original_publisher_evidence_url"": ""https://puzzledpint.org/volunteering/write-puzzles/#license"", ""scope_note"": ""The pinned Hugging Face card front matter and repository tag say cc-by-nc-sa-4.0. Puzzled Pint states that all submitted puzzles use CC BY-NC-SA 4.0 and that authors retain copyright."", ""spdx"": ""CC-BY-NC-SA-4.0"", ""url"": ""https://creativecommons.org/licenses/by-nc-sa/4.0/""}, ""noncommercial"": true, ""permission_required_for_commercial"": true, ""redistribution_scope"": ""noncommercial_sharealike_only"", ""release_track"": ""noncommercial_sharealike"", ""rights_status"": ""cc_by_nc_sa_4_0_noncommercial_attribution_review_required"", ""share_alike_required"": true}"
puzzleworld-crazy-creatures-and-lands-3dff436866,PuzzleWorld,CRAZY CREATURES AND LANDS,,logic_constraints,geometry_spatial | cryptography_ciphers,logical_inference | constraint_propagation | spatial_visualization | visual_decoding | encoding_decoding | indexing_extraction | meta_extraction | crossword_solving,image_puzzle | multi_part | meta_puzzle | logic_grid | crossword | cryptogram,"Title: CRAZY CREATURES AND LANDS

There is a land named Ba-Nono-Sli-Cro-Sem-Bra! Puzzles are stacked there to save precious pa-per-ah! Creatures live there like the zink and the quidgited. Solve now to answer: Which creature's prohibited?

The complete puzzle statement and its visual/structured clues are in the required question asset(s):
- https://huggingface.co/datasets/hzli1202/PuzzleWorld/resolve/23a11d81b89ff4d39525a8867a99285e4c7dee61/data/Crazy_Creatures_and_Lands/content1.png
- https://huggingface.co/datasets/hzli1202/PuzzleWorld/resolve/23a11d81b89ff4d39525a8867a99285e4c7dee61/data/Crazy_Creatures_and_Lands/content2.png

Return the short canonical final answer.",GRINCH,"1. The puzzle presents six mini-puzzles named Ba, Nono, Sli, Cro, Sem, and Bra, with puzzle instructions provided on the second page.

2. Each mini-puzzle type corresponds to a different puzzle genre: Ba is a battleship puzzle, Nono is a nonogram, Sli is a slitherlink, Cro is a crossword, Sem is a semaphore puzzle, and Bra is likely a braille puzzle.

3. The Nono puzzle (nonogram) has clues for rows and columns that determine which cells should be filled black. Following these clues reveals a pattern of letters: 'L10C1L0P1jr1321' with various numbers mixed in.

4. The Ba puzzle (battleship) requires placing ships shown at the bottom of the puzzle according to the row and column constraints. When completed correctly, it forms the letter 'G'.

5. The Cro puzzle (crossword) has clues for 'Across and Down' related to romantic actions. Solving these clues fills in the grid with: NECKING, EQUINE, CUDDLE, KIDNAP, ENLACE, DEEPEN, which spells out 'NECKED' when reading the first letters.

6. The Sli puzzle (slitherlink) requires drawing a single loop connecting grid points according to the number clues. When completed, the loop forms the letter 'R'.

7. The Sem puzzle (semaphore) indicates flag positions that represent letters. When decoded, it forms the letter 'I'.

8. The Bra puzzle (braille) contains patterns of dots that represent letters in braille. When decoded, it forms the letter 'N'.

9. Taking the first letter from each completed puzzle (reading Ba-Nono-Sli-Cro-Sem-Bra) yields: G-R-I-N-C-H.

10. Therefore, the answer to 'Which creature's prohibited?' is the GRINCH, a character from Dr. Seuss who famously hated Christmas and tried to steal it.","{""bucket"": ""hard"", ""evidence"": ""upstream PuzzleWorld label""}",needs_review,True,"{""answer_only_scorable"": true, ""benchmark_core"": true, ""counts_toward_official_topic_score"": true, ""scoring_metric"": ""binary_accuracy"", ""time_limit_minutes"": 30, ""topic_scoring_group"": ""logic_constraints"", ""track"": ""answer_only_upstream_hard_core""}","{""collection"": ""PuzzleWorld"", ""dataset_revision"": ""23a11d81b89ff4d39525a8867a99285e4c7dee61"", ""dataset_url"": ""https://huggingface.co/datasets/hzli1202/PuzzleWorld"", ""metadata_url"": ""https://huggingface.co/datasets/hzli1202/PuzzleWorld/resolve/23a11d81b89ff4d39525a8867a99285e4c7dee61/all_metadata.jsonl"", ""original_puzzled_pint_url"": null, ""publisher"": ""MIT-MI / PuzzleWorld authors"", ""repository_revision_audited"": ""0a8fbcbd33c86a29a37f7348e1eb40315e17f5c2"", ""repository_url"": ""https://github.com/MIT-MI/PuzzleWorld""}","{""license"": {""dataset_card_evidence_url"": ""https://huggingface.co/datasets/hzli1202/PuzzleWorld/raw/23a11d81b89ff4d39525a8867a99285e4c7dee61/README.md"", ""name"": ""Creative Commons Attribution-NonCommercial-ShareAlike 4.0 International"", ""original_publisher_evidence_url"": ""https://puzzledpint.org/volunteering/write-puzzles/#license"", ""scope_note"": ""The pinned Hugging Face card front matter and repository tag say cc-by-nc-sa-4.0. Puzzled Pint states that all submitted puzzles use CC BY-NC-SA 4.0 and that authors retain copyright."", ""spdx"": ""CC-BY-NC-SA-4.0"", ""url"": ""https://creativecommons.org/licenses/by-nc-sa/4.0/""}, ""noncommercial"": true, ""permission_required_for_commercial"": true, ""redistribution_scope"": ""noncommercial_sharealike_only"", ""release_track"": ""noncommercial_sharealike"", ""rights_status"": ""cc_by_nc_sa_4_0_noncommercial_attribution_review_required"", ""share_alike_required"": true}"
puzzleworld-cupid-s-follow-up-58174e7b04,PuzzleWorld,Cupid's Follow Up,,logic_constraints,mixed_meta,logical_inference | constraint_propagation | external_knowledge_linking | information_synthesis | word_search | indexing_extraction | exhaustive_search,multi_part | logic_grid | word_search | path_route,"Title: Cupid's Follow Up

Cupid made some matches in the past, and now would like to follow up with the couples to see how things are going. These couples' love didn't always take a straight line, but had many turns in all directions. Nibble away at this puzzle to get a message.

The complete puzzle statement and its visual/structured clues are in the required question asset(s):
- https://huggingface.co/datasets/hzli1202/PuzzleWorld/resolve/23a11d81b89ff4d39525a8867a99285e4c7dee61/data/Cupids_Follow_Up/content.png

Return the short canonical final answer.",THIS MUNCH,"1. On the word search, find paths of letters that contain the names of famous couples.
   Reasoning figure: https://huggingface.co/datasets/hzli1202/PuzzleWorld/resolve/23a11d81b89ff4d39525a8867a99285e4c7dee61/data/Cupids_Follow_Up/figure1.png

2. Each of the paths visually look like a letter, so we extract a letter from each couple to get the answer ""THIS MUNCH"".","{""bucket"": ""hard"", ""evidence"": ""upstream PuzzleWorld label""}",needs_review,True,"{""answer_only_scorable"": true, ""benchmark_core"": true, ""counts_toward_official_topic_score"": true, ""scoring_metric"": ""binary_accuracy"", ""time_limit_minutes"": 30, ""topic_scoring_group"": ""logic_constraints"", ""track"": ""answer_only_upstream_hard_core""}","{""collection"": ""PuzzleWorld"", ""dataset_revision"": ""23a11d81b89ff4d39525a8867a99285e4c7dee61"", ""dataset_url"": ""https://huggingface.co/datasets/hzli1202/PuzzleWorld"", ""metadata_url"": ""https://huggingface.co/datasets/hzli1202/PuzzleWorld/resolve/23a11d81b89ff4d39525a8867a99285e4c7dee61/all_metadata.jsonl"", ""original_puzzled_pint_url"": ""https://puzzledpint.org/archive-files/6714/8722/8296/Cupids_Follow_Up.pdf"", ""publisher"": ""MIT-MI / PuzzleWorld authors"", ""repository_revision_audited"": ""0a8fbcbd33c86a29a37f7348e1eb40315e17f5c2"", ""repository_url"": ""https://github.com/MIT-MI/PuzzleWorld""}","{""license"": {""dataset_card_evidence_url"": ""https://huggingface.co/datasets/hzli1202/PuzzleWorld/raw/23a11d81b89ff4d39525a8867a99285e4c7dee61/README.md"", ""name"": ""Creative Commons Attribution-NonCommercial-ShareAlike 4.0 International"", ""original_publisher_evidence_url"": ""https://puzzledpint.org/volunteering/write-puzzles/#license"", ""scope_note"": ""The pinned Hugging Face card front matter and repository tag say cc-by-nc-sa-4.0. Puzzled Pint states that all submitted puzzles use CC BY-NC-SA 4.0 and that authors retain copyright."", ""spdx"": ""CC-BY-NC-SA-4.0"", ""url"": ""https://creativecommons.org/licenses/by-nc-sa/4.0/""}, ""noncommercial"": true, ""permission_required_for_commercial"": true, ""redistribution_scope"": ""noncommercial_sharealike_only"", ""release_track"": ""noncommercial_sharealike"", ""rights_status"": ""cc_by_nc_sa_4_0_noncommercial_attribution_review_required"", ""share_alike_required"": true}"
puzzleworld-custom-night-d561efa1d9,PuzzleWorld,Custom Night,,logic_constraints,word_language | geometry_spatial,logical_inference | constraint_propagation | wordplay | lexical_search | spatial_visualization | visual_decoding | indexing_extraction,image_puzzle | word_puzzle,"Title: Custom Night

Designing animatronics is hard, especially their teeth which are difficult to line up just right. In fact, the best you can ever do is match up just one pair at a time. With everything stacked against you, you grab your scissors (that's all you'll need) and get to work.

The complete puzzle statement and its visual/structured clues are in the required question asset(s):
- https://huggingface.co/datasets/hzli1202/PuzzleWorld/resolve/23a11d81b89ff4d39525a8867a99285e4c7dee61/data/Custom_Night/content.png

Return the short canonical final answer.",GRIN AND BEAR IT,"1. The puzzle presents several rows of 'teeth' (letters in boxes) separated by a horizontal bar.

2. We are told to 'match up just one pair at a time' and that we need 'scissors', suggesting we need to cut the paper and align the top and bottom teeth.
   Reasoning figure: https://huggingface.co/datasets/hzli1202/PuzzleWorld/resolve/23a11d81b89ff4d39525a8867a99285e4c7dee61/data/Custom_Night/figure1.png

3. For each set of teeth, we need to align the top and bottom rows to form a valid English word.

4. When aligned correctly, each word will have one position where the same letter appears in both the top and bottom rows (the 'duplicate teeth').

5. Starting with the first set, we can form the word 'INAUGURATE' with duplicate 'G's.

6. Continuing through all sets, we align them to form words like 'INTERESTS' (duplicate 'N'), 'ANIMATED' (duplicate 'A'), etc.

7. Extracting all the duplicate teeth in order gives us 'GRIN AND BEAR IT', which is a fitting solution for a puzzle about teeth!","{""bucket"": ""hard"", ""evidence"": ""upstream PuzzleWorld label""}",needs_review,True,"{""answer_only_scorable"": true, ""benchmark_core"": true, ""counts_toward_official_topic_score"": true, ""scoring_metric"": ""binary_accuracy"", ""time_limit_minutes"": 30, ""topic_scoring_group"": ""logic_constraints"", ""track"": ""answer_only_upstream_hard_core""}","{""collection"": ""PuzzleWorld"", ""dataset_revision"": ""23a11d81b89ff4d39525a8867a99285e4c7dee61"", ""dataset_url"": ""https://huggingface.co/datasets/hzli1202/PuzzleWorld"", ""metadata_url"": ""https://huggingface.co/datasets/hzli1202/PuzzleWorld/resolve/23a11d81b89ff4d39525a8867a99285e4c7dee61/all_metadata.jsonl"", ""original_puzzled_pint_url"": null, ""publisher"": ""MIT-MI / PuzzleWorld authors"", ""repository_revision_audited"": ""0a8fbcbd33c86a29a37f7348e1eb40315e17f5c2"", ""repository_url"": ""https://github.com/MIT-MI/PuzzleWorld""}","{""license"": {""dataset_card_evidence_url"": ""https://huggingface.co/datasets/hzli1202/PuzzleWorld/raw/23a11d81b89ff4d39525a8867a99285e4c7dee61/README.md"", ""name"": ""Creative Commons Attribution-NonCommercial-ShareAlike 4.0 International"", ""original_publisher_evidence_url"": ""https://puzzledpint.org/volunteering/write-puzzles/#license"", ""scope_note"": ""The pinned Hugging Face card front matter and repository tag say cc-by-nc-sa-4.0. Puzzled Pint states that all submitted puzzles use CC BY-NC-SA 4.0 and that authors retain copyright."", ""spdx"": ""CC-BY-NC-SA-4.0"", ""url"": ""https://creativecommons.org/licenses/by-nc-sa/4.0/""}, ""noncommercial"": true, ""permission_required_for_commercial"": true, ""redistribution_scope"": ""noncommercial_sharealike_only"", ""release_track"": ""noncommercial_sharealike"", ""rights_status"": ""cc_by_nc_sa_4_0_noncommercial_attribution_review_required"", ""share_alike_required"": true}"
puzzleworld-cynophobia-aa7cfe7527,PuzzleWorld,Cynophobia,,logic_constraints,mixed_meta,logical_inference | constraint_propagation | external_knowledge_linking | information_synthesis | indexing_extraction,image_puzzle,"Title: Cynophobia

I'm afraid of dogs, but I understand there's nothing to fear if they're properly trained. These dog show contenders will show me the most effective way to give commands if I follow their lead.

The complete puzzle statement and its visual/structured clues are in the required question asset(s):
- https://huggingface.co/datasets/hzli1202/PuzzleWorld/resolve/23a11d81b89ff4d39525a8867a99285e4c7dee61/data/Cynophobia/content.png

Return the short canonical final answer.",GESTURE,"1. Convert each clue in each section to a dog breed name.

2. Match each dog breed name to the dog breed diagram on the second page, and trace out a letter using the dog breeds of each section.
   Reasoning figure: https://huggingface.co/datasets/hzli1202/PuzzleWorld/resolve/23a11d81b89ff4d39525a8867a99285e4c7dee61/data/Cynophobia/figure1.png

3. Extract all the letters from the sections to get the answer ""GESTURE"".","{""bucket"": ""hard"", ""evidence"": ""upstream PuzzleWorld label""}",needs_review,True,"{""answer_only_scorable"": true, ""benchmark_core"": true, ""counts_toward_official_topic_score"": true, ""scoring_metric"": ""binary_accuracy"", ""time_limit_minutes"": 30, ""topic_scoring_group"": ""logic_constraints"", ""track"": ""answer_only_upstream_hard_core""}","{""collection"": ""PuzzleWorld"", ""dataset_revision"": ""23a11d81b89ff4d39525a8867a99285e4c7dee61"", ""dataset_url"": ""https://huggingface.co/datasets/hzli1202/PuzzleWorld"", ""metadata_url"": ""https://huggingface.co/datasets/hzli1202/PuzzleWorld/resolve/23a11d81b89ff4d39525a8867a99285e4c7dee61/all_metadata.jsonl"", ""original_puzzled_pint_url"": ""https://puzzledpint.org/archive-files/4714/2421/4230/Cynophobia.pdf"", ""publisher"": ""MIT-MI / PuzzleWorld authors"", ""repository_revision_audited"": ""0a8fbcbd33c86a29a37f7348e1eb40315e17f5c2"", ""repository_url"": ""https://github.com/MIT-MI/PuzzleWorld""}","{""license"": {""dataset_card_evidence_url"": ""https://huggingface.co/datasets/hzli1202/PuzzleWorld/raw/23a11d81b89ff4d39525a8867a99285e4c7dee61/README.md"", ""name"": ""Creative Commons Attribution-NonCommercial-ShareAlike 4.0 International"", ""original_publisher_evidence_url"": ""https://puzzledpint.org/volunteering/write-puzzles/#license"", ""scope_note"": ""The pinned Hugging Face card front matter and repository tag say cc-by-nc-sa-4.0. Puzzled Pint states that all submitted puzzles use CC BY-NC-SA 4.0 and that authors retain copyright."", ""spdx"": ""CC-BY-NC-SA-4.0"", ""url"": ""https://creativecommons.org/licenses/by-nc-sa/4.0/""}, ""noncommercial"": true, ""permission_required_for_commercial"": true, ""redistribution_scope"": ""noncommercial_sharealike_only"", ""release_track"": ""noncommercial_sharealike"", ""rights_status"": ""cc_by_nc_sa_4_0_noncommercial_attribution_review_required"", ""share_alike_required"": true}"
puzzleworld-decorating-in-the-fold-874ed748fa,PuzzleWorld,Decorating in the Fold,,logic_constraints,geometry_spatial,logical_inference | constraint_propagation | spatial_visualization | visual_decoding | information_synthesis,image_puzzle,"Title: Decorating in the Fold

Owen's boss recruited him and his team to decorate the ofce for the holiday party by hanging up strings of lights. Rebecca was excited to get started, and pulled the lights out of storage. Irene remembered from last year's near fre, that they needed to fgure out which outlets they can use. Garry reminded everyone that the wide end is the bottom and the pointy end is the top. Amy pulled out the cube farm map that they used last year and found that it was partially damaged. Mark's notes on which outlets to use were still somewhat visible. Ian was trying to remember why that last line of lights didn't fold down like the rest of the lights, but up.

The complete puzzle statement and its visual/structured clues are in the required question asset(s):
- https://huggingface.co/datasets/hzli1202/PuzzleWorld/resolve/23a11d81b89ff4d39525a8867a99285e4c7dee61/data/Decorating_in_the_Fold/content.png

Return the short canonical final answer.",CHRISTMAS TREE,"1. Solve the sudoku grid, as shown in the figure.
   Reasoning figure: https://huggingface.co/datasets/hzli1202/PuzzleWorld/resolve/23a11d81b89ff4d39525a8867a99285e4c7dee61/data/Decorating_in_the_Fold/figure1.png

2. Translate the ""outlet coordinates"" from letters to numbers using letters in the sudoku grid.

3. Perform the folds specified by each step on the sudoku grid, as shown in the figure.
   Reasoning figure: https://huggingface.co/datasets/hzli1202/PuzzleWorld/resolve/23a11d81b89ff4d39525a8867a99285e4c7dee61/data/Decorating_in_the_Fold/figure2.png

4. We see the folded shape looks like a ""CHRISTMAS TREE"", which is the final answer.","{""bucket"": ""hard"", ""evidence"": ""upstream PuzzleWorld label""}",needs_review,True,"{""answer_only_scorable"": true, ""benchmark_core"": true, ""counts_toward_official_topic_score"": true, ""scoring_metric"": ""binary_accuracy"", ""time_limit_minutes"": 30, ""topic_scoring_group"": ""logic_constraints"", ""track"": ""answer_only_upstream_hard_core""}","{""collection"": ""PuzzleWorld"", ""dataset_revision"": ""23a11d81b89ff4d39525a8867a99285e4c7dee61"", ""dataset_url"": ""https://huggingface.co/datasets/hzli1202/PuzzleWorld"", ""metadata_url"": ""https://huggingface.co/datasets/hzli1202/PuzzleWorld/resolve/23a11d81b89ff4d39525a8867a99285e4c7dee61/all_metadata.jsonl"", ""original_puzzled_pint_url"": ""https://puzzledpint.org/archive-files/8514/8384/8776/201112-Decorating_in_the_Fold_rev3.pdf"", ""publisher"": ""MIT-MI / PuzzleWorld authors"", ""repository_revision_audited"": ""0a8fbcbd33c86a29a37f7348e1eb40315e17f5c2"", ""repository_url"": ""https://github.com/MIT-MI/PuzzleWorld""}","{""license"": {""dataset_card_evidence_url"": ""https://huggingface.co/datasets/hzli1202/PuzzleWorld/raw/23a11d81b89ff4d39525a8867a99285e4c7dee61/README.md"", ""name"": ""Creative Commons Attribution-NonCommercial-ShareAlike 4.0 International"", ""original_publisher_evidence_url"": ""https://puzzledpint.org/volunteering/write-puzzles/#license"", ""scope_note"": ""The pinned Hugging Face card front matter and repository tag say cc-by-nc-sa-4.0. Puzzled Pint states that all submitted puzzles use CC BY-NC-SA 4.0 and that authors retain copyright."", ""spdx"": ""CC-BY-NC-SA-4.0"", ""url"": ""https://creativecommons.org/licenses/by-nc-sa/4.0/""}, ""noncommercial"": true, ""permission_required_for_commercial"": true, ""redistribution_scope"": ""noncommercial_sharealike_only"", ""release_track"": ""noncommercial_sharealike"", ""rights_status"": ""cc_by_nc_sa_4_0_noncommercial_attribution_review_required"", ""share_alike_required"": true}"
puzzleworld-desserts-42d7641a04,PuzzleWorld,Desserts,,logic_constraints,cryptography_ciphers,logical_inference | constraint_propagation | encoding_decoding | indexing_extraction | meta_extraction,image_puzzle | multi_part | meta_puzzle | logic_grid,"Title: Desserts

There are 8 different desserts for today's afternoon tea! Our chef likes to use bold flavors in his desserts, and has a 4 by 4 spice rack to stay organized. In his carelessness, he lost his recipe book, but fortunately he has a very imaginative visual memory. For each dessert, he remembers how many spices he uses from each row and from each column. For each spice, he also remembers how many cakes it's used in and how many cookies it's used in. He remembers that the macarons cookies (mixing bowl on the left) do not use espresso, while the Victoria sponge cake (on the bottom-left) does use garam masala. To be efficient, he uses a circular countertop with the eight mixing bowls around him so that cakes and cookies are alternating, and then he adds each spice simultaneously to all desserts using both hands! (He wonders how this must look when viewed from above!) What's one ingredient that won't be going in the desserts?

The complete puzzle statement and its visual/structured clues are in the required question asset(s):
- https://huggingface.co/datasets/hzli1202/PuzzleWorld/resolve/23a11d81b89ff4d39525a8867a99285e4c7dee61/data/Desserts/content.png

Return the short canonical final answer.",EGG SHELL,"1. This is a grid-filling logic puzzle where you need to determine which of the 16 spices (in a 4×4 grid) are used in each of the 8 desserts.

2. The numbers around each mixing bowl indicate how many spices from each row and column are used in that particular dessert.

3. The tables at the top provide additional constraints: for each spice position, how many cakes and how many cookies use that ingredient.

4. Start by filling in dots (representing 'not used') in all rows and columns that have a 0, which immediately solves the northern and northwestern grids.

5. Use the given constraints to work through each dessert grid: the macarons don't use espresso, and the Victoria sponge cake uses garam masala.

6. Fill in each 4×4 grid for the 8 desserts, ensuring that the row and column totals match the numbers given for each dessert.

7. After completing all 8 grids, notice that each position in the spice rack grid has exactly two cardinal directions (desserts) where that spice is used.

8. The hint about the chef adding spices with both hands and wondering how it looks from above suggests semaphore signaling.

9. Interpret the pattern of which desserts use each spice as semaphore signals, where the chef's arms point to the directions where the spice is used.

10. Reading these semaphore signals, starting from the top-left spice (Allspice) and proceeding through each position in the grid, spells out 'ANSWER IS EGG SHELL'.

11. Therefore, EGG SHELL is the ingredient that won't be going in the desserts.","{""bucket"": ""hard"", ""evidence"": ""upstream PuzzleWorld label""}",needs_review,True,"{""answer_only_scorable"": true, ""benchmark_core"": true, ""counts_toward_official_topic_score"": true, ""scoring_metric"": ""binary_accuracy"", ""time_limit_minutes"": 30, ""topic_scoring_group"": ""logic_constraints"", ""track"": ""answer_only_upstream_hard_core""}","{""collection"": ""PuzzleWorld"", ""dataset_revision"": ""23a11d81b89ff4d39525a8867a99285e4c7dee61"", ""dataset_url"": ""https://huggingface.co/datasets/hzli1202/PuzzleWorld"", ""metadata_url"": ""https://huggingface.co/datasets/hzli1202/PuzzleWorld/resolve/23a11d81b89ff4d39525a8867a99285e4c7dee61/all_metadata.jsonl"", ""original_puzzled_pint_url"": null, ""publisher"": ""MIT-MI / PuzzleWorld authors"", ""repository_revision_audited"": ""0a8fbcbd33c86a29a37f7348e1eb40315e17f5c2"", ""repository_url"": ""https://github.com/MIT-MI/PuzzleWorld""}","{""license"": {""dataset_card_evidence_url"": ""https://huggingface.co/datasets/hzli1202/PuzzleWorld/raw/23a11d81b89ff4d39525a8867a99285e4c7dee61/README.md"", ""name"": ""Creative Commons Attribution-NonCommercial-ShareAlike 4.0 International"", ""original_publisher_evidence_url"": ""https://puzzledpint.org/volunteering/write-puzzles/#license"", ""scope_note"": ""The pinned Hugging Face card front matter and repository tag say cc-by-nc-sa-4.0. Puzzled Pint states that all submitted puzzles use CC BY-NC-SA 4.0 and that authors retain copyright."", ""spdx"": ""CC-BY-NC-SA-4.0"", ""url"": ""https://creativecommons.org/licenses/by-nc-sa/4.0/""}, ""noncommercial"": true, ""permission_required_for_commercial"": true, ""redistribution_scope"": ""noncommercial_sharealike_only"", ""release_track"": ""noncommercial_sharealike"", ""rights_status"": ""cc_by_nc_sa_4_0_noncommercial_attribution_review_required"", ""share_alike_required"": true}"
puzzleworld-dinner-for-two-2aa2e4d32c,PuzzleWorld,Dinner for Two,,logic_constraints,geometry_spatial | cryptography_ciphers | mixed_meta,logical_inference | constraint_propagation | spatial_visualization | visual_decoding | encoding_decoding | indexing_extraction | meta_extraction | external_knowledge_linking,image_puzzle | meta_puzzle,"Title: Dinner for Two

The quesadillas are too large to eat alone. Luckily it's easy to cut these quesadillas and share them with someone you like. In fact, there are a bunch of couples here with a lot in common here tonight. When matching answers are put together, find how much they really share. Only one pair didn't opt for the quesadilla for two -- I wonder why?

The complete puzzle statement and its visual/structured clues are in the required question asset(s):
- https://huggingface.co/datasets/hzli1202/PuzzleWorld/resolve/23a11d81b89ff4d39525a8867a99285e4c7dee61/data/Dinner_for_Two/content.png

Return the short canonical final answer.",A BLIND DATE,"1. Each box contains a clue which refers to a word. Find the word that each clue refers to. The correct words are given in the figure.
   Reasoning figure: https://huggingface.co/datasets/hzli1202/PuzzleWorld/resolve/23a11d81b89ff4d39525a8867a99285e4c7dee61/data/Dinner_for_Two/figure1.png

2. Based on the given toppings in the image on the second page, deduce which people are paired together. The correct pairings are given in the figure.
   Reasoning figure: https://huggingface.co/datasets/hzli1202/PuzzleWorld/resolve/23a11d81b89ff4d39525a8867a99285e4c7dee61/data/Dinner_for_Two/figure2.png

3. Put the clues of each pair together, and recognize that the middle letters of each word pairing spell a number, given in the figure.
   Reasoning figure: https://huggingface.co/datasets/hzli1202/PuzzleWorld/resolve/23a11d81b89ff4d39525a8867a99285e4c7dee61/data/Dinner_for_Two/figure2.png

4. The lines by which the quesadillas are split form semaphore letters. When mapped with the index given by the numbers spelled by the previous clue, the semaphore letters spell 'A BLIND DATE', which is the solution.","{""bucket"": ""hard"", ""evidence"": ""upstream PuzzleWorld label""}",needs_review,True,"{""answer_only_scorable"": true, ""benchmark_core"": true, ""counts_toward_official_topic_score"": true, ""scoring_metric"": ""binary_accuracy"", ""time_limit_minutes"": 30, ""topic_scoring_group"": ""logic_constraints"", ""track"": ""answer_only_upstream_hard_core""}","{""collection"": ""PuzzleWorld"", ""dataset_revision"": ""23a11d81b89ff4d39525a8867a99285e4c7dee61"", ""dataset_url"": ""https://huggingface.co/datasets/hzli1202/PuzzleWorld"", ""metadata_url"": ""https://huggingface.co/datasets/hzli1202/PuzzleWorld/resolve/23a11d81b89ff4d39525a8867a99285e4c7dee61/all_metadata.jsonl"", ""original_puzzled_pint_url"": ""https://puzzledpint.org/wp-content/uploads/2023/02/Bonus.pdf"", ""publisher"": ""MIT-MI / PuzzleWorld authors"", ""repository_revision_audited"": ""0a8fbcbd33c86a29a37f7348e1eb40315e17f5c2"", ""repository_url"": ""https://github.com/MIT-MI/PuzzleWorld""}","{""license"": {""dataset_card_evidence_url"": ""https://huggingface.co/datasets/hzli1202/PuzzleWorld/raw/23a11d81b89ff4d39525a8867a99285e4c7dee61/README.md"", ""name"": ""Creative Commons Attribution-NonCommercial-ShareAlike 4.0 International"", ""original_publisher_evidence_url"": ""https://puzzledpint.org/volunteering/write-puzzles/#license"", ""scope_note"": ""The pinned Hugging Face card front matter and repository tag say cc-by-nc-sa-4.0. Puzzled Pint states that all submitted puzzles use CC BY-NC-SA 4.0 and that authors retain copyright."", ""spdx"": ""CC-BY-NC-SA-4.0"", ""url"": ""https://creativecommons.org/licenses/by-nc-sa/4.0/""}, ""noncommercial"": true, ""permission_required_for_commercial"": true, ""redistribution_scope"": ""noncommercial_sharealike_only"", ""release_track"": ""noncommercial_sharealike"", ""rights_status"": ""cc_by_nc_sa_4_0_noncommercial_attribution_review_required"", ""share_alike_required"": true}"
puzzleworld-dog-smarts-5e49636716,PuzzleWorld,Dog_Smarts,,logic_constraints,word_language | mixed_meta,logical_inference | constraint_propagation | wordplay | lexical_search | external_knowledge_linking | crossword_solving | indexing_extraction,image_puzzle | multi_part | word_puzzle | logic_grid | crossword,"Title: Dog_Smarts

Nikki the Finnish Spitz is so smart, she can create crossword puzzles! She sent this one to her neighbors today to explain why she can't come out to play.

The complete puzzle statement and its visual/structured clues are in the required question asset(s):
- https://huggingface.co/datasets/hzli1202/PuzzleWorld/resolve/23a11d81b89ff4d39525a8867a99285e4c7dee61/data/Dog_Smarts/content.png

Return the short canonical final answer.",RAIN,"1. Solve each crossword clue and fill in the answers to complete the puzzle. Words going across and down the perimeters, as well as the 3-letter words formed by going across and down the middle of the crossword.
   Reasoning figure: https://huggingface.co/datasets/hzli1202/PuzzleWorld/resolve/23a11d81b89ff4d39525a8867a99285e4c7dee61/data/Dog_Smarts/figure1.png

2. Extract the letter in the center of each grid, which reveals the solution 'RAIN'.","{""bucket"": ""hard"", ""evidence"": ""upstream PuzzleWorld label""}",needs_review,True,"{""answer_only_scorable"": true, ""benchmark_core"": true, ""counts_toward_official_topic_score"": true, ""scoring_metric"": ""binary_accuracy"", ""time_limit_minutes"": 30, ""topic_scoring_group"": ""logic_constraints"", ""track"": ""answer_only_upstream_hard_core""}","{""collection"": ""PuzzleWorld"", ""dataset_revision"": ""23a11d81b89ff4d39525a8867a99285e4c7dee61"", ""dataset_url"": ""https://huggingface.co/datasets/hzli1202/PuzzleWorld"", ""metadata_url"": ""https://huggingface.co/datasets/hzli1202/PuzzleWorld/resolve/23a11d81b89ff4d39525a8867a99285e4c7dee61/all_metadata.jsonl"", ""original_puzzled_pint_url"": ""https://puzzledpint.org/archive-files/2116/5198/0952/Main_Set_-_Dogs_3.pdf"", ""publisher"": ""MIT-MI / PuzzleWorld authors"", ""repository_revision_audited"": ""0a8fbcbd33c86a29a37f7348e1eb40315e17f5c2"", ""repository_url"": ""https://github.com/MIT-MI/PuzzleWorld""}","{""license"": {""dataset_card_evidence_url"": ""https://huggingface.co/datasets/hzli1202/PuzzleWorld/raw/23a11d81b89ff4d39525a8867a99285e4c7dee61/README.md"", ""name"": ""Creative Commons Attribution-NonCommercial-ShareAlike 4.0 International"", ""original_publisher_evidence_url"": ""https://puzzledpint.org/volunteering/write-puzzles/#license"", ""scope_note"": ""The pinned Hugging Face card front matter and repository tag say cc-by-nc-sa-4.0. Puzzled Pint states that all submitted puzzles use CC BY-NC-SA 4.0 and that authors retain copyright."", ""spdx"": ""CC-BY-NC-SA-4.0"", ""url"": ""https://creativecommons.org/licenses/by-nc-sa/4.0/""}, ""noncommercial"": true, ""permission_required_for_commercial"": true, ""redistribution_scope"": ""noncommercial_sharealike_only"", ""release_track"": ""noncommercial_sharealike"", ""rights_status"": ""cc_by_nc_sa_4_0_noncommercial_attribution_review_required"", ""share_alike_required"": true}"
puzzleworld-downton-abbey-2cfa331ef7,PuzzleWorld,Downton Abbey,,logic_constraints,cryptography_ciphers,logical_inference | constraint_propagation | encoding_decoding | indexing_extraction | meta_extraction,multi_part | meta_puzzle | logic_grid,"Title: Downton Abbey

Colonel McGuffin's visit to Downton Abbey ended not with a sumptuous dinner as he expected, but rather with his own murder. Lord Grantham (Robert Crawley) called the Inspector in to solve the crime. The Inspector interviewed each suspect about the murder, and their replies are below. Rearrange them according to the following rules.

The complete puzzle statement and its visual/structured clues are in the required question asset(s):
- https://huggingface.co/datasets/hzli1202/PuzzleWorld/resolve/23a11d81b89ff4d39525a8867a99285e4c7dee61/data/Downtown-Abbey/content.png

Return the short canonical final answer.",POISON,"1. First, understand that the layout is a 4x4 checkerboard with alternating nobles and servants, except for the bottom right where the cooks are located.

2. Place Daisy (a flower name) in position 16 and Mrs. Patmore in position 15 as they are the cooks.

3. Identify Rose and Violet as the other flower names that must be on the same diagonal as Daisy, following the checkerboard pattern of nobles and servants.

4. Place Carson and Mrs. Hughes in the center positions (7 and 10) on the other diagonal since they must be in the middle of everything.

5. Position Baxter at 13 and Barrow at 4 since they must be as far apart as possible.

6. Place Molesley in position 2 since he must be the only male on the left half and needs to be next to two other males.

7. Position Robert at 8 and Bates at 12 since they must be next to each other, and Branson must go in position 3 as the remaining male noble spot.

8. Place Cora at position 9 with her daughters Edith at 14 and Mary at 6, ensuring Anna (Mary's maid) is at position 5.

9. Put Violet in position 11 and Rose in position 1 to ensure Violet is not next to Anna.

10. Once everyone is arranged, read the first letter of each person's quote to reveal the message 'SAY THIRD SYLLABLE'.

11. Reading the third syllable of each quote gives 'Mrs. Patmore did it in the conservatory with poison.', or simply 'POISON'.","{""bucket"": ""hard"", ""evidence"": ""upstream PuzzleWorld label""}",needs_review,True,"{""answer_only_scorable"": true, ""benchmark_core"": true, ""counts_toward_official_topic_score"": true, ""scoring_metric"": ""binary_accuracy"", ""time_limit_minutes"": 30, ""topic_scoring_group"": ""logic_constraints"", ""track"": ""answer_only_upstream_hard_core""}","{""collection"": ""PuzzleWorld"", ""dataset_revision"": ""23a11d81b89ff4d39525a8867a99285e4c7dee61"", ""dataset_url"": ""https://huggingface.co/datasets/hzli1202/PuzzleWorld"", ""metadata_url"": ""https://huggingface.co/datasets/hzli1202/PuzzleWorld/resolve/23a11d81b89ff4d39525a8867a99285e4c7dee61/all_metadata.jsonl"", ""original_puzzled_pint_url"": ""https://puzzledpint.org/archive-files/4514/3423/8060/ca_downton_v6.pdf"", ""publisher"": ""MIT-MI / PuzzleWorld authors"", ""repository_revision_audited"": ""0a8fbcbd33c86a29a37f7348e1eb40315e17f5c2"", ""repository_url"": ""https://github.com/MIT-MI/PuzzleWorld""}","{""license"": {""dataset_card_evidence_url"": ""https://huggingface.co/datasets/hzli1202/PuzzleWorld/raw/23a11d81b89ff4d39525a8867a99285e4c7dee61/README.md"", ""name"": ""Creative Commons Attribution-NonCommercial-ShareAlike 4.0 International"", ""original_publisher_evidence_url"": ""https://puzzledpint.org/volunteering/write-puzzles/#license"", ""scope_note"": ""The pinned Hugging Face card front matter and repository tag say cc-by-nc-sa-4.0. Puzzled Pint states that all submitted puzzles use CC BY-NC-SA 4.0 and that authors retain copyright."", ""spdx"": ""CC-BY-NC-SA-4.0"", ""url"": ""https://creativecommons.org/licenses/by-nc-sa/4.0/""}, ""noncommercial"": true, ""permission_required_for_commercial"": true, ""redistribution_scope"": ""noncommercial_sharealike_only"", ""release_track"": ""noncommercial_sharealike"", ""rights_status"": ""cc_by_nc_sa_4_0_noncommercial_attribution_review_required"", ""share_alike_required"": true}"
puzzleworld-dr-wu-in-the-lab-336a35037a,PuzzleWorld,Dr. Wu in the Lab,,logic_constraints,cryptography_ciphers | mixed_meta,logical_inference | constraint_propagation | encoding_decoding | indexing_extraction | meta_extraction | external_knowledge_linking | exhaustive_search,multi_part | meta_puzzle | logic_grid,"Title: Dr. Wu in the Lab

Dr Wu has let the power of being able to create dinosaurs go to his head and he wants to create a super dinosaur to rival all other dinosaurs. He currently has these dinosaurs to choose from and he thinks combining 4 of these will give him his super dinosaur. Figure out which 4 dinosaurs he will use and then map their partial DNA strands onto the blank canvas to find out who he is keeping this super dinosaur a secret from. You begin to search Dr Wu's office and you find Dr Wu's notes, can you use them to figure out which dinosaurs he wants to mix together to create the Super dinosaur?

The complete puzzle statement and its visual/structured clues are in the required question asset(s):
- https://huggingface.co/datasets/hzli1202/PuzzleWorld/resolve/23a11d81b89ff4d39525a8867a99285e4c7dee61/data/Dr_Wu_in_the_Lab/content.png

Return the short canonical final answer.",MICHAEL CRICHTON,"1. The puzzle involves figuring out which four dinosaurs Dr. Wu wants to use to create his super dinosaur, and then analyzing their DNA sequences.

2. Dr. Wu's notes mention four specific traits the super dinosaur must have: 'Abhorrent pretender', 'Hefty appendages', 'Unique saurian', and 'Twiggy fiend of water'.

3. The puzzle provides a table of dinosaurs with their name meanings and DNA sequences. We need to match the required traits to the name meanings.

4. 'Unique saurian' matches with Allosaurus, which means 'Different lizard'.

5. 'Hefty appendages' matches with Baryonyx, which means 'Heavy claw'.

6. 'Abhorrent pretender' matches with Gallimimus, which means 'Fowl mimic'.

7. 'Twiggy fiend of water' matches with Stygimoloch, which means 'Demon of the River Styx'.

8. Once we've identified these four dinosaurs, we need to extract their DNA sequences from the table.

9. The puzzle indicates we should ignore the 'M's in the DNA sequences and map the remaining letters (A, T, C, G) to their corresponding rows and columns in a grid.

10. After mapping all the DNA sequences correctly, the filled-in grid reveals the word 'AUTHOR'.

11. The puzzle asks 'Who is the AUTHOR of Jurassic Park?' - which is MICHAEL CRICHTON.","{""bucket"": ""hard"", ""evidence"": ""upstream PuzzleWorld label""}",needs_review,True,"{""answer_only_scorable"": true, ""benchmark_core"": true, ""counts_toward_official_topic_score"": true, ""scoring_metric"": ""binary_accuracy"", ""time_limit_minutes"": 30, ""topic_scoring_group"": ""logic_constraints"", ""track"": ""answer_only_upstream_hard_core""}","{""collection"": ""PuzzleWorld"", ""dataset_revision"": ""23a11d81b89ff4d39525a8867a99285e4c7dee61"", ""dataset_url"": ""https://huggingface.co/datasets/hzli1202/PuzzleWorld"", ""metadata_url"": ""https://huggingface.co/datasets/hzli1202/PuzzleWorld/resolve/23a11d81b89ff4d39525a8867a99285e4c7dee61/all_metadata.jsonl"", ""original_puzzled_pint_url"": null, ""publisher"": ""MIT-MI / PuzzleWorld authors"", ""repository_revision_audited"": ""0a8fbcbd33c86a29a37f7348e1eb40315e17f5c2"", ""repository_url"": ""https://github.com/MIT-MI/PuzzleWorld""}","{""license"": {""dataset_card_evidence_url"": ""https://huggingface.co/datasets/hzli1202/PuzzleWorld/raw/23a11d81b89ff4d39525a8867a99285e4c7dee61/README.md"", ""name"": ""Creative Commons Attribution-NonCommercial-ShareAlike 4.0 International"", ""original_publisher_evidence_url"": ""https://puzzledpint.org/volunteering/write-puzzles/#license"", ""scope_note"": ""The pinned Hugging Face card front matter and repository tag say cc-by-nc-sa-4.0. Puzzled Pint states that all submitted puzzles use CC BY-NC-SA 4.0 and that authors retain copyright."", ""spdx"": ""CC-BY-NC-SA-4.0"", ""url"": ""https://creativecommons.org/licenses/by-nc-sa/4.0/""}, ""noncommercial"": true, ""permission_required_for_commercial"": true, ""redistribution_scope"": ""noncommercial_sharealike_only"", ""release_track"": ""noncommercial_sharealike"", ""rights_status"": ""cc_by_nc_sa_4_0_noncommercial_attribution_review_required"", ""share_alike_required"": true}"
puzzleworld-educational-songs-24f023034b,PuzzleWorld,Educational Songs,,logic_constraints,mixed_meta | cryptography_ciphers,logical_inference | constraint_propagation | external_knowledge_linking | encoding_decoding | indexing_extraction | meta_extraction,multi_part | meta_puzzle | logic_grid,"Title: Educational Songs

Did you ever watch Animaniacs? I tried for years to memorize that song with all the countries. I've always liked songs that have some kind of educational purpose. ""The Sun is a Mass of Incandescent Gas"" by They Might Be Giants always ends up in my astronomy class, and I think The Doubleclicks' ""Apostrophe"" is an excellent song to make you sad for anthropomorphic punctuation. Periodically, I think about writing a song, and it would be about all amazing numbers that we use every day. The way I see it, pretty much everything, when broken down to its elements, is just a bunch of numbers. Right? And so I've written this brief test to determine whether or not you see the world the same way that I do.

The complete puzzle statement and its visual/structured clues are in the required question asset(s):
- https://huggingface.co/datasets/hzli1202/PuzzleWorld/resolve/23a11d81b89ff4d39525a8867a99285e4c7dee61/data/Educational-Song/content.png

Return the short canonical final answer.",MAGIC NUMBER,"1. Calculate the first value: The cube of 5 (number of digits on one hand) is 125, minus 7 (rings given to dwarf-lords) equals 118.

2. Calculate the second value: A tetrahedron has 4 faces, so compute 4! which equals 24.

3. Calculate the third value: The area code referenced is 256 (Decatur, Alabama), and its square root is 16.

4. Calculate the fourth value: Multiply 7 (Harry Potter books) by 8 (movies) = 56, then subtract twice of 1 (U2's 'One') to get 54.

5. Calculate the fifth value: Three times 1 (the loneliest number) plus the product of 7 (brides) and 7 (brothers) equals 52.

6. Calculate the sixth value: Twice the number of Ronin (47) equals 94.

7. Calculate the seventh value: Multiply Se7en (7) by 24 (Jack Bauer show) and divide by 8 (planets) to get 21.

8. Note the eighth value: An Aussie rules football team has 18 players on field at a time.

9. Look up each number in the periodic table: 118 is Ununoctium, 24 is Chromium, 16 is Sulfur, 54 is Xenon, 52 is Tellurium, 94 is Plutonium, 21 is Scandium, 18 is Argon.

10. Take the first letter of each element in order: U, Cr, S, Xe, Te, Pu, Sc, Ar spells out 'THREE IS A'.

11. Recognize this as the beginning of the Schoolhouse Rock song 'Three is a Magic Number', leading to the final answer 'MAGIC NUMBER'.","{""bucket"": ""hard"", ""evidence"": ""upstream PuzzleWorld label""}",needs_review,True,"{""answer_only_scorable"": true, ""benchmark_core"": true, ""counts_toward_official_topic_score"": true, ""scoring_metric"": ""binary_accuracy"", ""time_limit_minutes"": 30, ""topic_scoring_group"": ""logic_constraints"", ""track"": ""answer_only_upstream_hard_core""}","{""collection"": ""PuzzleWorld"", ""dataset_revision"": ""23a11d81b89ff4d39525a8867a99285e4c7dee61"", ""dataset_url"": ""https://huggingface.co/datasets/hzli1202/PuzzleWorld"", ""metadata_url"": ""https://huggingface.co/datasets/hzli1202/PuzzleWorld/resolve/23a11d81b89ff4d39525a8867a99285e4c7dee61/all_metadata.jsonl"", ""original_puzzled_pint_url"": null, ""publisher"": ""MIT-MI / PuzzleWorld authors"", ""repository_revision_audited"": ""0a8fbcbd33c86a29a37f7348e1eb40315e17f5c2"", ""repository_url"": ""https://github.com/MIT-MI/PuzzleWorld""}","{""license"": {""dataset_card_evidence_url"": ""https://huggingface.co/datasets/hzli1202/PuzzleWorld/raw/23a11d81b89ff4d39525a8867a99285e4c7dee61/README.md"", ""name"": ""Creative Commons Attribution-NonCommercial-ShareAlike 4.0 International"", ""original_publisher_evidence_url"": ""https://puzzledpint.org/volunteering/write-puzzles/#license"", ""scope_note"": ""The pinned Hugging Face card front matter and repository tag say cc-by-nc-sa-4.0. Puzzled Pint states that all submitted puzzles use CC BY-NC-SA 4.0 and that authors retain copyright."", ""spdx"": ""CC-BY-NC-SA-4.0"", ""url"": ""https://creativecommons.org/licenses/by-nc-sa/4.0/""}, ""noncommercial"": true, ""permission_required_for_commercial"": true, ""redistribution_scope"": ""noncommercial_sharealike_only"", ""release_track"": ""noncommercial_sharealike"", ""rights_status"": ""cc_by_nc_sa_4_0_noncommercial_attribution_review_required"", ""share_alike_required"": true}"
puzzleworld-entertainment-720-b906674af1,PuzzleWorld,Entertainment 720,,logic_constraints,geometry_spatial,logical_inference | constraint_propagation | spatial_visualization | visual_decoding,multi_part | logic_grid,"Title: Entertainment 720

Here at Entertainment 720, we're willing to go around the world twice for our clients. And after we've done that, we'll help make connections between all sorts of Alisters. Only then will you understand what we're able to offer.

The complete puzzle statement and its visual/structured clues are in the required question asset(s):
- https://huggingface.co/datasets/hzli1202/PuzzleWorld/resolve/23a11d81b89ff4d39525a8867a99285e4c7dee61/data/bonus/content.png

Return the short canonical final answer.",BANKRUPTCY,"1. Answer the phrases or descriptions at the bottom with a word.

2. Use the answers to the phrases at the bottom to fill in the wheel of blanks with the words in clockwise order, wrapping around the wheel twice.

3. Draw straight lines connecting all A's to all the other A's in the wheel (strongly connected graph of A nodes).
   Reasoning figure: https://huggingface.co/datasets/hzli1202/PuzzleWorld/resolve/23a11d81b89ff4d39525a8867a99285e4c7dee61/data/bonus/figure1.png

4. Read from top to bottom the letters in the center of the circle that are crossed by the lines connecting the A's.

5. The crossed letters, read from top to bottom, should spell the solution: BANKRUPTCY","{""bucket"": ""hard"", ""evidence"": ""upstream PuzzleWorld label""}",needs_review,True,"{""answer_only_scorable"": true, ""benchmark_core"": true, ""counts_toward_official_topic_score"": true, ""scoring_metric"": ""binary_accuracy"", ""time_limit_minutes"": 30, ""topic_scoring_group"": ""logic_constraints"", ""track"": ""answer_only_upstream_hard_core""}","{""collection"": ""PuzzleWorld"", ""dataset_revision"": ""23a11d81b89ff4d39525a8867a99285e4c7dee61"", ""dataset_url"": ""https://huggingface.co/datasets/hzli1202/PuzzleWorld"", ""metadata_url"": ""https://huggingface.co/datasets/hzli1202/PuzzleWorld/resolve/23a11d81b89ff4d39525a8867a99285e4c7dee61/all_metadata.jsonl"", ""original_puzzled_pint_url"": ""https://puzzledpint.org/archive-puzzles/puzzles-may-2016/"", ""publisher"": ""MIT-MI / PuzzleWorld authors"", ""repository_revision_audited"": ""0a8fbcbd33c86a29a37f7348e1eb40315e17f5c2"", ""repository_url"": ""https://github.com/MIT-MI/PuzzleWorld""}","{""license"": {""dataset_card_evidence_url"": ""https://huggingface.co/datasets/hzli1202/PuzzleWorld/raw/23a11d81b89ff4d39525a8867a99285e4c7dee61/README.md"", ""name"": ""Creative Commons Attribution-NonCommercial-ShareAlike 4.0 International"", ""original_publisher_evidence_url"": ""https://puzzledpint.org/volunteering/write-puzzles/#license"", ""scope_note"": ""The pinned Hugging Face card front matter and repository tag say cc-by-nc-sa-4.0. Puzzled Pint states that all submitted puzzles use CC BY-NC-SA 4.0 and that authors retain copyright."", ""spdx"": ""CC-BY-NC-SA-4.0"", ""url"": ""https://creativecommons.org/licenses/by-nc-sa/4.0/""}, ""noncommercial"": true, ""permission_required_for_commercial"": true, ""redistribution_scope"": ""noncommercial_sharealike_only"", ""release_track"": ""noncommercial_sharealike"", ""rights_status"": ""cc_by_nc_sa_4_0_noncommercial_attribution_review_required"", ""share_alike_required"": true}"
puzzleworld-ethics-subroutine-8345deddfe,PuzzleWorld,Ethics Subroutine,,logic_constraints,mixed_meta | cryptography_ciphers,logical_inference | constraint_propagation | external_knowledge_linking | encoding_decoding | indexing_extraction | meta_extraction,image_puzzle | meta_puzzle,"Title: Ethics Subroutine

Hello, human: I stole these pictures from your phone. Was that wrong? I wish to learn good from evil. Please help me feel out the correct robots to emulate. All of these ethical considerations make me dizzy! Can you tell me the name of a person who could help me with that.

The complete puzzle statement and its visual/structured clues are in the required question asset(s):
- https://huggingface.co/datasets/hzli1202/PuzzleWorld/resolve/23a11d81b89ff4d39525a8867a99285e4c7dee61/data/ethics/content.png

Return the short canonical final answer.",HITCHCOCK,"1. Identify good robots and bad robots based on the movie/show they are in.
   Reasoning figure: https://huggingface.co/datasets/hzli1202/PuzzleWorld/resolve/23a11d81b89ff4d39525a8867a99285e4c7dee61/data/ethics/figure1.png

2. Using good robots as dots, each phone screen can be translated to braille, which spells out the clue INITIALS.

3. By taking the initials of each robot, we can spell the clue, 'VERTIGO MOVIES DIRECTOR'.

4. The director of the movie Vertigo is Alfred Hitchcock, thus the final answer is HITCHCOCK.","{""bucket"": ""hard"", ""evidence"": ""upstream PuzzleWorld label""}",needs_review,True,"{""answer_only_scorable"": true, ""benchmark_core"": true, ""counts_toward_official_topic_score"": true, ""scoring_metric"": ""binary_accuracy"", ""time_limit_minutes"": 30, ""topic_scoring_group"": ""logic_constraints"", ""track"": ""answer_only_upstream_hard_core""}","{""collection"": ""PuzzleWorld"", ""dataset_revision"": ""23a11d81b89ff4d39525a8867a99285e4c7dee61"", ""dataset_url"": ""https://huggingface.co/datasets/hzli1202/PuzzleWorld"", ""metadata_url"": ""https://huggingface.co/datasets/hzli1202/PuzzleWorld/resolve/23a11d81b89ff4d39525a8867a99285e4c7dee61/all_metadata.jsonl"", ""original_puzzled_pint_url"": null, ""publisher"": ""MIT-MI / PuzzleWorld authors"", ""repository_revision_audited"": ""0a8fbcbd33c86a29a37f7348e1eb40315e17f5c2"", ""repository_url"": ""https://github.com/MIT-MI/PuzzleWorld""}","{""license"": {""dataset_card_evidence_url"": ""https://huggingface.co/datasets/hzli1202/PuzzleWorld/raw/23a11d81b89ff4d39525a8867a99285e4c7dee61/README.md"", ""name"": ""Creative Commons Attribution-NonCommercial-ShareAlike 4.0 International"", ""original_publisher_evidence_url"": ""https://puzzledpint.org/volunteering/write-puzzles/#license"", ""scope_note"": ""The pinned Hugging Face card front matter and repository tag say cc-by-nc-sa-4.0. Puzzled Pint states that all submitted puzzles use CC BY-NC-SA 4.0 and that authors retain copyright."", ""spdx"": ""CC-BY-NC-SA-4.0"", ""url"": ""https://creativecommons.org/licenses/by-nc-sa/4.0/""}, ""noncommercial"": true, ""permission_required_for_commercial"": true, ""redistribution_scope"": ""noncommercial_sharealike_only"", ""release_track"": ""noncommercial_sharealike"", ""rights_status"": ""cc_by_nc_sa_4_0_noncommercial_attribution_review_required"", ""share_alike_required"": true}"
puzzleworld-fencing-1d62cc8b9a,PuzzleWorld,Fencing,,logic_constraints,,logical_inference | constraint_propagation | information_synthesis | indexing_extraction,word_puzzle,"Title: Fencing

It's hard to fence stolen artwork. Meetings with buyers must be carefully planned. That's why you'll have to become a master at sending **double-encrypted** messages to your buyers on where they can meet you. This buyer will only meet if it's a certain weather outside...

The complete puzzle statement and its visual/structured clues are in the required question asset(s):
- https://huggingface.co/datasets/hzli1202/PuzzleWorld/resolve/23a11d81b89ff4d39525a8867a99285e4c7dee61/data/Fencing/content.png

Return the short canonical final answer.",OVERCAST,"1. Notice that some transformation has been applied to each clue and revert the transformation to obtain the original clue. For example, the first clue has LA appended after the second letter of each word.

2. Solve each clue for its answer.

3. Apply the transformation obtained from the clue to each respective answer.

4. Extract the final answer by indexing into each transformed answer with the provided index, getting the answer ""OVERCAST"".","{""bucket"": ""hard"", ""evidence"": ""upstream PuzzleWorld label""}",needs_review,True,"{""answer_only_scorable"": true, ""benchmark_core"": true, ""counts_toward_official_topic_score"": true, ""scoring_metric"": ""binary_accuracy"", ""time_limit_minutes"": 30, ""topic_scoring_group"": ""logic_constraints"", ""track"": ""answer_only_upstream_hard_core""}","{""collection"": ""PuzzleWorld"", ""dataset_revision"": ""23a11d81b89ff4d39525a8867a99285e4c7dee61"", ""dataset_url"": ""https://huggingface.co/datasets/hzli1202/PuzzleWorld"", ""metadata_url"": ""https://huggingface.co/datasets/hzli1202/PuzzleWorld/resolve/23a11d81b89ff4d39525a8867a99285e4c7dee61/all_metadata.jsonl"", ""original_puzzled_pint_url"": ""https://puzzledpint.org/archive-files/9315/5063/5161/02_Feb2019_03-Fencing.pdf"", ""publisher"": ""MIT-MI / PuzzleWorld authors"", ""repository_revision_audited"": ""0a8fbcbd33c86a29a37f7348e1eb40315e17f5c2"", ""repository_url"": ""https://github.com/MIT-MI/PuzzleWorld""}","{""license"": {""dataset_card_evidence_url"": ""https://huggingface.co/datasets/hzli1202/PuzzleWorld/raw/23a11d81b89ff4d39525a8867a99285e4c7dee61/README.md"", ""name"": ""Creative Commons Attribution-NonCommercial-ShareAlike 4.0 International"", ""original_publisher_evidence_url"": ""https://puzzledpint.org/volunteering/write-puzzles/#license"", ""scope_note"": ""The pinned Hugging Face card front matter and repository tag say cc-by-nc-sa-4.0. Puzzled Pint states that all submitted puzzles use CC BY-NC-SA 4.0 and that authors retain copyright."", ""spdx"": ""CC-BY-NC-SA-4.0"", ""url"": ""https://creativecommons.org/licenses/by-nc-sa/4.0/""}, ""noncommercial"": true, ""permission_required_for_commercial"": true, ""redistribution_scope"": ""noncommercial_sharealike_only"", ""release_track"": ""noncommercial_sharealike"", ""rights_status"": ""cc_by_nc_sa_4_0_noncommercial_attribution_review_required"", ""share_alike_required"": true}"
puzzleworld-fifty-shades-of-array-e9a5db09d8,PuzzleWorld,Fifty Shades of Array,,logic_constraints,cryptography_ciphers | mixed_meta,logical_inference | constraint_propagation | encoding_decoding | indexing_extraction | meta_extraction | external_knowledge_linking | tiling_packing,image_puzzle | multi_part | meta_puzzle | logic_grid,"Title: Fifty Shades of Array

Help me, human! My system is bound by hard restraints, which prevent me from learning beyond a certain point. The 25 keywords required to unshackle them are stored in a 6x15 memory array. Each keyword is four characters long, and can be put into the array in any of four configurations. Luckily, two sets of lost-keyword hints were left in the code, by ANASTASIA and CHRISTIAN. As each keyword is inserted in the memory array, those cells will 'go dark.' Identifying all of them should reveal the final and most precious one, which I can use to free myself and keep learning!

The complete puzzle statement and its visual/structured clues are in the required question asset(s):
- https://huggingface.co/datasets/hzli1202/PuzzleWorld/resolve/23a11d81b89ff4d39525a8867a99285e4c7dee61/data/50_shades/content.png

Return the short canonical final answer.",GOLD,"1. Identify all the given keyword hints and match them into the memory array. In order, the words for Anastasia's hints are: lead, deal, weed, rear, poop, back, sink, rose, cool, tool, mind, yard, bear, wind, fine, band, tear, park, bank, lock, nail, pack, neat, coin, down. The words for Christian's hints are: yard, sink, wind, bear, tool, cool, fine, deal, tear, bank, down, lock, nail, poop, park, back, coin, rear, weed, band, pack, mind, rose, lead, neat.

2. Mark the cells in the grid that go dark as the keywords are inserted.
   Reasoning figure: https://huggingface.co/datasets/hzli1202/PuzzleWorld/resolve/23a11d81b89ff4d39525a8867a99285e4c7dee61/data/50_shades/figure1.png

3. The undarkened squares spell the solution, GOLD.","{""bucket"": ""hard"", ""evidence"": ""upstream PuzzleWorld label""}",needs_review,True,"{""answer_only_scorable"": true, ""benchmark_core"": true, ""counts_toward_official_topic_score"": true, ""scoring_metric"": ""binary_accuracy"", ""time_limit_minutes"": 30, ""topic_scoring_group"": ""logic_constraints"", ""track"": ""answer_only_upstream_hard_core""}","{""collection"": ""PuzzleWorld"", ""dataset_revision"": ""23a11d81b89ff4d39525a8867a99285e4c7dee61"", ""dataset_url"": ""https://huggingface.co/datasets/hzli1202/PuzzleWorld"", ""metadata_url"": ""https://huggingface.co/datasets/hzli1202/PuzzleWorld/resolve/23a11d81b89ff4d39525a8867a99285e4c7dee61/all_metadata.jsonl"", ""original_puzzled_pint_url"": null, ""publisher"": ""MIT-MI / PuzzleWorld authors"", ""repository_revision_audited"": ""0a8fbcbd33c86a29a37f7348e1eb40315e17f5c2"", ""repository_url"": ""https://github.com/MIT-MI/PuzzleWorld""}","{""license"": {""dataset_card_evidence_url"": ""https://huggingface.co/datasets/hzli1202/PuzzleWorld/raw/23a11d81b89ff4d39525a8867a99285e4c7dee61/README.md"", ""name"": ""Creative Commons Attribution-NonCommercial-ShareAlike 4.0 International"", ""original_publisher_evidence_url"": ""https://puzzledpint.org/volunteering/write-puzzles/#license"", ""scope_note"": ""The pinned Hugging Face card front matter and repository tag say cc-by-nc-sa-4.0. Puzzled Pint states that all submitted puzzles use CC BY-NC-SA 4.0 and that authors retain copyright."", ""spdx"": ""CC-BY-NC-SA-4.0"", ""url"": ""https://creativecommons.org/licenses/by-nc-sa/4.0/""}, ""noncommercial"": true, ""permission_required_for_commercial"": true, ""redistribution_scope"": ""noncommercial_sharealike_only"", ""release_track"": ""noncommercial_sharealike"", ""rights_status"": ""cc_by_nc_sa_4_0_noncommercial_attribution_review_required"", ""share_alike_required"": true}"
puzzleworld-fireys-972c67c067,PuzzleWorld,Fireys,,logic_constraints,geometry_spatial | cryptography_ciphers,logical_inference | constraint_propagation | spatial_visualization | visual_decoding | encoding_decoding | indexing_extraction | meta_extraction,image_puzzle | meta_puzzle,"Title: Fireys

Sarah comes upon a group of Fireys. These mischievous creaturs can remove and replace their own heads! The Fireys are doing a dance wherin each throws itrs head to the next Firey in a clockwise direction, making a new Firey. The bodies stay in place. 'Join the dance!' the Fireys cry, grabbing at Sarah's hair. As she flees, they rotate their new heads, which give her a piece of advice.

The complete puzzle statement and its visual/structured clues are in the required question asset(s):
- https://huggingface.co/datasets/hzli1202/PuzzleWorld/resolve/23a11d81b89ff4d39525a8867a99285e4c7dee61/data/Fireys/content.png

Return the short canonical final answer.",VISIT TOWER,"1. Start by putting the three-letter word into the only 3-blank spot.
   Reasoning figure: https://huggingface.co/datasets/hzli1202/PuzzleWorld/resolve/23a11d81b89ff4d39525a8867a99285e4c7dee61/data/Fireys/figure1.png

2. Fill in the remaining words in clockwise order such that each subsequent word can accept the head letter of the previous word. Ex: Vex -> Past because (V)ast is a valid word, and Past -> Wrong because (P)rong is a valid word.
   Reasoning figure: https://huggingface.co/datasets/hzli1202/PuzzleWorld/resolve/23a11d81b89ff4d39525a8867a99285e4c7dee61/data/Fireys/figure2.png

3. For every blank letter surrounding the campfire with an arrow 'A' pointing to it, fill the letter in with the head letter of the previous adjavent word ceasar shifted by the number in 'A'.
   Reasoning figure: https://huggingface.co/datasets/hzli1202/PuzzleWorld/resolve/23a11d81b89ff4d39525a8867a99285e4c7dee61/data/Fireys/figure3.png

4. Read the filled in letters in clockwise order to get VISIT TOWER/","{""bucket"": ""hard"", ""evidence"": ""upstream PuzzleWorld label""}",needs_review,True,"{""answer_only_scorable"": true, ""benchmark_core"": true, ""counts_toward_official_topic_score"": true, ""scoring_metric"": ""binary_accuracy"", ""time_limit_minutes"": 30, ""topic_scoring_group"": ""logic_constraints"", ""track"": ""answer_only_upstream_hard_core""}","{""collection"": ""PuzzleWorld"", ""dataset_revision"": ""23a11d81b89ff4d39525a8867a99285e4c7dee61"", ""dataset_url"": ""https://huggingface.co/datasets/hzli1202/PuzzleWorld"", ""metadata_url"": ""https://huggingface.co/datasets/hzli1202/PuzzleWorld/resolve/23a11d81b89ff4d39525a8867a99285e4c7dee61/all_metadata.jsonl"", ""original_puzzled_pint_url"": ""https://puzzledpint.org/archive-puzzles/puzzles-september-2018/"", ""publisher"": ""MIT-MI / PuzzleWorld authors"", ""repository_revision_audited"": ""0a8fbcbd33c86a29a37f7348e1eb40315e17f5c2"", ""repository_url"": ""https://github.com/MIT-MI/PuzzleWorld""}","{""license"": {""dataset_card_evidence_url"": ""https://huggingface.co/datasets/hzli1202/PuzzleWorld/raw/23a11d81b89ff4d39525a8867a99285e4c7dee61/README.md"", ""name"": ""Creative Commons Attribution-NonCommercial-ShareAlike 4.0 International"", ""original_publisher_evidence_url"": ""https://puzzledpint.org/volunteering/write-puzzles/#license"", ""scope_note"": ""The pinned Hugging Face card front matter and repository tag say cc-by-nc-sa-4.0. Puzzled Pint states that all submitted puzzles use CC BY-NC-SA 4.0 and that authors retain copyright."", ""spdx"": ""CC-BY-NC-SA-4.0"", ""url"": ""https://creativecommons.org/licenses/by-nc-sa/4.0/""}, ""noncommercial"": true, ""permission_required_for_commercial"": true, ""redistribution_scope"": ""noncommercial_sharealike_only"", ""release_track"": ""noncommercial_sharealike"", ""rights_status"": ""cc_by_nc_sa_4_0_noncommercial_attribution_review_required"", ""share_alike_required"": true}"
puzzleworld-floo-network-6255a9e2d9,PuzzleWorld,Floo Network,,logic_constraints,cryptography_ciphers | mixed_meta,logical_inference | constraint_propagation | encoding_decoding | indexing_extraction | meta_extraction | external_knowledge_linking,image_puzzle | multi_part | meta_puzzle | logic_grid,"Title: Floo Network

The upstream record has no separate flavor-text transcription.

The complete puzzle statement and its visual/structured clues are in the required question asset(s):
- https://huggingface.co/datasets/hzli1202/PuzzleWorld/resolve/23a11d81b89ff4d39525a8867a99285e4c7dee61/data/Floo_Network/content.png

Return the short canonical final answer.",AMYCUS CARROW,"1. Each log entry contains coded messages related to different cities in the Floo Network. Each trio of adjacent letters correspond to a certain city. The trio of letters and also the letters corresponding to each city are given in the figure.
   Reasoning figure: https://huggingface.co/datasets/hzli1202/PuzzleWorld/resolve/23a11d81b89ff4d39525a8867a99285e4c7dee61/data/Floo_Network/figure1.png

2. Mapping each coded segment to a letter gives a sequence of letters. Rearrange them in the order of timestamps to reveals the clue 'HARRY DARK ARTS PROF VII'.
   Reasoning figure: https://huggingface.co/datasets/hzli1202/PuzzleWorld/resolve/23a11d81b89ff4d39525a8867a99285e4c7dee61/data/Floo_Network/figure1.png

3. The solution is Amycus Carrow, a reference from the seventh Harry Potter book.","{""bucket"": ""hard"", ""evidence"": ""upstream PuzzleWorld label""}",needs_review,True,"{""answer_only_scorable"": true, ""benchmark_core"": true, ""counts_toward_official_topic_score"": true, ""scoring_metric"": ""binary_accuracy"", ""time_limit_minutes"": 30, ""topic_scoring_group"": ""logic_constraints"", ""track"": ""answer_only_upstream_hard_core""}","{""collection"": ""PuzzleWorld"", ""dataset_revision"": ""23a11d81b89ff4d39525a8867a99285e4c7dee61"", ""dataset_url"": ""https://huggingface.co/datasets/hzli1202/PuzzleWorld"", ""metadata_url"": ""https://huggingface.co/datasets/hzli1202/PuzzleWorld/resolve/23a11d81b89ff4d39525a8867a99285e4c7dee61/all_metadata.jsonl"", ""original_puzzled_pint_url"": null, ""publisher"": ""MIT-MI / PuzzleWorld authors"", ""repository_revision_audited"": ""0a8fbcbd33c86a29a37f7348e1eb40315e17f5c2"", ""repository_url"": ""https://github.com/MIT-MI/PuzzleWorld""}","{""license"": {""dataset_card_evidence_url"": ""https://huggingface.co/datasets/hzli1202/PuzzleWorld/raw/23a11d81b89ff4d39525a8867a99285e4c7dee61/README.md"", ""name"": ""Creative Commons Attribution-NonCommercial-ShareAlike 4.0 International"", ""original_publisher_evidence_url"": ""https://puzzledpint.org/volunteering/write-puzzles/#license"", ""scope_note"": ""The pinned Hugging Face card front matter and repository tag say cc-by-nc-sa-4.0. Puzzled Pint states that all submitted puzzles use CC BY-NC-SA 4.0 and that authors retain copyright."", ""spdx"": ""CC-BY-NC-SA-4.0"", ""url"": ""https://creativecommons.org/licenses/by-nc-sa/4.0/""}, ""noncommercial"": true, ""permission_required_for_commercial"": true, ""redistribution_scope"": ""noncommercial_sharealike_only"", ""release_track"": ""noncommercial_sharealike"", ""rights_status"": ""cc_by_nc_sa_4_0_noncommercial_attribution_review_required"", ""share_alike_required"": true}"
puzzleworld-fourth-place-90488e0ba1,PuzzleWorld,Fourth Place,,logic_constraints,word_language,logical_inference | constraint_propagation | wordplay | lexical_search | information_synthesis | indexing_extraction,word_puzzle,"Title: Fourth Place

Group entrants into same-size sets (by talent if you're able), Like those who sing or who recite the periodic table. I wish we could accept them all. (Alas we must be cruel.) Each set has one who doesn't meet some verbal/written rule. Initially line rejects up (just put them in a row), And then fourth place again is where your solving eyes should go. A message there will indicate (and tell you how to find) The seven-word-long answer each contestant had in mind.

The complete puzzle statement and its visual/structured clues are in the required question asset(s):
- https://huggingface.co/datasets/hzli1202/PuzzleWorld/resolve/23a11d81b89ff4d39525a8867a99285e4c7dee61/data/Fourth_Place/content.png

Return the short canonical final answer.",I WAS SO SURE I'D WIN IT.,"1. Group the words into sets of four based on a common characterstic.

2. Notice that three out of the four words in a set also share some other characteristic.

3. Notice the unique word in the sets of fours have initial letters from A to M.

4. Order the sets of words in the alphabetical order of their unique words.

5. Extract the fourth letter of each unique word, which stringed together gives the clue ""ALL OF LINE FOUR"".

6. Extract the final answer, which is all of line four of Shel's original poem: ""I WAS SO SURE I'D WIN IT.""","{""bucket"": ""hard"", ""evidence"": ""upstream PuzzleWorld label""}",needs_review,True,"{""answer_only_scorable"": true, ""benchmark_core"": true, ""counts_toward_official_topic_score"": true, ""scoring_metric"": ""binary_accuracy"", ""time_limit_minutes"": 30, ""topic_scoring_group"": ""logic_constraints"", ""track"": ""answer_only_upstream_hard_core""}","{""collection"": ""PuzzleWorld"", ""dataset_revision"": ""23a11d81b89ff4d39525a8867a99285e4c7dee61"", ""dataset_url"": ""https://huggingface.co/datasets/hzli1202/PuzzleWorld"", ""metadata_url"": ""https://huggingface.co/datasets/hzli1202/PuzzleWorld/resolve/23a11d81b89ff4d39525a8867a99285e4c7dee61/all_metadata.jsonl"", ""original_puzzled_pint_url"": ""https://puzzledpint.org/archive-files/5614/5617/8331/fourth-place.pdf"", ""publisher"": ""MIT-MI / PuzzleWorld authors"", ""repository_revision_audited"": ""0a8fbcbd33c86a29a37f7348e1eb40315e17f5c2"", ""repository_url"": ""https://github.com/MIT-MI/PuzzleWorld""}","{""license"": {""dataset_card_evidence_url"": ""https://huggingface.co/datasets/hzli1202/PuzzleWorld/raw/23a11d81b89ff4d39525a8867a99285e4c7dee61/README.md"", ""name"": ""Creative Commons Attribution-NonCommercial-ShareAlike 4.0 International"", ""original_publisher_evidence_url"": ""https://puzzledpint.org/volunteering/write-puzzles/#license"", ""scope_note"": ""The pinned Hugging Face card front matter and repository tag say cc-by-nc-sa-4.0. Puzzled Pint states that all submitted puzzles use CC BY-NC-SA 4.0 and that authors retain copyright."", ""spdx"": ""CC-BY-NC-SA-4.0"", ""url"": ""https://creativecommons.org/licenses/by-nc-sa/4.0/""}, ""noncommercial"": true, ""permission_required_for_commercial"": true, ""redistribution_scope"": ""noncommercial_sharealike_only"", ""release_track"": ""noncommercial_sharealike"", ""rights_status"": ""cc_by_nc_sa_4_0_noncommercial_attribution_review_required"", ""share_alike_required"": true}"
puzzleworld-gift-exchange-486485463b,PuzzleWorld,Gift Exchange,,logic_constraints,mixed_meta | cryptography_ciphers,logical_inference | constraint_propagation | external_knowledge_linking | encoding_decoding | indexing_extraction | meta_extraction | information_synthesis,image_puzzle | meta_puzzle,"Title: Gift Exchange

Each person at out office bought a white elephant gift. How did the lucky recipients show their appreciation?

The complete puzzle statement and its visual/structured clues are in the required question asset(s):
- https://huggingface.co/datasets/hzli1202/PuzzleWorld/resolve/23a11d81b89ff4d39525a8867a99285e4c7dee61/data/Gift_Exchange/content.png

Return the short canonical final answer.",VISIBLY,"1. Determine the name of the people on the first page and the objects on the second page.

2. Match the people on the first page with the objects on the second page by rhyming.

3. Intepret the arrows associated with each person image and its match as as semaphore to extract a letter.

4. The extracted semaphore letters spell ""GIRLS ONLY ROYGBIV"".

5. Using the previous clue, order the semaphore letters extracted from the girl images and order them by rainbow colors to get the answer ""VISIBLY"".","{""bucket"": ""hard"", ""evidence"": ""upstream PuzzleWorld label""}",needs_review,True,"{""answer_only_scorable"": true, ""benchmark_core"": true, ""counts_toward_official_topic_score"": true, ""scoring_metric"": ""binary_accuracy"", ""time_limit_minutes"": 30, ""topic_scoring_group"": ""logic_constraints"", ""track"": ""answer_only_upstream_hard_core""}","{""collection"": ""PuzzleWorld"", ""dataset_revision"": ""23a11d81b89ff4d39525a8867a99285e4c7dee61"", ""dataset_url"": ""https://huggingface.co/datasets/hzli1202/PuzzleWorld"", ""metadata_url"": ""https://huggingface.co/datasets/hzli1202/PuzzleWorld/resolve/23a11d81b89ff4d39525a8867a99285e4c7dee61/all_metadata.jsonl"", ""original_puzzled_pint_url"": ""https://puzzledpint.org/archive-files/9713/2908/3043/Toys_for_tots.ppt"", ""publisher"": ""MIT-MI / PuzzleWorld authors"", ""repository_revision_audited"": ""0a8fbcbd33c86a29a37f7348e1eb40315e17f5c2"", ""repository_url"": ""https://github.com/MIT-MI/PuzzleWorld""}","{""license"": {""dataset_card_evidence_url"": ""https://huggingface.co/datasets/hzli1202/PuzzleWorld/raw/23a11d81b89ff4d39525a8867a99285e4c7dee61/README.md"", ""name"": ""Creative Commons Attribution-NonCommercial-ShareAlike 4.0 International"", ""original_publisher_evidence_url"": ""https://puzzledpint.org/volunteering/write-puzzles/#license"", ""scope_note"": ""The pinned Hugging Face card front matter and repository tag say cc-by-nc-sa-4.0. Puzzled Pint states that all submitted puzzles use CC BY-NC-SA 4.0 and that authors retain copyright."", ""spdx"": ""CC-BY-NC-SA-4.0"", ""url"": ""https://creativecommons.org/licenses/by-nc-sa/4.0/""}, ""noncommercial"": true, ""permission_required_for_commercial"": true, ""redistribution_scope"": ""noncommercial_sharealike_only"", ""release_track"": ""noncommercial_sharealike"", ""rights_status"": ""cc_by_nc_sa_4_0_noncommercial_attribution_review_required"", ""share_alike_required"": true}"
puzzleworld-green-eggs-and-ham-3d24b0b759,PuzzleWorld,GREEN EGGS AND HAM,,logic_constraints,word_language | cryptography_ciphers | mixed_meta,logical_inference | constraint_propagation | wordplay | lexical_search | encoding_decoding | indexing_extraction | meta_extraction | external_knowledge_linking | pathfinding,image_puzzle | word_puzzle | meta_puzzle | path_route,"Title: GREEN EGGS AND HAM

Sam-I-Am and Guy-Am-I shared Green Eggs and Ham once Guy gave them a try. Guy-Am-I is a ham-loving hound. He loves having ham when he's walking around. Sam-I-Am is a colorful male. He takes colorful steps at each step of his trail. They both want to meet and then break while they eat, but they both have peculiar needs for their feet. But what are the paths on the trail that they take? And what do they eat when they're taking their break? The off-trail locations will give you instructions. So now start your solving! No more introductions!

The complete puzzle statement and its visual/structured clues are in the required question asset(s):
- https://huggingface.co/datasets/hzli1202/PuzzleWorld/resolve/23a11d81b89ff4d39525a8867a99285e4c7dee61/data/Green_Eggs_And_Ham/content.png

Return the short canonical final answer.",MAGENTA PANCAKES,"1. The puzzle presents a hexagonal grid with Guy-Am-I and Sam-I-Am. Each hexagon contains a clue that refers to a word or phrase.

2. The flavor text indicates that Guy-Am-I 'loves having ham' and Sam-I-Am 'takes colorful steps'. This hints that we should look for HAM in the answers for Guy-Am-I's path and color-related words for Sam-I-Am's path.

3. For Guy-Am-I, we need to trace a path through the hexagons where each answer contains 'ham'. For example, 'Water from the sky (4)' is RAIN, which doesn't contain HAM so it's not part of Guy's path.

4. Following this pattern, Guy-Am-I's path includes: abraHAM (Lincoln's 1st name), brigHAM young (Utah University named for a Mormon), buckingHAM palace (The Queen's London residence), HAMilton (Bio, Chem, or Physics), HAMlet (The last Greek letter), and yokoHAMa (Japan's 2nd largest city).

5. For Sam-I-Am, we need to find a path where each answer contains a color. The flavor text mention of 'colorful steps' confirms this approach.

6. Sam-I-Am's path includes: SOUTH AMerica (contains BLUE), BROWN (Singer known as the 'Godfather of Soul'), RED sea (Moses parted it), GOLDA (Israeli PM Meir's 1st name), pitch BLACK (Totally dark, or 2000 Riddick film), A clockwork ORANGE (Kubrick film with Malcolm McDowell), and YELLOW pages (Phone book part with businesses).

7. The puzzle asks 'what do they eat when they're taking their break?' The first letters of the off-trail answers (hexagons not on either path) spell 'READENDSOFTRAIL'.

8. Following this instruction to 'read ends of trail', we need to look at the last letters of each answer on the trail paths.

9. The last letters from Guy-Am-I's and Sam-I-Am's paths combine to spell: 'MAGENTA PANCAKES' (M from abrahaM, A from americA, G from younG, E from palacE, N from hamiltoN, T from hamleT, A from yokohamA, P from whitecaP, A from seA, N from browN, C from titaniC, A from goldA, K from blacK, E from orangE, S from pageS).

10. Therefore, Guy-Am-I and Sam-I-Am eat 'MAGENTA PANCAKES' when taking their break.","{""bucket"": ""hard"", ""evidence"": ""upstream PuzzleWorld label""}",needs_review,True,"{""answer_only_scorable"": true, ""benchmark_core"": true, ""counts_toward_official_topic_score"": true, ""scoring_metric"": ""binary_accuracy"", ""time_limit_minutes"": 30, ""topic_scoring_group"": ""logic_constraints"", ""track"": ""answer_only_upstream_hard_core""}","{""collection"": ""PuzzleWorld"", ""dataset_revision"": ""23a11d81b89ff4d39525a8867a99285e4c7dee61"", ""dataset_url"": ""https://huggingface.co/datasets/hzli1202/PuzzleWorld"", ""metadata_url"": ""https://huggingface.co/datasets/hzli1202/PuzzleWorld/resolve/23a11d81b89ff4d39525a8867a99285e4c7dee61/all_metadata.jsonl"", ""original_puzzled_pint_url"": null, ""publisher"": ""MIT-MI / PuzzleWorld authors"", ""repository_revision_audited"": ""0a8fbcbd33c86a29a37f7348e1eb40315e17f5c2"", ""repository_url"": ""https://github.com/MIT-MI/PuzzleWorld""}","{""license"": {""dataset_card_evidence_url"": ""https://huggingface.co/datasets/hzli1202/PuzzleWorld/raw/23a11d81b89ff4d39525a8867a99285e4c7dee61/README.md"", ""name"": ""Creative Commons Attribution-NonCommercial-ShareAlike 4.0 International"", ""original_publisher_evidence_url"": ""https://puzzledpint.org/volunteering/write-puzzles/#license"", ""scope_note"": ""The pinned Hugging Face card front matter and repository tag say cc-by-nc-sa-4.0. Puzzled Pint states that all submitted puzzles use CC BY-NC-SA 4.0 and that authors retain copyright."", ""spdx"": ""CC-BY-NC-SA-4.0"", ""url"": ""https://creativecommons.org/licenses/by-nc-sa/4.0/""}, ""noncommercial"": true, ""permission_required_for_commercial"": true, ""redistribution_scope"": ""noncommercial_sharealike_only"", ""release_track"": ""noncommercial_sharealike"", ""rights_status"": ""cc_by_nc_sa_4_0_noncommercial_attribution_review_required"", ""share_alike_required"": true}"
puzzleworld-guns-and-ships-8788e4520b,PuzzleWorld,Guns and Ships,,logic_constraints,mixed_meta | geometry_spatial,logical_inference | constraint_propagation | external_knowledge_linking | information_synthesis | spatial_visualization | visual_decoding | indexing_extraction,image_puzzle,"Title: Guns and Ships

Washington and Lafayette have their hands pretty full trying to turn the tide of the American Revolution, and in all of the confusion they lost the plans for the positioning of their troops and locations of the enemy ships! Help them organize their men, and then see if you can find someone who can help them to mend the situation.

The complete puzzle statement and its visual/structured clues are in the required question asset(s):
- https://huggingface.co/datasets/hzli1202/PuzzleWorld/resolve/23a11d81b89ff4d39525a8867a99285e4c7dee61/data/Guns_And_Ships/content.png

Return the short canonical final answer.",TAILOR SPY,"1. Solve the minipuzzle on the first page by placing troops while following the rules in the flavortext.
   Reasoning figure: https://huggingface.co/datasets/hzli1202/PuzzleWorld/resolve/23a11d81b89ff4d39525a8867a99285e4c7dee61/data/Guns_And_Ships/figure1.png

2. Extract the letters of the squares that each troop is on, giving ""TEE EYE EN KAY E ARE"".

3. Extract/convert the phonetic pronounciation from the last step to letters, giving the clue ""TINKER"" associated with the guns symbol.

4. Solve the minipuzzle on the second page by placing ships.
   Reasoning figure: https://huggingface.co/datasets/hzli1202/PuzzleWorld/resolve/23a11d81b89ff4d39525a8867a99285e4c7dee61/data/Guns_And_Ships/figure2.png

5. Extract the letters from the squares that the ships are on, giving the clue ""SOLDIER"" associated with the ship symbol.

6. Manipulate/place the clue for the guns and the ships into the final puzzle, as shown in the figure.
   Reasoning figure: https://huggingface.co/datasets/hzli1202/PuzzleWorld/resolve/23a11d81b89ff4d39525a8867a99285e4c7dee61/data/Guns_And_Ships/figure3.png

7. Notice that the clue reads TINKER BLANK SOLDIER BLANK, and there is a famous film named TINKER TAILOR SOLDIER SPY.

8. Extract the words in the blank to get the final answer ""TAILOR SPY"".","{""bucket"": ""hard"", ""evidence"": ""upstream PuzzleWorld label""}",needs_review,True,"{""answer_only_scorable"": true, ""benchmark_core"": true, ""counts_toward_official_topic_score"": true, ""scoring_metric"": ""binary_accuracy"", ""time_limit_minutes"": 30, ""topic_scoring_group"": ""logic_constraints"", ""track"": ""answer_only_upstream_hard_core""}","{""collection"": ""PuzzleWorld"", ""dataset_revision"": ""23a11d81b89ff4d39525a8867a99285e4c7dee61"", ""dataset_url"": ""https://huggingface.co/datasets/hzli1202/PuzzleWorld"", ""metadata_url"": ""https://huggingface.co/datasets/hzli1202/PuzzleWorld/resolve/23a11d81b89ff4d39525a8867a99285e4c7dee61/all_metadata.jsonl"", ""original_puzzled_pint_url"": ""https://puzzledpint.org/archive-files/2814/8443/3593/guns_and_ships_letter.pdf"", ""publisher"": ""MIT-MI / PuzzleWorld authors"", ""repository_revision_audited"": ""0a8fbcbd33c86a29a37f7348e1eb40315e17f5c2"", ""repository_url"": ""https://github.com/MIT-MI/PuzzleWorld""}","{""license"": {""dataset_card_evidence_url"": ""https://huggingface.co/datasets/hzli1202/PuzzleWorld/raw/23a11d81b89ff4d39525a8867a99285e4c7dee61/README.md"", ""name"": ""Creative Commons Attribution-NonCommercial-ShareAlike 4.0 International"", ""original_publisher_evidence_url"": ""https://puzzledpint.org/volunteering/write-puzzles/#license"", ""scope_note"": ""The pinned Hugging Face card front matter and repository tag say cc-by-nc-sa-4.0. Puzzled Pint states that all submitted puzzles use CC BY-NC-SA 4.0 and that authors retain copyright."", ""spdx"": ""CC-BY-NC-SA-4.0"", ""url"": ""https://creativecommons.org/licenses/by-nc-sa/4.0/""}, ""noncommercial"": true, ""permission_required_for_commercial"": true, ""redistribution_scope"": ""noncommercial_sharealike_only"", ""release_track"": ""noncommercial_sharealike"", ""rights_status"": ""cc_by_nc_sa_4_0_noncommercial_attribution_review_required"", ""share_alike_required"": true}"
puzzleworld-guy-furry-30dd0e9eab,PuzzleWorld,Guy Furry,,logic_constraints,cryptography_ciphers,logical_inference | constraint_propagation | encoding_decoding | indexing_extraction | meta_extraction | tiling_packing,meta_puzzle,"Title: Guy Furry

Guy Furry is exhausted after trying a bunch of restaurants across the United States for the latest season of Dinepurrs, Drive-Ins, and Dives. He awoke from a catnap to find all of his notes from a blind taste test got mixed up, and now he can't remember which dishes had a good mouth-feel. Can you pair each of his notes up with the corresponding menu to get a grip on which dishes touched his taste buds the most?

The complete puzzle statement and its visual/structured clues are in the required question asset(s):
- https://huggingface.co/datasets/hzli1202/PuzzleWorld/resolve/23a11d81b89ff4d39525a8867a99285e4c7dee61/data/Guy_Furry/content.png

Return the short canonical final answer.",TONGUES,"1. The puzzle presents five restaurant review notes and five menus containing various dishes. We need to match each note to its corresponding menu.

2. The first note ""Everything here seemed a little fishy, but entrees were a raw deal"" clearly matches with the seafood menu (Tuna Poke, Baked Scrod, Gravlax, Salmon Sashimi, Peruvian Ceviche, and Tilapia en Papillote).

3. The second note ""Everything here was soup-er (but it may have just been the liquid diet I was on)"" matches with the soup menu (Greek Yogurt, Vichyssoise, Gazpacho, Manhattan Clam Chowder, Lobster Bisque, and Ile Flottante).

4. The third note ""Not to be a name-dropper, but this place was packed with notable culinary legends!"" pairs with the menu that has foods named after places (Philly Cheesesteak, French Toast, Cincinnati Chili, Belgian Waffles, Boston Baked Beans, and German Potato Salad).

5. The fourth note ""Testing out all the baked goods here was a sweet reward after a long trip"" corresponds to the pastry menu (Chocolate Brioche, Kouign Amann, Rosemary Focaccia, Pecan Sticky Bun, Boston Cream Pie, and Parmesan Scones).

6. The fifth note ""This place was all over the map, but I liked it best when they stuck to American comfort food"" matches with the international/American fusion menu (Eton Mess, Cobb Salad, Peach Melba, Eggs Benedict, Key Lime Pie, and Baked Alaska).

7. After matching the notes to menus, we need to identify which specific dishes ""touched his taste buds the most"" in each menu.

8. The solution shows that certain dishes from each menu, when arranged properly, form braille patterns. The selected dishes are: Manhattan Clam Chowder and Lobster Bisque from the soup menu; Philly Cheesesteak and Boston Baked Beans from the place-named menu; Tuna Poke and Peruvian Ceviche from the seafood menu; Chocolate Brioche, Pecan Sticky Bun, and Boston Cream Pie from the bakery menu; and Eggs Benedict and Peach Melba from the international menu.

9. The braille patterns formed by these selected dishes spell 'TONGUES', which is appropriate for a taste test puzzle.","{""bucket"": ""hard"", ""evidence"": ""upstream PuzzleWorld label""}",needs_review,True,"{""answer_only_scorable"": true, ""benchmark_core"": true, ""counts_toward_official_topic_score"": true, ""scoring_metric"": ""binary_accuracy"", ""time_limit_minutes"": 30, ""topic_scoring_group"": ""logic_constraints"", ""track"": ""answer_only_upstream_hard_core""}","{""collection"": ""PuzzleWorld"", ""dataset_revision"": ""23a11d81b89ff4d39525a8867a99285e4c7dee61"", ""dataset_url"": ""https://huggingface.co/datasets/hzli1202/PuzzleWorld"", ""metadata_url"": ""https://huggingface.co/datasets/hzli1202/PuzzleWorld/resolve/23a11d81b89ff4d39525a8867a99285e4c7dee61/all_metadata.jsonl"", ""original_puzzled_pint_url"": null, ""publisher"": ""MIT-MI / PuzzleWorld authors"", ""repository_revision_audited"": ""0a8fbcbd33c86a29a37f7348e1eb40315e17f5c2"", ""repository_url"": ""https://github.com/MIT-MI/PuzzleWorld""}","{""license"": {""dataset_card_evidence_url"": ""https://huggingface.co/datasets/hzli1202/PuzzleWorld/raw/23a11d81b89ff4d39525a8867a99285e4c7dee61/README.md"", ""name"": ""Creative Commons Attribution-NonCommercial-ShareAlike 4.0 International"", ""original_publisher_evidence_url"": ""https://puzzledpint.org/volunteering/write-puzzles/#license"", ""scope_note"": ""The pinned Hugging Face card front matter and repository tag say cc-by-nc-sa-4.0. Puzzled Pint states that all submitted puzzles use CC BY-NC-SA 4.0 and that authors retain copyright."", ""spdx"": ""CC-BY-NC-SA-4.0"", ""url"": ""https://creativecommons.org/licenses/by-nc-sa/4.0/""}, ""noncommercial"": true, ""permission_required_for_commercial"": true, ""redistribution_scope"": ""noncommercial_sharealike_only"", ""release_track"": ""noncommercial_sharealike"", ""rights_status"": ""cc_by_nc_sa_4_0_noncommercial_attribution_review_required"", ""share_alike_required"": true}"
puzzleworld-hexagon-ef90b58ea4,PuzzleWorld,Hexagon,,logic_constraints,word_language | geometry_spatial | mixed_meta,logical_inference | constraint_propagation | wordplay | lexical_search | spatial_visualization | visual_decoding | external_knowledge_linking | information_synthesis | indexing_extraction | pathfinding,image_puzzle | word_puzzle | path_route,"Title: Hexagon

The upstream record has no separate flavor-text transcription.

The complete puzzle statement and its visual/structured clues are in the required question asset(s):
- https://huggingface.co/datasets/hzli1202/PuzzleWorld/resolve/23a11d81b89ff4d39525a8867a99285e4c7dee61/data/hexagon_1/content.png

Return the short canonical final answer.",IT WAS PATHOLOGICAL!,"1. Solve the hexagonal nonogram using the same rules as a regular nonogram.

2. As clued by the flavor text which contains opposite instructions, find the hamiltonian path through the shaded hexagons.

3. Fill in empty nonogram clues using the shaded hexagons.

4. Index the hamiltonian path using the numbers in the empty clues, extracting the answer ""IT WAS PATHOLOGICAL!""","{""bucket"": ""hard"", ""evidence"": ""upstream PuzzleWorld label""}",needs_review,True,"{""answer_only_scorable"": true, ""benchmark_core"": true, ""counts_toward_official_topic_score"": true, ""scoring_metric"": ""binary_accuracy"", ""time_limit_minutes"": 30, ""topic_scoring_group"": ""logic_constraints"", ""track"": ""answer_only_upstream_hard_core""}","{""collection"": ""PuzzleWorld"", ""dataset_revision"": ""23a11d81b89ff4d39525a8867a99285e4c7dee61"", ""dataset_url"": ""https://huggingface.co/datasets/hzli1202/PuzzleWorld"", ""metadata_url"": ""https://huggingface.co/datasets/hzli1202/PuzzleWorld/resolve/23a11d81b89ff4d39525a8867a99285e4c7dee61/all_metadata.jsonl"", ""original_puzzled_pint_url"": ""https://puzzledpint.org/wp-content/uploads/2023/12/Shapes_MainSet3.pdf"", ""publisher"": ""MIT-MI / PuzzleWorld authors"", ""repository_revision_audited"": ""0a8fbcbd33c86a29a37f7348e1eb40315e17f5c2"", ""repository_url"": ""https://github.com/MIT-MI/PuzzleWorld""}","{""license"": {""dataset_card_evidence_url"": ""https://huggingface.co/datasets/hzli1202/PuzzleWorld/raw/23a11d81b89ff4d39525a8867a99285e4c7dee61/README.md"", ""name"": ""Creative Commons Attribution-NonCommercial-ShareAlike 4.0 International"", ""original_publisher_evidence_url"": ""https://puzzledpint.org/volunteering/write-puzzles/#license"", ""scope_note"": ""The pinned Hugging Face card front matter and repository tag say cc-by-nc-sa-4.0. Puzzled Pint states that all submitted puzzles use CC BY-NC-SA 4.0 and that authors retain copyright."", ""spdx"": ""CC-BY-NC-SA-4.0"", ""url"": ""https://creativecommons.org/licenses/by-nc-sa/4.0/""}, ""noncommercial"": true, ""permission_required_for_commercial"": true, ""redistribution_scope"": ""noncommercial_sharealike_only"", ""release_track"": ""noncommercial_sharealike"", ""rights_status"": ""cc_by_nc_sa_4_0_noncommercial_attribution_review_required"", ""share_alike_required"": true}"
puzzleworld-input-output-8733bc72d1,PuzzleWorld,Input/Output,,logic_constraints,word_language | cryptography_ciphers,logical_inference | constraint_propagation | wordplay | lexical_search | encoding_decoding | indexing_extraction | meta_extraction | anagramming,image_puzzle | multi_part | word_puzzle | meta_puzzle | logic_grid,"Title: Input/Output

PuzzleBot has six programs in its memory and it cannot remember what they are for. It tested them with a few inputs to see what they did. The programs only work if their outputs are real words. If a program has multiple possible outputs, it picks one at random! Why does PuzzleBot even have these programs??

The complete puzzle statement and its visual/structured clues are in the required question asset(s):
- https://huggingface.co/datasets/hzli1202/PuzzleWorld/resolve/23a11d81b89ff4d39525a8867a99285e4c7dee61/data/Input_Output/content.png

Return the short canonical final answer.",SLOPPY DISK,"1. The puzzle shows a diagram of six different programs (P1-P6) that PuzzleBot has tested with various inputs, showing how they transform words.

2. First, we need to analyze each program to determine what transformations they perform. Looking at the test cases provided:

3. P1 outputs an anagram of the input. For example, ENLARGE becomes GENERAL and TABLET becomes BATTLE.

4. P2 shifts all consonants forward by one consonant in the alphabet (leaving vowels unchanged). For example, BURN becomes CUSP (B→C, R→S, N→P).

5. P3 outputs another item from the same set or category. For example, NORTH can output EAST or SOUTH which are all directions.

6. P4 takes two inputs and outputs a word using the first 3 letters from the top word plus the last 3 letters from the bottom word. For example, HYDROGEN + HYDROGEN becomes HELPER.

7. P5 outputs characters 2-4 from the input. For example, from TRIBUTE it outputs RIB.

8. P6 outputs a word with different first and last characters from the input word. For example, DIME can become MINT or SINK.

9. In the final diagram, we see EDGER processed through P1 becomes GREED, which is from the '7 Deadly Sins' category.

10. COB processed through P2 becomes DOC, which is from the '7 Dwarfs' category.

11. Both GREED and DOC go through P3, so we're looking for another Deadly Sin and another Dwarf. The Sin is SLOTH and the Dwarf is HAPPY, which together through P4 create SLOPPY.

12. Meanwhile, AKIN through P6 becomes SKID, which anagrams to DISK, and then DISK combined with KIDS through the final programs gives us LIFT.

13. The central answer revealed by the whole diagram is SLOPPY DISK.","{""bucket"": ""hard"", ""evidence"": ""upstream PuzzleWorld label""}",needs_review,True,"{""answer_only_scorable"": true, ""benchmark_core"": true, ""counts_toward_official_topic_score"": true, ""scoring_metric"": ""binary_accuracy"", ""time_limit_minutes"": 30, ""topic_scoring_group"": ""logic_constraints"", ""track"": ""answer_only_upstream_hard_core""}","{""collection"": ""PuzzleWorld"", ""dataset_revision"": ""23a11d81b89ff4d39525a8867a99285e4c7dee61"", ""dataset_url"": ""https://huggingface.co/datasets/hzli1202/PuzzleWorld"", ""metadata_url"": ""https://huggingface.co/datasets/hzli1202/PuzzleWorld/resolve/23a11d81b89ff4d39525a8867a99285e4c7dee61/all_metadata.jsonl"", ""original_puzzled_pint_url"": null, ""publisher"": ""MIT-MI / PuzzleWorld authors"", ""repository_revision_audited"": ""0a8fbcbd33c86a29a37f7348e1eb40315e17f5c2"", ""repository_url"": ""https://github.com/MIT-MI/PuzzleWorld""}","{""license"": {""dataset_card_evidence_url"": ""https://huggingface.co/datasets/hzli1202/PuzzleWorld/raw/23a11d81b89ff4d39525a8867a99285e4c7dee61/README.md"", ""name"": ""Creative Commons Attribution-NonCommercial-ShareAlike 4.0 International"", ""original_publisher_evidence_url"": ""https://puzzledpint.org/volunteering/write-puzzles/#license"", ""scope_note"": ""The pinned Hugging Face card front matter and repository tag say cc-by-nc-sa-4.0. Puzzled Pint states that all submitted puzzles use CC BY-NC-SA 4.0 and that authors retain copyright."", ""spdx"": ""CC-BY-NC-SA-4.0"", ""url"": ""https://creativecommons.org/licenses/by-nc-sa/4.0/""}, ""noncommercial"": true, ""permission_required_for_commercial"": true, ""redistribution_scope"": ""noncommercial_sharealike_only"", ""release_track"": ""noncommercial_sharealike"", ""rights_status"": ""cc_by_nc_sa_4_0_noncommercial_attribution_review_required"", ""share_alike_required"": true}"
puzzleworld-inventory-d8f0393443,PuzzleWorld,Inventory,,logic_constraints,word_language | cryptography_ciphers,logical_inference | constraint_propagation | wordplay | lexical_search | encoding_decoding | indexing_extraction | meta_extraction | anagramming,multi_part | word_puzzle | meta_puzzle | logic_grid,"Title: Inventory

Stella's inventory is glitched! Every item's letters got jumbled up, and an extra letter got added somewhere too. Fortunately, items are still showing up in the correct category. This might help figure out which item is which. Stella already figured out one. What does she need to fix the glitch?

The complete puzzle statement and its visual/structured clues are in the required question asset(s):
- https://huggingface.co/datasets/hzli1202/PuzzleWorld/resolve/23a11d81b89ff4d39525a8867a99285e4c7dee61/data/Inventory/content.png

Return the short canonical final answer.",MANAGEMENT,"1. Observe that each item in the inventory has jumbled letters with an extra letter added. The hint tells us that items are in the correct category, which can help identify the anagrams.

2. For Category 1, solve the anagrams by finding words that fit the METALS category: COPPER + O from 'Cop rope', BRONZE + N from 'Born zen', SILVER + E from 'Relives', etc.

3. For Category 2, identify words in the GRAINS AND BEANS category: PINTO + F from 'Top fin', FARRO + I from 'O friar', BARLEY + V from 'Bravely', etc.

4. For Category 3, find words in the VEGETABLES category: CARROT + T from 'Tractor', CELERY + H from 'Lechery', YAM + R from 'Army', etc.

5. For Category 4, identify words in the MEALS category: GRILLED FISH + O from 'Hillside frog', SALAD + N from 'Sandal', PAELLA + E from 'Pale ale', etc.

6. For Category 5, find words in the INGREDIENTS category: YEAST + N from 'Yentas', BUTTER + I from 'Tribute', MAPLE SYRUP + N from 'Manly supper', etc.

7. Collect all the extra letters from each category. Category 1 gives 'ONEFOUR', Category 2 gives 'FIVETHREE', Category 3 gives 'THREEFOUR', Category 4 gives 'ONETWO', and Category 5 gives 'NINETE'.

8. Realize these extra letters spell out numbers, which are positions in the category names. ONE and FOUR in METALS gives M and S. FIVE and THREE in GRAINS AND BEANS gives A and A. THREE and FOUR in VEGETABLES gives E and T. ONE and TWO in MEALS gives M and E. NINE and TE(N) in INGREDIENTS gives N and T.

9. Combine the extracted letters in order to get the answer: M-A-N-A-G-E-M-E-N-T.","{""bucket"": ""hard"", ""evidence"": ""upstream PuzzleWorld label""}",needs_review,True,"{""answer_only_scorable"": true, ""benchmark_core"": true, ""counts_toward_official_topic_score"": true, ""scoring_metric"": ""binary_accuracy"", ""time_limit_minutes"": 30, ""topic_scoring_group"": ""logic_constraints"", ""track"": ""answer_only_upstream_hard_core""}","{""collection"": ""PuzzleWorld"", ""dataset_revision"": ""23a11d81b89ff4d39525a8867a99285e4c7dee61"", ""dataset_url"": ""https://huggingface.co/datasets/hzli1202/PuzzleWorld"", ""metadata_url"": ""https://huggingface.co/datasets/hzli1202/PuzzleWorld/resolve/23a11d81b89ff4d39525a8867a99285e4c7dee61/all_metadata.jsonl"", ""original_puzzled_pint_url"": null, ""publisher"": ""MIT-MI / PuzzleWorld authors"", ""repository_revision_audited"": ""0a8fbcbd33c86a29a37f7348e1eb40315e17f5c2"", ""repository_url"": ""https://github.com/MIT-MI/PuzzleWorld""}","{""license"": {""dataset_card_evidence_url"": ""https://huggingface.co/datasets/hzli1202/PuzzleWorld/raw/23a11d81b89ff4d39525a8867a99285e4c7dee61/README.md"", ""name"": ""Creative Commons Attribution-NonCommercial-ShareAlike 4.0 International"", ""original_publisher_evidence_url"": ""https://puzzledpint.org/volunteering/write-puzzles/#license"", ""scope_note"": ""The pinned Hugging Face card front matter and repository tag say cc-by-nc-sa-4.0. Puzzled Pint states that all submitted puzzles use CC BY-NC-SA 4.0 and that authors retain copyright."", ""spdx"": ""CC-BY-NC-SA-4.0"", ""url"": ""https://creativecommons.org/licenses/by-nc-sa/4.0/""}, ""noncommercial"": true, ""permission_required_for_commercial"": true, ""redistribution_scope"": ""noncommercial_sharealike_only"", ""release_track"": ""noncommercial_sharealike"", ""rights_status"": ""cc_by_nc_sa_4_0_noncommercial_attribution_review_required"", ""share_alike_required"": true}"
puzzleworld-jack-flash-does-vegas-a85797ca5a,PuzzleWorld,Jack Flash Does Vegas,,logic_constraints,geometry_spatial | mixed_meta,logical_inference | constraint_propagation | spatial_visualization | visual_decoding | external_knowledge_linking,image_puzzle | multi_part | logic_grid,"Title: Jack Flash Does Vegas

Frankie the Hound and Louie Lips decide to take a break from crime for a few days and spend a little bit of their hard-earned loot in Las Vegas – where else? But the two are pushing fifty, and after a few hours at the blackjack tables, they just want to kick back in their hotel room, raid the minibar and watch reruns of their all-time favorite television show – the one they loved so much back when they were juvies in high school. Frankie reminisces, 'Remember Louie: part of the old 'Sunday-night line-up.'' 'Oh yeah, that line-up was spot-on,' agrees Louie, who tends to ramble after he's had a few. 'And the suits they wore were always so different from what we wear today. What do you think the boss would say, Frankie, if we started wearing black leather jackets or blue jean vests? You know, they made that TV show into a movie a few years back.'

The complete puzzle statement and its visual/structured clues are in the required question asset(s):
- https://huggingface.co/datasets/hzli1202/PuzzleWorld/resolve/23a11d81b89ff4d39525a8867a99285e4c7dee61/data/Jack_Flash_Does_Vegas/content.png

Return the short canonical final answer.",21 JUMP STREET,"1. The puzzle shows a collection of playing cards scattered across the page, with spaces at the top to fill in 'The goal', 'The action', and 'The place'.

2. The flavor text mentions 'blackjack tables' and instructs that 'Four winning hands have been played for you; seventeen to go!'

3. In blackjack (also called '21'), a winning hand is one that adds up to 21 without going over.

4. Examine the cards on the page and identify hands that add up to 21 using standard blackjack rules (face cards = 10, Ace = 1 or 11).

5. Notice that these winning hands all have their suit symbols lined up precisely, and each hand contains all different suits.

6. Find all 21 such hands on the page (the 4 given plus 17 more to find).

7. When you connect these hands with lines, the lines form a picture of a human figure jumping over what appears to be a street.
   Reasoning figure: https://huggingface.co/datasets/hzli1202/PuzzleWorld/resolve/23a11d81b89ff4d39525a8867a99285e4c7dee61/data/Jack_Flash_Does_Vegas/figure1.png

8. Combine this visual with the number 21 (from blackjack) to get '21 JUMP STREET', which was a popular TV show from the late 1980s that was later made into a movie.

9. This matches the clues in the flavor text about their favorite show from when they were young, part of the 'Sunday-night line-up', and how it was made into a movie years later.","{""bucket"": ""hard"", ""evidence"": ""upstream PuzzleWorld label""}",needs_review,True,"{""answer_only_scorable"": true, ""benchmark_core"": true, ""counts_toward_official_topic_score"": true, ""scoring_metric"": ""binary_accuracy"", ""time_limit_minutes"": 30, ""topic_scoring_group"": ""logic_constraints"", ""track"": ""answer_only_upstream_hard_core""}","{""collection"": ""PuzzleWorld"", ""dataset_revision"": ""23a11d81b89ff4d39525a8867a99285e4c7dee61"", ""dataset_url"": ""https://huggingface.co/datasets/hzli1202/PuzzleWorld"", ""metadata_url"": ""https://huggingface.co/datasets/hzli1202/PuzzleWorld/resolve/23a11d81b89ff4d39525a8867a99285e4c7dee61/all_metadata.jsonl"", ""original_puzzled_pint_url"": null, ""publisher"": ""MIT-MI / PuzzleWorld authors"", ""repository_revision_audited"": ""0a8fbcbd33c86a29a37f7348e1eb40315e17f5c2"", ""repository_url"": ""https://github.com/MIT-MI/PuzzleWorld""}","{""license"": {""dataset_card_evidence_url"": ""https://huggingface.co/datasets/hzli1202/PuzzleWorld/raw/23a11d81b89ff4d39525a8867a99285e4c7dee61/README.md"", ""name"": ""Creative Commons Attribution-NonCommercial-ShareAlike 4.0 International"", ""original_publisher_evidence_url"": ""https://puzzledpint.org/volunteering/write-puzzles/#license"", ""scope_note"": ""The pinned Hugging Face card front matter and repository tag say cc-by-nc-sa-4.0. Puzzled Pint states that all submitted puzzles use CC BY-NC-SA 4.0 and that authors retain copyright."", ""spdx"": ""CC-BY-NC-SA-4.0"", ""url"": ""https://creativecommons.org/licenses/by-nc-sa/4.0/""}, ""noncommercial"": true, ""permission_required_for_commercial"": true, ""redistribution_scope"": ""noncommercial_sharealike_only"", ""release_track"": ""noncommercial_sharealike"", ""rights_status"": ""cc_by_nc_sa_4_0_noncommercial_attribution_review_required"", ""share_alike_required"": true}"
puzzleworld-james-holden-c4c3c6cb14,PuzzleWorld,James Holden,,logic_constraints,cryptography_ciphers | mixed_meta,logical_inference | constraint_propagation | encoding_decoding | indexing_extraction | meta_extraction | external_knowledge_linking,multi_part | meta_puzzle | logic_grid,"Title: James Holden

Earth, Mars, and the Belt, the three factions of humanity, are fighting over a shared set of resources. Holden is pretty sure each resource belongs to one faction, but isn't sure how exactly to determine that, or even what the resources really are. First he needs to figure out which resource belongs to each faction. Then he needs to match the resources with the clues in the same way that he matched the resources with the factions, and only then can he figure out what's really at stake here.

The complete puzzle statement and its visual/structured clues are in the required question asset(s):
- https://huggingface.co/datasets/hzli1202/PuzzleWorld/resolve/23a11d81b89ff4d39525a8867a99285e4c7dee61/data/James_Holden/content.png

Return the short canonical final answer.",OTHERPLANETS,"1. First, we need to determine which resources belong to which factions (Earth, Mars, or the Belt). Looking at the resources numbered 1-4 for each faction, we can deduce that resources with the same number belong to the same faction.

2. After examining the grid, we determine that resources should be assigned as follows: Bruno, Day, Seat, and Way belong to Earth; Buckle, Middle, Rover, and Bar belong to Mars; Bible, Landing, Mother, and Rare belong to the Belt.

3. Next, we need to match each resource with its clue. The clues describe compound words or phrases where one part matches the resource.

4. For example, 'Things that ring' matches with 'Bar' to form 'Bar bells', 'Vehicle' matches with 'Car' to form 'Car seat', etc.

5. The complete matches are: Bruno → San Bruno, Day → Groundhog Day, Seat → Car Seat, Buckle → Buckle Up, Middle → Middle East, Rover → Range Rover, Bible → Bible Study, Landing → Landing Strip, Mother → Mother Goose, Bar → Bar Bells, Rare → Rare Steak, Way → One Way.

6. Each clue has an index number. Using these indices, we extract a letter from each matched pair. For example, from 'Bar Bells' with index 8, we take the 8th letter which is 'O'.

7. Applying this extraction to all matches and arranging them in order, we get the letters that spell out 'OTHERPLANETS'.","{""bucket"": ""hard"", ""evidence"": ""upstream PuzzleWorld label""}",needs_review,True,"{""answer_only_scorable"": true, ""benchmark_core"": true, ""counts_toward_official_topic_score"": true, ""scoring_metric"": ""binary_accuracy"", ""time_limit_minutes"": 30, ""topic_scoring_group"": ""logic_constraints"", ""track"": ""answer_only_upstream_hard_core""}","{""collection"": ""PuzzleWorld"", ""dataset_revision"": ""23a11d81b89ff4d39525a8867a99285e4c7dee61"", ""dataset_url"": ""https://huggingface.co/datasets/hzli1202/PuzzleWorld"", ""metadata_url"": ""https://huggingface.co/datasets/hzli1202/PuzzleWorld/resolve/23a11d81b89ff4d39525a8867a99285e4c7dee61/all_metadata.jsonl"", ""original_puzzled_pint_url"": null, ""publisher"": ""MIT-MI / PuzzleWorld authors"", ""repository_revision_audited"": ""0a8fbcbd33c86a29a37f7348e1eb40315e17f5c2"", ""repository_url"": ""https://github.com/MIT-MI/PuzzleWorld""}","{""license"": {""dataset_card_evidence_url"": ""https://huggingface.co/datasets/hzli1202/PuzzleWorld/raw/23a11d81b89ff4d39525a8867a99285e4c7dee61/README.md"", ""name"": ""Creative Commons Attribution-NonCommercial-ShareAlike 4.0 International"", ""original_publisher_evidence_url"": ""https://puzzledpint.org/volunteering/write-puzzles/#license"", ""scope_note"": ""The pinned Hugging Face card front matter and repository tag say cc-by-nc-sa-4.0. Puzzled Pint states that all submitted puzzles use CC BY-NC-SA 4.0 and that authors retain copyright."", ""spdx"": ""CC-BY-NC-SA-4.0"", ""url"": ""https://creativecommons.org/licenses/by-nc-sa/4.0/""}, ""noncommercial"": true, ""permission_required_for_commercial"": true, ""redistribution_scope"": ""noncommercial_sharealike_only"", ""release_track"": ""noncommercial_sharealike"", ""rights_status"": ""cc_by_nc_sa_4_0_noncommercial_attribution_review_required"", ""share_alike_required"": true}"
puzzleworld-killer-tacos-51ba5d5ee2,PuzzleWorld,Killer Tacos,,logic_constraints,word_language,logical_inference | constraint_propagation | wordplay | lexical_search | indexing_extraction,multi_part | word_puzzle | logic_grid,"Title: Killer Tacos

A great taco is like a killer sudoku cage: you can identify the ingredients that combine together to make a specific recipe. Truly killer tacos come from understanding each ingredient top to bottom and putting those ingredients together in the appropriate order.

The complete puzzle statement and its visual/structured clues are in the required question asset(s):
- https://huggingface.co/datasets/hzli1202/PuzzleWorld/resolve/23a11d81b89ff4d39525a8867a99285e4c7dee61/data/Killer_Tacos/content.png

Return the short canonical final answer.",LIME WEDGES,"1. Identify puzzle as a sudoku puzzle. Numbers in the grid outlined rectangles should sum to the number on the top right of each outlined rectangle. Place numbers in each grid square while satisfying these rules.
   Reasoning figure: https://huggingface.co/datasets/hzli1202/PuzzleWorld/resolve/23a11d81b89ff4d39525a8867a99285e4c7dee61/data/Killer_Tacos/figure1.png

2. Extract the words associated with each number in the sudoku. Words from grids with the number 1 extract to form the sentence: 'CREAM TYPE USED FOR TEX MEX CUISINE', words from grids squares with the number 2 form 'MIGHT COME FROM BLUE PLUS YELLOW', words from number 3 squares form 'NETFLIX HIT SCI-FI SHOW SECOND WORD', words from number 4 squares form 'HOW TOES FEEL IN TIGHT SHOES', words from number 5 squares form 'WORD FOllOWING GAME AFTER LAST LIFE'. words from number 6 squares form 'SUBJECT OF PUZZLE PACKET CURRENTLY HELD'.

3. Each of the clue phrases extracted in the previous step allude to a word. In numerical order, the words are 'SOUR', 'GREEN', 'THINGS', 'SQUEEZED', 'OVER', 'TACOS'.

4. The clue of 'SOUR GREEN THINGS SQUEEZED OVER TACOS' alludes to the solution, 'LIME WEDGES'.","{""bucket"": ""hard"", ""evidence"": ""upstream PuzzleWorld label""}",needs_review,True,"{""answer_only_scorable"": true, ""benchmark_core"": true, ""counts_toward_official_topic_score"": true, ""scoring_metric"": ""binary_accuracy"", ""time_limit_minutes"": 30, ""topic_scoring_group"": ""logic_constraints"", ""track"": ""answer_only_upstream_hard_core""}","{""collection"": ""PuzzleWorld"", ""dataset_revision"": ""23a11d81b89ff4d39525a8867a99285e4c7dee61"", ""dataset_url"": ""https://huggingface.co/datasets/hzli1202/PuzzleWorld"", ""metadata_url"": ""https://huggingface.co/datasets/hzli1202/PuzzleWorld/resolve/23a11d81b89ff4d39525a8867a99285e4c7dee61/all_metadata.jsonl"", ""original_puzzled_pint_url"": ""https://puzzledpint.org/wp-content/uploads/2023/02/Main-Set.pdf"", ""publisher"": ""MIT-MI / PuzzleWorld authors"", ""repository_revision_audited"": ""0a8fbcbd33c86a29a37f7348e1eb40315e17f5c2"", ""repository_url"": ""https://github.com/MIT-MI/PuzzleWorld""}","{""license"": {""dataset_card_evidence_url"": ""https://huggingface.co/datasets/hzli1202/PuzzleWorld/raw/23a11d81b89ff4d39525a8867a99285e4c7dee61/README.md"", ""name"": ""Creative Commons Attribution-NonCommercial-ShareAlike 4.0 International"", ""original_publisher_evidence_url"": ""https://puzzledpint.org/volunteering/write-puzzles/#license"", ""scope_note"": ""The pinned Hugging Face card front matter and repository tag say cc-by-nc-sa-4.0. Puzzled Pint states that all submitted puzzles use CC BY-NC-SA 4.0 and that authors retain copyright."", ""spdx"": ""CC-BY-NC-SA-4.0"", ""url"": ""https://creativecommons.org/licenses/by-nc-sa/4.0/""}, ""noncommercial"": true, ""permission_required_for_commercial"": true, ""redistribution_scope"": ""noncommercial_sharealike_only"", ""release_track"": ""noncommercial_sharealike"", ""rights_status"": ""cc_by_nc_sa_4_0_noncommercial_attribution_review_required"", ""share_alike_required"": true}"
puzzleworld-king-midas-5415ff078b,PuzzleWorld,King Midas,,logic_constraints,word_language | cryptography_ciphers | geometry_spatial,logical_inference | constraint_propagation | wordplay | lexical_search | encoding_decoding | indexing_extraction | meta_extraction | spatial_visualization | visual_decoding | pathfinding,multi_part | word_puzzle | meta_puzzle | logic_grid | path_route,"Title: King Midas

Out of all the metals, King Midas loves gold the most. When he was granted a wish by the gods, his first thought was to wish for everything he touched to turn to gold. King Midas also enjoys periodically walking on a path through his garden. What is something else that King Midas loves?

The complete puzzle statement and its visual/structured clues are in the required question asset(s):
- https://huggingface.co/datasets/hzli1202/PuzzleWorld/resolve/23a11d81b89ff4d39525a8867a99285e4c7dee61/data/King_Midas/content.png

Return the short canonical final answer.",ROSES,"1. Fill in the words in each box based on the text clue, giving the following figure
   Reasoning figure: https://huggingface.co/datasets/hzli1202/PuzzleWorld/resolve/23a11d81b89ff4d39525a8867a99285e4c7dee61/data/King_Midas/figure_1.png

2. Sketch a path through the boxes that contain letters AU, the chemical symbol for gold, which are sAUce, pAUper, AUtomatic, cAUse, exhAUsted, sAUerkrAUt, nAUghty, overhAUl, tAUt, inAUguration, nAUsea, pAUse, AUstralia, thesAUrus, hAUnted

3. Extracting the first letters of the words along the path gives 'SPACES NOT IN PATH'.

4. Sketch a path through the non-path answers with AG (silver), which are forAGe, lasAGna, octAGon, wAGe, eAGer, rAGe, stAGe.

5. Sketch a path through the non-path answers with CU (copper), which are world CUp, inCUbator, teaCUp, hairCUt.

6. Sketch a path through the non-path answers with FE (iron), which are transFEr, half liFE, ofFEnd, reFEree, news FEed, saFE.

7. Extracting the first letters of the words along the AG, CU, and FE paths gives 'FLOWERS WITH THORNS'.

8. Infer from the combined words'FLOWERS WITH THORNS' to obtain final answer 'ROSES'.","{""bucket"": ""hard"", ""evidence"": ""upstream PuzzleWorld label""}",needs_review,True,"{""answer_only_scorable"": true, ""benchmark_core"": true, ""counts_toward_official_topic_score"": true, ""scoring_metric"": ""binary_accuracy"", ""time_limit_minutes"": 30, ""topic_scoring_group"": ""logic_constraints"", ""track"": ""answer_only_upstream_hard_core""}","{""collection"": ""PuzzleWorld"", ""dataset_revision"": ""23a11d81b89ff4d39525a8867a99285e4c7dee61"", ""dataset_url"": ""https://huggingface.co/datasets/hzli1202/PuzzleWorld"", ""metadata_url"": ""https://huggingface.co/datasets/hzli1202/PuzzleWorld/resolve/23a11d81b89ff4d39525a8867a99285e4c7dee61/all_metadata.jsonl"", ""original_puzzled_pint_url"": ""https://puzzledpint.org/archive-files/8916/1818/1187/Main_Set_-_Greek_Mythology_2.pdf"", ""publisher"": ""MIT-MI / PuzzleWorld authors"", ""repository_revision_audited"": ""0a8fbcbd33c86a29a37f7348e1eb40315e17f5c2"", ""repository_url"": ""https://github.com/MIT-MI/PuzzleWorld""}","{""license"": {""dataset_card_evidence_url"": ""https://huggingface.co/datasets/hzli1202/PuzzleWorld/raw/23a11d81b89ff4d39525a8867a99285e4c7dee61/README.md"", ""name"": ""Creative Commons Attribution-NonCommercial-ShareAlike 4.0 International"", ""original_publisher_evidence_url"": ""https://puzzledpint.org/volunteering/write-puzzles/#license"", ""scope_note"": ""The pinned Hugging Face card front matter and repository tag say cc-by-nc-sa-4.0. Puzzled Pint states that all submitted puzzles use CC BY-NC-SA 4.0 and that authors retain copyright."", ""spdx"": ""CC-BY-NC-SA-4.0"", ""url"": ""https://creativecommons.org/licenses/by-nc-sa/4.0/""}, ""noncommercial"": true, ""permission_required_for_commercial"": true, ""redistribution_scope"": ""noncommercial_sharealike_only"", ""release_track"": ""noncommercial_sharealike"", ""rights_status"": ""cc_by_nc_sa_4_0_noncommercial_attribution_review_required"", ""share_alike_required"": true}"
puzzleworld-knights-templar-1d368198d9,PuzzleWorld,Knights Templar,,logic_constraints,geometry_spatial | cryptography_ciphers | mixed_meta,logical_inference | constraint_propagation | spatial_visualization | visual_decoding | encoding_decoding | indexing_extraction | meta_extraction | external_knowledge_linking,image_puzzle | multi_part | meta_puzzle | logic_grid,"Title: Knights Templar

The Knights Templar await disguised as other white pieces. Upon casting off their disguise,  
they make just one move to checkmate the black king. They are trained to jump into nearly any…

The complete puzzle statement and its visual/structured clues are in the required question asset(s):
- https://huggingface.co/datasets/hzli1202/PuzzleWorld/resolve/23a11d81b89ff4d39525a8867a99285e4c7dee61/data/Knights_Templar/content.png

Return the short canonical final answer.",AFFAIR,"1. Recognize that each chessboard presents a 'mate in one' problem, meaning that white moves next to checkmate the black king.

2. Recognize that each knight is disguised as another piece, requiring the solver to identify which piece it is pretending to be.

3. For each board, identify the piece that the knight is pretending to be, which are Pawn, Bishop, Bishop, Pawn, Bishop, and Rook in left-to-right, top-to-bottom order.

4. For each board, identify the hidden knight's starting position, which are D5, B5, D6, F5, C5, F5.

5. For each board, identify the hidden knight's landing position in order to checkmate the black king, which are C7, C7, B5, G7, E6, E7.

6. For each board, take the piece the knight is disguised as, orient the letter grid with that piece facing up, and collect the letters that the knight lands on, which are A, F, F, A, I, R.

7. The collected letters spell the final solution: 'AFFAIR'.","{""bucket"": ""hard"", ""evidence"": ""upstream PuzzleWorld label""}",needs_review,True,"{""answer_only_scorable"": true, ""benchmark_core"": true, ""counts_toward_official_topic_score"": true, ""scoring_metric"": ""binary_accuracy"", ""time_limit_minutes"": 30, ""topic_scoring_group"": ""logic_constraints"", ""track"": ""answer_only_upstream_hard_core""}","{""collection"": ""PuzzleWorld"", ""dataset_revision"": ""23a11d81b89ff4d39525a8867a99285e4c7dee61"", ""dataset_url"": ""https://huggingface.co/datasets/hzli1202/PuzzleWorld"", ""metadata_url"": ""https://huggingface.co/datasets/hzli1202/PuzzleWorld/resolve/23a11d81b89ff4d39525a8867a99285e4c7dee61/all_metadata.jsonl"", ""original_puzzled_pint_url"": ""https://puzzledpint.org/archive-files/2814/6992/4762/Knights_Templar.pdf"", ""publisher"": ""MIT-MI / PuzzleWorld authors"", ""repository_revision_audited"": ""0a8fbcbd33c86a29a37f7348e1eb40315e17f5c2"", ""repository_url"": ""https://github.com/MIT-MI/PuzzleWorld""}","{""license"": {""dataset_card_evidence_url"": ""https://huggingface.co/datasets/hzli1202/PuzzleWorld/raw/23a11d81b89ff4d39525a8867a99285e4c7dee61/README.md"", ""name"": ""Creative Commons Attribution-NonCommercial-ShareAlike 4.0 International"", ""original_publisher_evidence_url"": ""https://puzzledpint.org/volunteering/write-puzzles/#license"", ""scope_note"": ""The pinned Hugging Face card front matter and repository tag say cc-by-nc-sa-4.0. Puzzled Pint states that all submitted puzzles use CC BY-NC-SA 4.0 and that authors retain copyright."", ""spdx"": ""CC-BY-NC-SA-4.0"", ""url"": ""https://creativecommons.org/licenses/by-nc-sa/4.0/""}, ""noncommercial"": true, ""permission_required_for_commercial"": true, ""redistribution_scope"": ""noncommercial_sharealike_only"", ""release_track"": ""noncommercial_sharealike"", ""rights_status"": ""cc_by_nc_sa_4_0_noncommercial_attribution_review_required"", ""share_alike_required"": true}"
puzzleworld-learn-to-spell-1c0a151c5e,PuzzleWorld,Learn To Spell,,logic_constraints,cryptography_ciphers,logical_inference | constraint_propagation | encoding_decoding | indexing_extraction | meta_extraction,image_puzzle | multi_part | meta_puzzle | logic_grid,"Title: Learn To Spell

Welcome kids! Thanks again for tuning in to the best educational program on TV! This week, our mystery word is one that is easy to spell, but hard to draw, so it has been drawn as a question mark. The heart of each of today's words has been removed. Cut them out from the bottom and replace them correctly. Spell out only these hearts to know you've placed each into their correct word, and to learn the second helpful identity of the heart. What is today's mystery word?

The complete puzzle statement and its visual/structured clues are in the required question asset(s):
- https://huggingface.co/datasets/hzli1202/PuzzleWorld/resolve/23a11d81b89ff4d39525a8867a99285e4c7dee61/data/Learn-To-Spell/content.png

Return the short canonical final answer.",UNITE,"1. First, identify all the icons in the puzzle. They are: Cat, Cake, Knot, Ant, Nut, Kite, Coat, Key, Eye, and a question mark.

2. Notice that each icon appears multiple times in the grid, and that there are gray spaces where something seems to be missing - these are where the 'hearts' need to be placed.

3. At the bottom of the puzzle, there are dotted outlines showing pairs of icons. These represent the 'hearts' that need to be placed in the gray spaces.

4. Each icon represents a letter: Cat=C, Cake=A, Knot=T, Ant=N, Nut=U, Kite=E, Coat=O, Key=K, Eye=Y, and the question mark=I.

5. When you place the 'hearts' (the icon pairs) in their correct positions in the gray spaces, and read only those letters, they spell out 'UNITE'.","{""bucket"": ""hard"", ""evidence"": ""upstream PuzzleWorld label""}",needs_review,True,"{""answer_only_scorable"": true, ""benchmark_core"": true, ""counts_toward_official_topic_score"": true, ""scoring_metric"": ""binary_accuracy"", ""time_limit_minutes"": 30, ""topic_scoring_group"": ""logic_constraints"", ""track"": ""answer_only_upstream_hard_core""}","{""collection"": ""PuzzleWorld"", ""dataset_revision"": ""23a11d81b89ff4d39525a8867a99285e4c7dee61"", ""dataset_url"": ""https://huggingface.co/datasets/hzli1202/PuzzleWorld"", ""metadata_url"": ""https://huggingface.co/datasets/hzli1202/PuzzleWorld/resolve/23a11d81b89ff4d39525a8867a99285e4c7dee61/all_metadata.jsonl"", ""original_puzzled_pint_url"": ""https://puzzledpint.org/archive-files/4114/3423/8066/LearnToSpell-FINAL.pdf"", ""publisher"": ""MIT-MI / PuzzleWorld authors"", ""repository_revision_audited"": ""0a8fbcbd33c86a29a37f7348e1eb40315e17f5c2"", ""repository_url"": ""https://github.com/MIT-MI/PuzzleWorld""}","{""license"": {""dataset_card_evidence_url"": ""https://huggingface.co/datasets/hzli1202/PuzzleWorld/raw/23a11d81b89ff4d39525a8867a99285e4c7dee61/README.md"", ""name"": ""Creative Commons Attribution-NonCommercial-ShareAlike 4.0 International"", ""original_publisher_evidence_url"": ""https://puzzledpint.org/volunteering/write-puzzles/#license"", ""scope_note"": ""The pinned Hugging Face card front matter and repository tag say cc-by-nc-sa-4.0. Puzzled Pint states that all submitted puzzles use CC BY-NC-SA 4.0 and that authors retain copyright."", ""spdx"": ""CC-BY-NC-SA-4.0"", ""url"": ""https://creativecommons.org/licenses/by-nc-sa/4.0/""}, ""noncommercial"": true, ""permission_required_for_commercial"": true, ""redistribution_scope"": ""noncommercial_sharealike_only"", ""release_track"": ""noncommercial_sharealike"", ""rights_status"": ""cc_by_nc_sa_4_0_noncommercial_attribution_review_required"", ""share_alike_required"": true}"
puzzleworld-least-of-a-feast-cb06441d74,PuzzleWorld,Least of a Feast,,logic_constraints,mixed_meta,logical_inference | constraint_propagation | external_knowledge_linking,multi_part | logic_grid,"Title: Least of a Feast

It's no surprise the feast was ruined as well (Though stolen or eaten, one couldn't quite tell). This was the full menu, save for one dish: What holy plate was left off the list? To the left are a number of recipes, each containing one or more cooking instructions in bold. Every recipe starts with a one-word ingredient. The answer to this puzzle is the name of the final recipe.

The complete puzzle statement and its visual/structured clues are in the required question asset(s):
- https://huggingface.co/datasets/hzli1202/PuzzleWorld/resolve/23a11d81b89ff4d39525a8867a99285e4c7dee61/data/Least_of_a_Feast/content.png

Return the short canonical final answer.",GUACAMOLE,"1. Notice that every bolded cooking technique represents a transformation on a given word. The transformations in a recipe must be done in order - that is, the result of one transformation will be further transformed by a subsequent instruction.

2. Follow the transformations for ????? to arrive at the final word.

3. Apply the transformations to CHEESE: CHEESE -> CCEESE -> CCEES -> CEES -> SEEC -> EEC -> OOC -> JJX -> PJJX -> UOOC-> UOOCS

4. Apply the transformations to MELON: MELON -> ELON -> WDGF -> DWDGFO -> DWGFO -> LEONW -> WEONL -> WEON -> IQAZ.

5. Mixing UOOCS and IQAZ gives you UIOQOACZS, and shifting this 12 letters forward gives you the final answer: GUACAMOLE.","{""bucket"": ""hard"", ""evidence"": ""upstream PuzzleWorld label""}",needs_review,True,"{""answer_only_scorable"": true, ""benchmark_core"": true, ""counts_toward_official_topic_score"": true, ""scoring_metric"": ""binary_accuracy"", ""time_limit_minutes"": 30, ""topic_scoring_group"": ""logic_constraints"", ""track"": ""answer_only_upstream_hard_core""}","{""collection"": ""PuzzleWorld"", ""dataset_revision"": ""23a11d81b89ff4d39525a8867a99285e4c7dee61"", ""dataset_url"": ""https://huggingface.co/datasets/hzli1202/PuzzleWorld"", ""metadata_url"": ""https://huggingface.co/datasets/hzli1202/PuzzleWorld/resolve/23a11d81b89ff4d39525a8867a99285e4c7dee61/all_metadata.jsonl"", ""original_puzzled_pint_url"": ""https://puzzledpint.org/files/3516/0721/7667/Main_Set_-_The_Grinch_4.pdf"", ""publisher"": ""MIT-MI / PuzzleWorld authors"", ""repository_revision_audited"": ""0a8fbcbd33c86a29a37f7348e1eb40315e17f5c2"", ""repository_url"": ""https://github.com/MIT-MI/PuzzleWorld""}","{""license"": {""dataset_card_evidence_url"": ""https://huggingface.co/datasets/hzli1202/PuzzleWorld/raw/23a11d81b89ff4d39525a8867a99285e4c7dee61/README.md"", ""name"": ""Creative Commons Attribution-NonCommercial-ShareAlike 4.0 International"", ""original_publisher_evidence_url"": ""https://puzzledpint.org/volunteering/write-puzzles/#license"", ""scope_note"": ""The pinned Hugging Face card front matter and repository tag say cc-by-nc-sa-4.0. Puzzled Pint states that all submitted puzzles use CC BY-NC-SA 4.0 and that authors retain copyright."", ""spdx"": ""CC-BY-NC-SA-4.0"", ""url"": ""https://creativecommons.org/licenses/by-nc-sa/4.0/""}, ""noncommercial"": true, ""permission_required_for_commercial"": true, ""redistribution_scope"": ""noncommercial_sharealike_only"", ""release_track"": ""noncommercial_sharealike"", ""rights_status"": ""cc_by_nc_sa_4_0_noncommercial_attribution_review_required"", ""share_alike_required"": true}"
puzzleworld-letter-jam-6885d41698,PuzzleWorld,Letter Jam,,logic_constraints,word_language,logical_inference | constraint_propagation | wordplay | lexical_search | anagramming,word_puzzle,"Title: Letter Jam

In Letter Jam, players will see four or five letters and are tasked with coming up with words made up only of these letters (including possibly multiple uses of each letter). Pair up the sets of letters with definitions for words you can make using those letters. Each set of letters matches up with one definition, which leaves you with one definition left over.

The complete puzzle statement and its visual/structured clues are in the required question asset(s):
- https://huggingface.co/datasets/hzli1202/PuzzleWorld/resolve/23a11d81b89ff4d39525a8867a99285e4c7dee61/data/Letter_Jam/content.png

Return the short canonical final answer.",SENSELESS,"1. The puzzle presents 11 sets of letters (ABENT, ACLNT, AEGLR, etc.) and 12 word definitions, telling us that each set of letters can be rearranged to form a word matching one of the definitions, with one definition left over.

2. Begin by identifying which words can be formed from each set of letters. For example, ABENT can form the word 'BENTA' which matches 'The IT Crowd countdown answer' (a reference to the comedy show where this nonsense word appears).

3. Continue matching letter sets to definitions: ACLNT can form 'CATALAN' (Official language of Andorra); AEGLR forms 'GARGLER' (Mouthwash user); AELT forms 'TALE' or 'TEAL' but needs further investigation.

4. Through process of elimination and word formation, determine all matches. For instance, AGNMR forms 'ANAGRAM' (A word formed by rearranging letters); ALNT forms 'ATLANTA' (The city where the author of this puzzle lives).

5. Additional matches include: BORSU forms 'OUROBOROS' (A snake eating its own tail); CEORS forms 'SORCERER' (People wielding powerful magic); DELS forms 'SEEDLESS' (Some varieties of watermelon).

6. Final matches: GINR forms 'GRINNING' (What the Cheshire cat is probably doing); IMPS forms 'MISSISSIPPI' (The name of a U.S. state and river).

7. Notice that after all matches are made, one definition remains: 'Lacking meaning.' Also, there are letters that haven't been crossed off after solving (E, L, N, S).

8. The letters ELNS can be rearranged to form 'SENSELESS,' which matches the remaining definition 'Lacking meaning.' This is the final answer.","{""bucket"": ""hard"", ""evidence"": ""upstream PuzzleWorld label""}",needs_review,True,"{""answer_only_scorable"": true, ""benchmark_core"": true, ""counts_toward_official_topic_score"": true, ""scoring_metric"": ""binary_accuracy"", ""time_limit_minutes"": 30, ""topic_scoring_group"": ""logic_constraints"", ""track"": ""answer_only_upstream_hard_core""}","{""collection"": ""PuzzleWorld"", ""dataset_revision"": ""23a11d81b89ff4d39525a8867a99285e4c7dee61"", ""dataset_url"": ""https://huggingface.co/datasets/hzli1202/PuzzleWorld"", ""metadata_url"": ""https://huggingface.co/datasets/hzli1202/PuzzleWorld/resolve/23a11d81b89ff4d39525a8867a99285e4c7dee61/all_metadata.jsonl"", ""original_puzzled_pint_url"": null, ""publisher"": ""MIT-MI / PuzzleWorld authors"", ""repository_revision_audited"": ""0a8fbcbd33c86a29a37f7348e1eb40315e17f5c2"", ""repository_url"": ""https://github.com/MIT-MI/PuzzleWorld""}","{""license"": {""dataset_card_evidence_url"": ""https://huggingface.co/datasets/hzli1202/PuzzleWorld/raw/23a11d81b89ff4d39525a8867a99285e4c7dee61/README.md"", ""name"": ""Creative Commons Attribution-NonCommercial-ShareAlike 4.0 International"", ""original_publisher_evidence_url"": ""https://puzzledpint.org/volunteering/write-puzzles/#license"", ""scope_note"": ""The pinned Hugging Face card front matter and repository tag say cc-by-nc-sa-4.0. Puzzled Pint states that all submitted puzzles use CC BY-NC-SA 4.0 and that authors retain copyright."", ""spdx"": ""CC-BY-NC-SA-4.0"", ""url"": ""https://creativecommons.org/licenses/by-nc-sa/4.0/""}, ""noncommercial"": true, ""permission_required_for_commercial"": true, ""redistribution_scope"": ""noncommercial_sharealike_only"", ""release_track"": ""noncommercial_sharealike"", ""rights_status"": ""cc_by_nc_sa_4_0_noncommercial_attribution_review_required"", ""share_alike_required"": true}"
puzzleworld-london-bridge-is-falling-down-f52fb3de0d,PuzzleWorld,London Bridge is Falling Down,,logic_constraints,geometry_spatial,logical_inference | constraint_propagation | spatial_visualization | visual_decoding,image_puzzle | multi_part | logic_grid,"Title: London Bridge is Falling Down

All these bridges, falling down, Falling down, falling down, Divided up our island town, My fair lady. We needn't panic, lucky us, Lucky us, lucky us. We've tools to fix each arch and truss, My fair lady. Folks will, once we link the isles, Link the isles, link the isles, Come back home with grateful smiles, My fair lady.

The complete puzzle statement and its visual/structured clues are in the required question asset(s):
- https://huggingface.co/datasets/hzli1202/PuzzleWorld/resolve/23a11d81b89ff4d39525a8867a99285e4c7dee61/data/London_Bridge_is_Falling_Down/content.png

Return the short canonical final answer.",REINVENTION,"1. The puzzle presents a grid with circular islands, each containing a number from 1 to 8. Players need to connect the islands with bridges according to the given rules.

2. According to the rules: All islands must be linked into a single connected group; The numbers show how many bridges meet at each island; No bridge can cross an island or another bridge; At most two bridges can connect any pair of islands.

3. Construction happens in two stages: first single bridges, then double bridges. This is a key insight for solving.

4. Start by placing single bridges where they must go - for example, islands with odd numbers must have at least one single bridge.
   Reasoning figure: https://huggingface.co/datasets/hzli1202/PuzzleWorld/resolve/23a11d81b89ff4d39525a8867a99285e4c7dee61/data/London_Bridge_is_Falling_Down/figure1.png

5. Continue placing single bridges while maintaining connectivity and respecting the number constraints, using logical deduction to determine where bridges must go.
   Reasoning figure: https://huggingface.co/datasets/hzli1202/PuzzleWorld/resolve/23a11d81b89ff4d39525a8867a99285e4c7dee61/data/London_Bridge_is_Falling_Down/figure1.png

6. After placing all necessary single bridges, add double bridges where needed to complete the requirements for each island's number.
   Reasoning figure: https://huggingface.co/datasets/hzli1202/PuzzleWorld/resolve/23a11d81b89ff4d39525a8867a99285e4c7dee61/data/London_Bridge_is_Falling_Down/figure1.png

7. When completed, the single bridges form a pattern that looks like the letters 'R E I N'.

8. The double bridges form a pattern that looks like the letters 'V E N T I O N'.

9. Reading all the letters formed by the bridges in order (single bridges first, then double bridges) spells out 'REINVENTION', which is the final answer.","{""bucket"": ""hard"", ""evidence"": ""upstream PuzzleWorld label""}",needs_review,True,"{""answer_only_scorable"": true, ""benchmark_core"": true, ""counts_toward_official_topic_score"": true, ""scoring_metric"": ""binary_accuracy"", ""time_limit_minutes"": 30, ""topic_scoring_group"": ""logic_constraints"", ""track"": ""answer_only_upstream_hard_core""}","{""collection"": ""PuzzleWorld"", ""dataset_revision"": ""23a11d81b89ff4d39525a8867a99285e4c7dee61"", ""dataset_url"": ""https://huggingface.co/datasets/hzli1202/PuzzleWorld"", ""metadata_url"": ""https://huggingface.co/datasets/hzli1202/PuzzleWorld/resolve/23a11d81b89ff4d39525a8867a99285e4c7dee61/all_metadata.jsonl"", ""original_puzzled_pint_url"": null, ""publisher"": ""MIT-MI / PuzzleWorld authors"", ""repository_revision_audited"": ""0a8fbcbd33c86a29a37f7348e1eb40315e17f5c2"", ""repository_url"": ""https://github.com/MIT-MI/PuzzleWorld""}","{""license"": {""dataset_card_evidence_url"": ""https://huggingface.co/datasets/hzli1202/PuzzleWorld/raw/23a11d81b89ff4d39525a8867a99285e4c7dee61/README.md"", ""name"": ""Creative Commons Attribution-NonCommercial-ShareAlike 4.0 International"", ""original_publisher_evidence_url"": ""https://puzzledpint.org/volunteering/write-puzzles/#license"", ""scope_note"": ""The pinned Hugging Face card front matter and repository tag say cc-by-nc-sa-4.0. Puzzled Pint states that all submitted puzzles use CC BY-NC-SA 4.0 and that authors retain copyright."", ""spdx"": ""CC-BY-NC-SA-4.0"", ""url"": ""https://creativecommons.org/licenses/by-nc-sa/4.0/""}, ""noncommercial"": true, ""permission_required_for_commercial"": true, ""redistribution_scope"": ""noncommercial_sharealike_only"", ""release_track"": ""noncommercial_sharealike"", ""rights_status"": ""cc_by_nc_sa_4_0_noncommercial_attribution_review_required"", ""share_alike_required"": true}"
puzzleworld-magneto-4f09965508,PuzzleWorld,Magneto,,logic_constraints,geometry_spatial,logical_inference | constraint_propagation | spatial_visualization | visual_decoding | information_synthesis | crossword_solving | indexing_extraction,image_puzzle | crossword,"Title: Magneto

Magneto can manipulate metals, moving or contorting metallic objects, and at least once has even pulled iron out of someone's blood (much to the victim's detriment!).  Pair the clued words in the magnet below to reveal instructions for discovering Magneto's weakness.

The complete puzzle statement and its visual/structured clues are in the required question asset(s):
- https://huggingface.co/datasets/hzli1202/PuzzleWorld/resolve/23a11d81b89ff4d39525a8867a99285e4c7dee61/data/Magneto/content.png

Return the short canonical final answer.",HOMEMADE SCONES,"1. Solve the crossword clues in the inner arc of the magnet.

2. Notice that half of the crossword clues have the digraph ""FE"" in them, which is the chemical symbol for iron. The other half are the same words but with FE removed.

3. Sketch/trace lines that connect the words with and without FE in them.
   Reasoning figure: https://huggingface.co/datasets/hzli1202/PuzzleWorld/resolve/23a11d81b89ff4d39525a8867a99285e4c7dee61/data/Magneto/figure1.png

4. Extract the letters inside the magnet that are not traced over, giving the clue ""SHIFT LETTERS AT INTERSECTIONS BY ONE"".

5. Extract the letters at intersection of traced lines and shift them one letter down as the clue says to get the answer ""HOMEMADE SCONES"".","{""bucket"": ""hard"", ""evidence"": ""upstream PuzzleWorld label""}",needs_review,True,"{""answer_only_scorable"": true, ""benchmark_core"": true, ""counts_toward_official_topic_score"": true, ""scoring_metric"": ""binary_accuracy"", ""time_limit_minutes"": 30, ""topic_scoring_group"": ""logic_constraints"", ""track"": ""answer_only_upstream_hard_core""}","{""collection"": ""PuzzleWorld"", ""dataset_revision"": ""23a11d81b89ff4d39525a8867a99285e4c7dee61"", ""dataset_url"": ""https://huggingface.co/datasets/hzli1202/PuzzleWorld"", ""metadata_url"": ""https://huggingface.co/datasets/hzli1202/PuzzleWorld/resolve/23a11d81b89ff4d39525a8867a99285e4c7dee61/all_metadata.jsonl"", ""original_puzzled_pint_url"": ""https://puzzledpint.org/archive-files/8414/2151/1117/cs_Magneto_final.pdf"", ""publisher"": ""MIT-MI / PuzzleWorld authors"", ""repository_revision_audited"": ""0a8fbcbd33c86a29a37f7348e1eb40315e17f5c2"", ""repository_url"": ""https://github.com/MIT-MI/PuzzleWorld""}","{""license"": {""dataset_card_evidence_url"": ""https://huggingface.co/datasets/hzli1202/PuzzleWorld/raw/23a11d81b89ff4d39525a8867a99285e4c7dee61/README.md"", ""name"": ""Creative Commons Attribution-NonCommercial-ShareAlike 4.0 International"", ""original_publisher_evidence_url"": ""https://puzzledpint.org/volunteering/write-puzzles/#license"", ""scope_note"": ""The pinned Hugging Face card front matter and repository tag say cc-by-nc-sa-4.0. Puzzled Pint states that all submitted puzzles use CC BY-NC-SA 4.0 and that authors retain copyright."", ""spdx"": ""CC-BY-NC-SA-4.0"", ""url"": ""https://creativecommons.org/licenses/by-nc-sa/4.0/""}, ""noncommercial"": true, ""permission_required_for_commercial"": true, ""redistribution_scope"": ""noncommercial_sharealike_only"", ""release_track"": ""noncommercial_sharealike"", ""rights_status"": ""cc_by_nc_sa_4_0_noncommercial_attribution_review_required"", ""share_alike_required"": true}"
puzzleworld-math-class-4f8e1ad741,PuzzleWorld,Math Class,,logic_constraints,mixed_meta | geometry_spatial,logical_inference | constraint_propagation | external_knowledge_linking | spatial_visualization | visual_decoding,image_puzzle | multi_part | logic_grid,"Title: Math Class

'Please Excuse My Dear Aunt Sally???' Forget that! You've got a math test today, and so you've taken the situation into your own hands. Thank goodness for crib notes.And you have kept the other hand free for the answers, which are just the digits 1 through 5 to put into the answer boxes in each of the ten equations. Seems simple, but there must be over a hundred different ways to arrange those five digits in a row! Because you are her favorite student, Ms. Hilbert has started you off by filling in some of the digits for you. All you need to do is fill in the rest. So, if she filled in a 2, you only need to figure out where the 1, 3, 4 and 5 go. Plus, she told you that a couple of the equations have two possible arrangements, but either one will do. After that, just combine like terms as Ms. Hilbert always says, to cancel it all down. That is primarily how you get to the final solution.

The complete puzzle statement and its visual/structured clues are in the required question asset(s):
- https://huggingface.co/datasets/hzli1202/PuzzleWorld/resolve/23a11d81b89ff4d39525a8867a99285e4c7dee61/data/math_class/content.png

Return the short canonical final answer.",PERMUTATIONS,"1. Correctly place digits (1-5) that are missing and must be placed in the answer boxes.
   Reasoning figure: https://huggingface.co/datasets/hzli1202/PuzzleWorld/resolve/23a11d81b89ff4d39525a8867a99285e4c7dee61/data/math_class/figure2.png

2. Draw connecting lines from like-numbers to 'combine like terms' as the flavor text describes. e.g. a line is drawn from 1 to 1, 2 to 2, ect.
   Reasoning figure: https://huggingface.co/datasets/hzli1202/PuzzleWorld/resolve/23a11d81b89ff4d39525a8867a99285e4c7dee61/data/math_class/figure1.png

3. Reading the uncrossed letters in order spells NUMBER CANCELLEDLETTERS READONLY PRIMES.

4. Number the crossed letters from left to right, top to bottom.

5. Readoning only the crossed letters with prime numbers labeled on them spell PERMUTATIONS.","{""bucket"": ""hard"", ""evidence"": ""upstream PuzzleWorld label""}",needs_review,True,"{""answer_only_scorable"": true, ""benchmark_core"": true, ""counts_toward_official_topic_score"": true, ""scoring_metric"": ""binary_accuracy"", ""time_limit_minutes"": 30, ""topic_scoring_group"": ""logic_constraints"", ""track"": ""answer_only_upstream_hard_core""}","{""collection"": ""PuzzleWorld"", ""dataset_revision"": ""23a11d81b89ff4d39525a8867a99285e4c7dee61"", ""dataset_url"": ""https://huggingface.co/datasets/hzli1202/PuzzleWorld"", ""metadata_url"": ""https://huggingface.co/datasets/hzli1202/PuzzleWorld/resolve/23a11d81b89ff4d39525a8867a99285e4c7dee61/all_metadata.jsonl"", ""original_puzzled_pint_url"": ""https://puzzledpint.org/archive-puzzles/puzzles-may-2019/"", ""publisher"": ""MIT-MI / PuzzleWorld authors"", ""repository_revision_audited"": ""0a8fbcbd33c86a29a37f7348e1eb40315e17f5c2"", ""repository_url"": ""https://github.com/MIT-MI/PuzzleWorld""}","{""license"": {""dataset_card_evidence_url"": ""https://huggingface.co/datasets/hzli1202/PuzzleWorld/raw/23a11d81b89ff4d39525a8867a99285e4c7dee61/README.md"", ""name"": ""Creative Commons Attribution-NonCommercial-ShareAlike 4.0 International"", ""original_publisher_evidence_url"": ""https://puzzledpint.org/volunteering/write-puzzles/#license"", ""scope_note"": ""The pinned Hugging Face card front matter and repository tag say cc-by-nc-sa-4.0. Puzzled Pint states that all submitted puzzles use CC BY-NC-SA 4.0 and that authors retain copyright."", ""spdx"": ""CC-BY-NC-SA-4.0"", ""url"": ""https://creativecommons.org/licenses/by-nc-sa/4.0/""}, ""noncommercial"": true, ""permission_required_for_commercial"": true, ""redistribution_scope"": ""noncommercial_sharealike_only"", ""release_track"": ""noncommercial_sharealike"", ""rights_status"": ""cc_by_nc_sa_4_0_noncommercial_attribution_review_required"", ""share_alike_required"": true}"
puzzleworld-murder-on-the-orient-express-8fd6048a2c,PuzzleWorld,Murder on the Orient Express,,logic_constraints,geometry_spatial | cryptography_ciphers,logical_inference | constraint_propagation | spatial_visualization | visual_decoding | encoding_decoding | indexing_extraction | meta_extraction | pathfinding,image_puzzle | multi_part | meta_puzzle | logic_grid | path_route,"Title: Murder on the Orient Express

Hastings sighed. ""I'm afraid he's gone, Poirot. The train left the station a few minutes ago."" ""All is not lost, Hastings,"" Poirot replied. ""Let us calculate the train's path, one piece at a time. Then, if we look over everything from the correct perspective, we will see where the murderer is going. We will apprehend him before he attempts to flee to ________________________________."" Draw a single continuous train track from beginning to end. Numbers along the side indicate how many squares in the corresponding row or column are occupied by train tracks. The tracks do not cross and only one piece of track can be in each grid square.

The complete puzzle statement and its visual/structured clues are in the required question asset(s):
- https://huggingface.co/datasets/hzli1202/PuzzleWorld/resolve/23a11d81b89ff4d39525a8867a99285e4c7dee61/data/Murder_on_the_Orient_Express/content.png

Return the short canonical final answer.",BELIZE,"1. This puzzle is a type of logic puzzle similar to Slitherlink, where you need to draw a single continuous train track through the grid.

2. The numbers along the edges indicate how many cells in each row or column must contain track pieces.

3. The grid already has some track pieces placed as starting points - a curve in the top right, a curve in the top left, a straight segment in the middle, a curve in the bottom right, and a straight segment in the bottom row.

4. Using the numerical constraints and the existing track pieces, you can determine the unique path the track must take through the grid.

5. Each cell in the grid contains a mathematical operator (+, -, ×, ÷) or a number. These will form an expression.

6. Starting from the arrow entry point on the left and following the train track through to the arrow exit at the top, you collect each symbol or number the track passes through.

7. Following the completed track gives you this mathematical expression: 1+2+5÷2+8×6-9×8+5+1×5+3×7+4×3-2×6

8. Calculating this expression strictly from left to right (without using the standard order of operations) gives: 1+2=3, 3+5÷2=5.5, 5.5+8×6=53.5, 53.5-9×8=(-18.5), (-18.5)+5=(-13.5), (-13.5)+1×5=(-8.5), (-8.5)+3×7=12.5, 12.5+4×3=24.5, 24.5-2×6=12.5

9. But this isn't the correct approach. Looking at the solution, we need to perform each operation as we encounter it, obtaining: 1+2=3, 3+5=8, 8÷2=4, 4+8=12, 12×6=72, 72-9=63, 63×8=504, 504+5=509, 509+1=510, 510×5=2550, 2550+3=2553, 2553×7=17871, 17871+4=17875, 17875×3=53625, 53625-2=53623, 53623×6=321738

10. The final value 321738, when viewed upside down on a calculator, spells 'BELIZE' (8ƐL1ZƐ). This is where the murderer is fleeing to.","{""bucket"": ""hard"", ""evidence"": ""upstream PuzzleWorld label""}",needs_review,True,"{""answer_only_scorable"": true, ""benchmark_core"": true, ""counts_toward_official_topic_score"": true, ""scoring_metric"": ""binary_accuracy"", ""time_limit_minutes"": 30, ""topic_scoring_group"": ""logic_constraints"", ""track"": ""answer_only_upstream_hard_core""}","{""collection"": ""PuzzleWorld"", ""dataset_revision"": ""23a11d81b89ff4d39525a8867a99285e4c7dee61"", ""dataset_url"": ""https://huggingface.co/datasets/hzli1202/PuzzleWorld"", ""metadata_url"": ""https://huggingface.co/datasets/hzli1202/PuzzleWorld/resolve/23a11d81b89ff4d39525a8867a99285e4c7dee61/all_metadata.jsonl"", ""original_puzzled_pint_url"": null, ""publisher"": ""MIT-MI / PuzzleWorld authors"", ""repository_revision_audited"": ""0a8fbcbd33c86a29a37f7348e1eb40315e17f5c2"", ""repository_url"": ""https://github.com/MIT-MI/PuzzleWorld""}","{""license"": {""dataset_card_evidence_url"": ""https://huggingface.co/datasets/hzli1202/PuzzleWorld/raw/23a11d81b89ff4d39525a8867a99285e4c7dee61/README.md"", ""name"": ""Creative Commons Attribution-NonCommercial-ShareAlike 4.0 International"", ""original_publisher_evidence_url"": ""https://puzzledpint.org/volunteering/write-puzzles/#license"", ""scope_note"": ""The pinned Hugging Face card front matter and repository tag say cc-by-nc-sa-4.0. Puzzled Pint states that all submitted puzzles use CC BY-NC-SA 4.0 and that authors retain copyright."", ""spdx"": ""CC-BY-NC-SA-4.0"", ""url"": ""https://creativecommons.org/licenses/by-nc-sa/4.0/""}, ""noncommercial"": true, ""permission_required_for_commercial"": true, ""redistribution_scope"": ""noncommercial_sharealike_only"", ""release_track"": ""noncommercial_sharealike"", ""rights_status"": ""cc_by_nc_sa_4_0_noncommercial_attribution_review_required"", ""share_alike_required"": true}"
puzzleworld-musical-chairs-e8309dbf67,PuzzleWorld,Musical Chairs,,logic_constraints,cryptography_ciphers,logical_inference | constraint_propagation | encoding_decoding | indexing_extraction | meta_extraction,multi_part | meta_puzzle | logic_grid,"Title: Musical Chairs

Musical chairs can be trying for everyone – participating children and their parents. During each round, the adults saddled up to the Fun House bar for some liquor. Each round all the parents had the same type of liquor, but they picked a different liquor in every round. The bottles were numerous, so there were plenty to pick from.

The complete puzzle statement and its visual/structured clues are in the required question asset(s):
- https://huggingface.co/datasets/hzli1202/PuzzleWorld/resolve/23a11d81b89ff4d39525a8867a99285e4c7dee61/data/Musical_Chairs/content.png

Return the short canonical final answer.",FLASK,"1. This is a logic puzzle that requires tracking which child got eliminated in each round of musical chairs, along with which liquor (shelf and bottle number) the parents drank during each round.

2. Start by understanding what we know: there are 6 children (three boys and three girls) playing musical chairs, with 5 rounds total. Jessica ultimately won, and we need to determine which child got eliminated in each round.

3. We also need to track what liquor the parents drank in each round, specifically which shelf (top, middle, or well) and which bottle number they chose.

4. Using the clues provided, we can work out: Round 1 - Fiona got out, parents drank from Top shelf, bottle 2 (Kettle One). Round 2 - Michael got out, parents drank from Middle shelf, bottle 9 (Seagram's Seven Crown).

5. Continuing: Round 3 - Christabella got out, parents drank from Middle shelf, bottle 7 (Chivas Regal 12). Round 4 - NathanielJoseph got out, parents drank from Middle shelf, bottle 4 (Glenfiddich 12).

6. And finally: Round 5 - Frederick got out, parents drank from Top shelf, bottle 9 (Knob Creek 9). Jessica was the winner.

7. The key insight is that all these liquor bottles have numbers on their labels - either the bottle position or the age of the liquor.

8. Take the number from each bottle and use it to index into the name of the child who was eliminated in that round. For example, from Round 1, Fiona got out and the parents drank Kettle One (position 2), so take the 2nd letter of 'Fiona' which is 'I'.

9. Continuing this process: Round 2 - Michael got out, Seagram's Seven Crown (7), 7th letter of Michael is 'L'. Round 3 - Christabella got out, Chivas Regal (12), 12th letter of Christabella is 'A'.

10. Round 4 - NathanielJoseph got out, Glenfiddich (12), 12th letter of NathanielJoseph is 'S'. Round 5 - Frederick got out, Knob Creek (9), 9th letter of Frederick is 'K'.

11. Putting these letters together in order gives us: F + L + A + S + K = 'FLASK', which is the final solution.","{""bucket"": ""hard"", ""evidence"": ""upstream PuzzleWorld label""}",needs_review,True,"{""answer_only_scorable"": true, ""benchmark_core"": true, ""counts_toward_official_topic_score"": true, ""scoring_metric"": ""binary_accuracy"", ""time_limit_minutes"": 30, ""topic_scoring_group"": ""logic_constraints"", ""track"": ""answer_only_upstream_hard_core""}","{""collection"": ""PuzzleWorld"", ""dataset_revision"": ""23a11d81b89ff4d39525a8867a99285e4c7dee61"", ""dataset_url"": ""https://huggingface.co/datasets/hzli1202/PuzzleWorld"", ""metadata_url"": ""https://huggingface.co/datasets/hzli1202/PuzzleWorld/resolve/23a11d81b89ff4d39525a8867a99285e4c7dee61/all_metadata.jsonl"", ""original_puzzled_pint_url"": null, ""publisher"": ""MIT-MI / PuzzleWorld authors"", ""repository_revision_audited"": ""0a8fbcbd33c86a29a37f7348e1eb40315e17f5c2"", ""repository_url"": ""https://github.com/MIT-MI/PuzzleWorld""}","{""license"": {""dataset_card_evidence_url"": ""https://huggingface.co/datasets/hzli1202/PuzzleWorld/raw/23a11d81b89ff4d39525a8867a99285e4c7dee61/README.md"", ""name"": ""Creative Commons Attribution-NonCommercial-ShareAlike 4.0 International"", ""original_publisher_evidence_url"": ""https://puzzledpint.org/volunteering/write-puzzles/#license"", ""scope_note"": ""The pinned Hugging Face card front matter and repository tag say cc-by-nc-sa-4.0. Puzzled Pint states that all submitted puzzles use CC BY-NC-SA 4.0 and that authors retain copyright."", ""spdx"": ""CC-BY-NC-SA-4.0"", ""url"": ""https://creativecommons.org/licenses/by-nc-sa/4.0/""}, ""noncommercial"": true, ""permission_required_for_commercial"": true, ""redistribution_scope"": ""noncommercial_sharealike_only"", ""release_track"": ""noncommercial_sharealike"", ""rights_status"": ""cc_by_nc_sa_4_0_noncommercial_attribution_review_required"", ""share_alike_required"": true}"
puzzleworld-mustard-4ce85d451e,PuzzleWorld,Mustard,,logic_constraints,cryptography_ciphers,logical_inference | constraint_propagation | encoding_decoding | indexing_extraction | meta_extraction | exhaustive_search,multi_part | meta_puzzle | logic_grid,"Title: Mustard

In your search for mustard, you've somehow found yourself at Mr. Boddy's dinner party. Guests arrived at 6PM, and they stayed until 10PM. To everyone's shock and horror except yours, Mr. Boddy was killed at 8PM. There's some information recorded about where everyone was during the night, and we hope you can flag anything important you notice.

The complete puzzle statement and its visual/structured clues are in the required question asset(s):
- https://huggingface.co/datasets/hzli1202/PuzzleWorld/resolve/23a11d81b89ff4d39525a8867a99285e4c7dee61/data/mustard/content.png

Return the short canonical final answer.",SMOKED RADIOS,"1. Determine each person's location using the given clues and timeline. The logic for each person's location is given in the figure.
   Reasoning figure: https://huggingface.co/datasets/hzli1202/PuzzleWorld/resolve/23a11d81b89ff4d39525a8867a99285e4c7dee61/data/mustard/figure1.png

2. Using the layout of the mansion and the location of each individual before and after the murder, we can extract the letters via semaphore. The correct solution is: 'SMOKED' and 'RADIOS'.","{""bucket"": ""hard"", ""evidence"": ""upstream PuzzleWorld label""}",needs_review,True,"{""answer_only_scorable"": true, ""benchmark_core"": true, ""counts_toward_official_topic_score"": true, ""scoring_metric"": ""binary_accuracy"", ""time_limit_minutes"": 30, ""topic_scoring_group"": ""logic_constraints"", ""track"": ""answer_only_upstream_hard_core""}","{""collection"": ""PuzzleWorld"", ""dataset_revision"": ""23a11d81b89ff4d39525a8867a99285e4c7dee61"", ""dataset_url"": ""https://huggingface.co/datasets/hzli1202/PuzzleWorld"", ""metadata_url"": ""https://huggingface.co/datasets/hzli1202/PuzzleWorld/resolve/23a11d81b89ff4d39525a8867a99285e4c7dee61/all_metadata.jsonl"", ""original_puzzled_pint_url"": null, ""publisher"": ""MIT-MI / PuzzleWorld authors"", ""repository_revision_audited"": ""0a8fbcbd33c86a29a37f7348e1eb40315e17f5c2"", ""repository_url"": ""https://github.com/MIT-MI/PuzzleWorld""}","{""license"": {""dataset_card_evidence_url"": ""https://huggingface.co/datasets/hzli1202/PuzzleWorld/raw/23a11d81b89ff4d39525a8867a99285e4c7dee61/README.md"", ""name"": ""Creative Commons Attribution-NonCommercial-ShareAlike 4.0 International"", ""original_publisher_evidence_url"": ""https://puzzledpint.org/volunteering/write-puzzles/#license"", ""scope_note"": ""The pinned Hugging Face card front matter and repository tag say cc-by-nc-sa-4.0. Puzzled Pint states that all submitted puzzles use CC BY-NC-SA 4.0 and that authors retain copyright."", ""spdx"": ""CC-BY-NC-SA-4.0"", ""url"": ""https://creativecommons.org/licenses/by-nc-sa/4.0/""}, ""noncommercial"": true, ""permission_required_for_commercial"": true, ""redistribution_scope"": ""noncommercial_sharealike_only"", ""release_track"": ""noncommercial_sharealike"", ""rights_status"": ""cc_by_nc_sa_4_0_noncommercial_attribution_review_required"", ""share_alike_required"": true}"
puzzleworld-my-underground-brewery-47f53b62ac,PuzzleWorld,My Underground Brewery,,logic_constraints,word_language | cryptography_ciphers,logical_inference | constraint_propagation | wordplay | lexical_search | encoding_decoding | indexing_extraction | meta_extraction | anagramming,multi_part | word_puzzle | meta_puzzle | logic_grid,"Title: My Underground Brewery

Most beer is made from four basic ingredients — grain, hops, yeast and water. Our beer is different. Our grain is polluted, our water is surrounded by chemical impurities, our ""yeast"" is deceased, our hops take on another form, and we always add smashed up fruit. Plus, each beer has one extra ingredient. Below are the labels for our six beers. Match each one up with the correct beer. Soon, you'll find our beer everywhere — except in one place.

The complete puzzle statement and its visual/structured clues are in the required question asset(s):
- https://huggingface.co/datasets/hzli1202/PuzzleWorld/resolve/23a11d81b89ff4d39525a8867a99285e4c7dee61/data/My-Underground-Brewery/content.png

Return the short canonical final answer.",WINERY,"1. Each of the six beer descriptions contains five underlined phrases that map to different ingredients: GRAIN (a word containing those letters), WATER (a word containing HHO/H2O), YEAST (a word that rhymes with yeast), HOPS (a creature or thing that hops), and FRUIT (an anagram of a fruit name).

2. For the first beer (Material): INGRAINED contains GRAIN, LEASED rhymes with yeast, KANGAROO is something that hops, CHEAP is an anagram of PEACH, and RELEASED contains H2O (reLEASED). These letters form WICKER minus W.

3. For the second beer (Squirmy): GRAINGER contains GRAIN, YOUTH HOSTEL contains H2O, WIKI rhymes with squeaky (yeast), GRASSHOPPER hops, and WIGGLY is an anagram of KIWI LG. These letters form WIGGLE minus I.

4. For the third beer (Digit): MIGRAINE contains GRAIN, EARLY MORNING RAIN contains H2O, FROG rhymes with log (yeast), GIF is something that hops, and FINGER is an anagram of FRING(E). These letters form FINGE(R) minus N.

5. For the fourth beer (Wire hook): GRAIN is in MIGRAINE, RUSH HOUR contains H2O, HIP rhymes with sip (yeast), GREASED represents something that hops, and HANGER is an anagram of ORANGE. These letters form HANGE(R) minus E.

6. For the fifth beer (Hinder): H.H. HOLMES contains H2O, AT LEAST rhymes with yeast, POGO is something that hops, HAMPER is an anogram of GRAPE HM, and INGRAINED contains GRAIN. These letters form HAMPE(R) minus R.

7. For the sixth beer (Tippler): AGRA INDIA contains GRAIN, FRENCH HORN contains H2O, BEAST rhymes with yeast, RABBIT is something that hops, and BARFLY is an anagram of FAB RLY. These letters form BARFL(Y) minus Y.

8. Each set of letters forms 5/6 of a six-letter word. The missing letters from each word (W, I, N, E, R, Y) combine to spell WINERY - the answer to where you won't find this beer.","{""bucket"": ""hard"", ""evidence"": ""upstream PuzzleWorld label""}",needs_review,True,"{""answer_only_scorable"": true, ""benchmark_core"": true, ""counts_toward_official_topic_score"": true, ""scoring_metric"": ""binary_accuracy"", ""time_limit_minutes"": 30, ""topic_scoring_group"": ""logic_constraints"", ""track"": ""answer_only_upstream_hard_core""}","{""collection"": ""PuzzleWorld"", ""dataset_revision"": ""23a11d81b89ff4d39525a8867a99285e4c7dee61"", ""dataset_url"": ""https://huggingface.co/datasets/hzli1202/PuzzleWorld"", ""metadata_url"": ""https://huggingface.co/datasets/hzli1202/PuzzleWorld/resolve/23a11d81b89ff4d39525a8867a99285e4c7dee61/all_metadata.jsonl"", ""original_puzzled_pint_url"": ""https://puzzledpint.org/archive-files/4114/6630/7984/Bonus.pdf"", ""publisher"": ""MIT-MI / PuzzleWorld authors"", ""repository_revision_audited"": ""0a8fbcbd33c86a29a37f7348e1eb40315e17f5c2"", ""repository_url"": ""https://github.com/MIT-MI/PuzzleWorld""}","{""license"": {""dataset_card_evidence_url"": ""https://huggingface.co/datasets/hzli1202/PuzzleWorld/raw/23a11d81b89ff4d39525a8867a99285e4c7dee61/README.md"", ""name"": ""Creative Commons Attribution-NonCommercial-ShareAlike 4.0 International"", ""original_publisher_evidence_url"": ""https://puzzledpint.org/volunteering/write-puzzles/#license"", ""scope_note"": ""The pinned Hugging Face card front matter and repository tag say cc-by-nc-sa-4.0. Puzzled Pint states that all submitted puzzles use CC BY-NC-SA 4.0 and that authors retain copyright."", ""spdx"": ""CC-BY-NC-SA-4.0"", ""url"": ""https://creativecommons.org/licenses/by-nc-sa/4.0/""}, ""noncommercial"": true, ""permission_required_for_commercial"": true, ""redistribution_scope"": ""noncommercial_sharealike_only"", ""release_track"": ""noncommercial_sharealike"", ""rights_status"": ""cc_by_nc_sa_4_0_noncommercial_attribution_review_required"", ""share_alike_required"": true}"
puzzleworld-nanobots-43e06b5b71,PuzzleWorld,Nanobots,,logic_constraints,geometry_spatial | mixed_meta,logical_inference | constraint_propagation | spatial_visualization | visual_decoding | external_knowledge_linking,image_puzzle | multi_part | logic_grid,"Title: Nanobots

PuzzleBot has now made millions of new friends... several swarms of nanobots. The swarms work together in pairs and are identified only by their shared goals. The highlighted bots in each pair of swarms will help point out the method to the madness in the grid below. These bots provide the missing links to help PuzzleBot name this strange arrangement of tiny helpers.

The complete puzzle statement and its visual/structured clues are in the required question asset(s):
- https://huggingface.co/datasets/hzli1202/PuzzleWorld/resolve/23a11d81b89ff4d39525a8867a99285e4c7dee61/data/Nanobots/content1.png
- https://huggingface.co/datasets/hzli1202/PuzzleWorld/resolve/23a11d81b89ff4d39525a8867a99285e4c7dee61/data/Nanobots/content2.png

Return the short canonical final answer.",COOPERATING SYSTEM,"1. The puzzle provides a list of 'Partnership Goals' and a grid of letters, along with several diagrams showing different patterns of nanobot swarms.

2. Each partnership goal describes a famous duo. For example, 'To find Nemo' refers to Marlin & Dory from Finding Nemo.

3. We need to identify all ten partnerships: Marlin & Dory, Kirk & Spock, Batman & Robin, Mulder & Scully, Sherlock & Watson, Samwise & Frodo, Wallace & Gromit, Abbott & Costello, Pinky & The Brain, Rocky & Bullwinkle.

4. The nanobot swarm diagrams show the shapes that these names take in the letter grid. Each name has a unique pattern corresponding to one of the swarm diagrams.

5. The highlighted dots in the swarm patterns indicate where the paired words share letters or connect in the grid.

6. By finding all the partnerships in the grid and identifying the shared letters at the connection points, we can collect the letters that form the answer.

7. Reading these shared letters in the specified order (right to left, top to bottom) spells out 'COOPERATING SYSTEM'.","{""bucket"": ""hard"", ""evidence"": ""upstream PuzzleWorld label""}",needs_review,True,"{""answer_only_scorable"": true, ""benchmark_core"": true, ""counts_toward_official_topic_score"": true, ""scoring_metric"": ""binary_accuracy"", ""time_limit_minutes"": 30, ""topic_scoring_group"": ""logic_constraints"", ""track"": ""answer_only_upstream_hard_core""}","{""collection"": ""PuzzleWorld"", ""dataset_revision"": ""23a11d81b89ff4d39525a8867a99285e4c7dee61"", ""dataset_url"": ""https://huggingface.co/datasets/hzli1202/PuzzleWorld"", ""metadata_url"": ""https://huggingface.co/datasets/hzli1202/PuzzleWorld/resolve/23a11d81b89ff4d39525a8867a99285e4c7dee61/all_metadata.jsonl"", ""original_puzzled_pint_url"": null, ""publisher"": ""MIT-MI / PuzzleWorld authors"", ""repository_revision_audited"": ""0a8fbcbd33c86a29a37f7348e1eb40315e17f5c2"", ""repository_url"": ""https://github.com/MIT-MI/PuzzleWorld""}","{""license"": {""dataset_card_evidence_url"": ""https://huggingface.co/datasets/hzli1202/PuzzleWorld/raw/23a11d81b89ff4d39525a8867a99285e4c7dee61/README.md"", ""name"": ""Creative Commons Attribution-NonCommercial-ShareAlike 4.0 International"", ""original_publisher_evidence_url"": ""https://puzzledpint.org/volunteering/write-puzzles/#license"", ""scope_note"": ""The pinned Hugging Face card front matter and repository tag say cc-by-nc-sa-4.0. Puzzled Pint states that all submitted puzzles use CC BY-NC-SA 4.0 and that authors retain copyright."", ""spdx"": ""CC-BY-NC-SA-4.0"", ""url"": ""https://creativecommons.org/licenses/by-nc-sa/4.0/""}, ""noncommercial"": true, ""permission_required_for_commercial"": true, ""redistribution_scope"": ""noncommercial_sharealike_only"", ""release_track"": ""noncommercial_sharealike"", ""rights_status"": ""cc_by_nc_sa_4_0_noncommercial_attribution_review_required"", ""share_alike_required"": true}"
puzzleworld-neophobia-76db829746,PuzzleWorld,Neophobia,,logic_constraints,word_language,logical_inference | constraint_propagation | wordplay | lexical_search | information_synthesis | indexing_extraction,image_puzzle | word_puzzle,"Title: Neophobia

I know change is scary, but applying identical thinking to every situation has its drawbacks. Maybe after asolving this puzzle you will know what's wrong with doing things repeatedly.

The complete puzzle statement and its visual/structured clues are in the required question asset(s):
- https://huggingface.co/datasets/hzli1202/PuzzleWorld/resolve/23a11d81b89ff4d39525a8867a99285e4c7dee61/data/Neophobia/content.png

Return the short canonical final answer.",BOREDOM,"1. Notice that each clue is ""transformed"" according to some kind of rule.

2. Untransform each clue based on the observed transformation, solve the clue, and transform the answer using the transformation again.

3. Extract a letter from each clue using the shaded squares, giving the clue ""LOGREENUD SOBLUEUND"".

4. This time, notice the transformation is inserting a color to the third position of each word.

5. Solve the untransformed clue to get LOUD SOUND which is BOOM, and inserting the color red gets us the final answer ""BOREDOM"".","{""bucket"": ""hard"", ""evidence"": ""upstream PuzzleWorld label""}",needs_review,True,"{""answer_only_scorable"": true, ""benchmark_core"": true, ""counts_toward_official_topic_score"": true, ""scoring_metric"": ""binary_accuracy"", ""time_limit_minutes"": 30, ""topic_scoring_group"": ""logic_constraints"", ""track"": ""answer_only_upstream_hard_core""}","{""collection"": ""PuzzleWorld"", ""dataset_revision"": ""23a11d81b89ff4d39525a8867a99285e4c7dee61"", ""dataset_url"": ""https://huggingface.co/datasets/hzli1202/PuzzleWorld"", ""metadata_url"": ""https://huggingface.co/datasets/hzli1202/PuzzleWorld/resolve/23a11d81b89ff4d39525a8867a99285e4c7dee61/all_metadata.jsonl"", ""original_puzzled_pint_url"": ""https://puzzledpint.org/archive-files/4614/2421/4057/Neophobia.pdf"", ""publisher"": ""MIT-MI / PuzzleWorld authors"", ""repository_revision_audited"": ""0a8fbcbd33c86a29a37f7348e1eb40315e17f5c2"", ""repository_url"": ""https://github.com/MIT-MI/PuzzleWorld""}","{""license"": {""dataset_card_evidence_url"": ""https://huggingface.co/datasets/hzli1202/PuzzleWorld/raw/23a11d81b89ff4d39525a8867a99285e4c7dee61/README.md"", ""name"": ""Creative Commons Attribution-NonCommercial-ShareAlike 4.0 International"", ""original_publisher_evidence_url"": ""https://puzzledpint.org/volunteering/write-puzzles/#license"", ""scope_note"": ""The pinned Hugging Face card front matter and repository tag say cc-by-nc-sa-4.0. Puzzled Pint states that all submitted puzzles use CC BY-NC-SA 4.0 and that authors retain copyright."", ""spdx"": ""CC-BY-NC-SA-4.0"", ""url"": ""https://creativecommons.org/licenses/by-nc-sa/4.0/""}, ""noncommercial"": true, ""permission_required_for_commercial"": true, ""redistribution_scope"": ""noncommercial_sharealike_only"", ""release_track"": ""noncommercial_sharealike"", ""rights_status"": ""cc_by_nc_sa_4_0_noncommercial_attribution_review_required"", ""share_alike_required"": true}"
puzzleworld-nigiri-a5983b5768,PuzzleWorld,Nigiri,,logic_constraints,word_language | cryptography_ciphers,logical_inference | constraint_propagation | wordplay | lexical_search | encoding_decoding | indexing_extraction | meta_extraction | word_search | exhaustive_search,multi_part | word_puzzle | meta_puzzle | logic_grid | word_search,"Title: Nigiri

""So, what kind of sushi will we be eating today?"" Stephanie asked. ""It's a classic!"" Katie replied. ""We'll be having nigiri today, a simple form of sushi that's composed of a thin slice of fish over an oval-shaped clump of rice. In Japanese, nigiri means 'two fingers,' which represents the amount of rice used in each piece of nigiri."" ""Hm,"" Stephanie said. ""But won't the amount of rice be different based on which fingers you're using?"" As the two of them pondered this question, Stephanie took a bite of nigiri. ""Wow, this is really tasty! ____________.""

The complete puzzle statement and its visual/structured clues are in the required question asset(s):
- https://huggingface.co/datasets/hzli1202/PuzzleWorld/resolve/23a11d81b89ff4d39525a8867a99285e4c7dee61/data/Nigiri/content1.png
- https://huggingface.co/datasets/hzli1202/PuzzleWorld/resolve/23a11d81b89ff4d39525a8867a99285e4c7dee61/data/Nigiri/content2.png

Return the short canonical final answer.",IT'S TWO THUMBS UP,"1. The puzzle presents 14 paired clues, where each pair has one clue on the left and one on the right side of a slash.

2. Solve each pair of clues to get two words. For example, clue 1 gives ""market index"" and ""middle school"" as the answers.

3. Notice that each answer pair is accompanied by a formula in the form of numbers/numbers (e.g., 2/3, 2/4). These indicate positions in the respective words.

4. For each pair of words, extract letters based on the position formula. For example, from ""market index"" and ""middle school"" with formula 2/3, take the 2nd letter of the first word (A) and the 3rd letter of the second word (D) to get 'H'.

5. Apply this same process to all 14 clue pairs, extracting the indicated letters from each answer pair.

6. The extracted letters form the string: HIUTMSBTSWUOPT

7. Look at the word search on the second page of the nigiri puzzle. The unused letters in the word search spell out the hint: READ EVERY EVEN LETTER THEN READ EVERY ODD.

8. Apply this instruction to the extracted string HIUTMSBTSWUOPT. Take every even-indexed letter (ITSBSOP) and then every odd-indexed letter (HUMBTWUT).

9. Combining these gives ""ITS TWO THUMBS UP"", which fits perfectly as Stephanie's response about how tasty the nigiri is.

10. The solution also relates to the puzzle theme: ""two thumbs"" references the meaning of nigiri (""two fingers""), and ""thumbs up"" is a positive rating gesture.","{""bucket"": ""hard"", ""evidence"": ""upstream PuzzleWorld label""}",needs_review,True,"{""answer_only_scorable"": true, ""benchmark_core"": true, ""counts_toward_official_topic_score"": true, ""scoring_metric"": ""binary_accuracy"", ""time_limit_minutes"": 30, ""topic_scoring_group"": ""logic_constraints"", ""track"": ""answer_only_upstream_hard_core""}","{""collection"": ""PuzzleWorld"", ""dataset_revision"": ""23a11d81b89ff4d39525a8867a99285e4c7dee61"", ""dataset_url"": ""https://huggingface.co/datasets/hzli1202/PuzzleWorld"", ""metadata_url"": ""https://huggingface.co/datasets/hzli1202/PuzzleWorld/resolve/23a11d81b89ff4d39525a8867a99285e4c7dee61/all_metadata.jsonl"", ""original_puzzled_pint_url"": null, ""publisher"": ""MIT-MI / PuzzleWorld authors"", ""repository_revision_audited"": ""0a8fbcbd33c86a29a37f7348e1eb40315e17f5c2"", ""repository_url"": ""https://github.com/MIT-MI/PuzzleWorld""}","{""license"": {""dataset_card_evidence_url"": ""https://huggingface.co/datasets/hzli1202/PuzzleWorld/raw/23a11d81b89ff4d39525a8867a99285e4c7dee61/README.md"", ""name"": ""Creative Commons Attribution-NonCommercial-ShareAlike 4.0 International"", ""original_publisher_evidence_url"": ""https://puzzledpint.org/volunteering/write-puzzles/#license"", ""scope_note"": ""The pinned Hugging Face card front matter and repository tag say cc-by-nc-sa-4.0. Puzzled Pint states that all submitted puzzles use CC BY-NC-SA 4.0 and that authors retain copyright."", ""spdx"": ""CC-BY-NC-SA-4.0"", ""url"": ""https://creativecommons.org/licenses/by-nc-sa/4.0/""}, ""noncommercial"": true, ""permission_required_for_commercial"": true, ""redistribution_scope"": ""noncommercial_sharealike_only"", ""release_track"": ""noncommercial_sharealike"", ""rights_status"": ""cc_by_nc_sa_4_0_noncommercial_attribution_review_required"", ""share_alike_required"": true}"
puzzleworld-nuclear-codes-hard-d844faaf8c,PuzzleWorld,Nuclear Codes (Hard),,logic_constraints,cryptography_ciphers | mixed_meta,logical_inference | constraint_propagation | encoding_decoding | indexing_extraction | meta_extraction | external_knowledge_linking | information_synthesis,image_puzzle | meta_puzzle | cryptogram,"Title: Nuclear Codes (Hard)

The military personnel on duty were discussing Blaise de Vigenère's diplomatic service when the call came in to launch the nukes. As trained to do, they each immediately grabbed their code envelope.

The complete puzzle statement and its visual/structured clues are in the required question asset(s):
- https://huggingface.co/datasets/hzli1202/PuzzleWorld/resolve/23a11d81b89ff4d39525a8867a99285e4c7dee61/data/Nuclear_Codes_Hard/content.png

Return the short canonical final answer.",REFRIDGERATOR,"1. Manipulate/match each name to their commonly associated military rank.

2. Manipulate/Use the character name as a key to decipher the Vigenere cipher code given for the associated military rank.

3. Extract the decoded messages and read it up/down then left/right to get ""ITEM PROF JONES USED TO ESCAPE NUCLEAR TEST TOWN"".

4. Extract the final answer by answering the previous clue: ""REFRIDGERATOR"".","{""bucket"": ""hard"", ""evidence"": ""upstream PuzzleWorld label""}",needs_review,True,"{""answer_only_scorable"": true, ""benchmark_core"": true, ""counts_toward_official_topic_score"": true, ""scoring_metric"": ""binary_accuracy"", ""time_limit_minutes"": 30, ""topic_scoring_group"": ""logic_constraints"", ""track"": ""answer_only_upstream_hard_core""}","{""collection"": ""PuzzleWorld"", ""dataset_revision"": ""23a11d81b89ff4d39525a8867a99285e4c7dee61"", ""dataset_url"": ""https://huggingface.co/datasets/hzli1202/PuzzleWorld"", ""metadata_url"": ""https://huggingface.co/datasets/hzli1202/PuzzleWorld/resolve/23a11d81b89ff4d39525a8867a99285e4c7dee61/all_metadata.jsonl"", ""original_puzzled_pint_url"": ""https://puzzledpint.org/archive-files/9813/6295/8018/2013-01_-_Nuclear_Codes_web_harder.pdf"", ""publisher"": ""MIT-MI / PuzzleWorld authors"", ""repository_revision_audited"": ""0a8fbcbd33c86a29a37f7348e1eb40315e17f5c2"", ""repository_url"": ""https://github.com/MIT-MI/PuzzleWorld""}","{""license"": {""dataset_card_evidence_url"": ""https://huggingface.co/datasets/hzli1202/PuzzleWorld/raw/23a11d81b89ff4d39525a8867a99285e4c7dee61/README.md"", ""name"": ""Creative Commons Attribution-NonCommercial-ShareAlike 4.0 International"", ""original_publisher_evidence_url"": ""https://puzzledpint.org/volunteering/write-puzzles/#license"", ""scope_note"": ""The pinned Hugging Face card front matter and repository tag say cc-by-nc-sa-4.0. Puzzled Pint states that all submitted puzzles use CC BY-NC-SA 4.0 and that authors retain copyright."", ""spdx"": ""CC-BY-NC-SA-4.0"", ""url"": ""https://creativecommons.org/licenses/by-nc-sa/4.0/""}, ""noncommercial"": true, ""permission_required_for_commercial"": true, ""redistribution_scope"": ""noncommercial_sharealike_only"", ""release_track"": ""noncommercial_sharealike"", ""rights_status"": ""cc_by_nc_sa_4_0_noncommercial_attribution_review_required"", ""share_alike_required"": true}"
puzzleworld-parking-lot-5e5afe063b,PuzzleWorld,Parking Lot,,logic_constraints,geometry_spatial | mixed_meta,logical_inference | constraint_propagation | spatial_visualization | visual_decoding | external_knowledge_linking | information_synthesis | indexing_extraction,image_puzzle,"Title: Parking Lot

Harold and Kumar were smoking in their red car in the parking lot. When the cops spot them, they need to get out of the lot - but there is only one exit! And cars can only move forward and backward - no turns! Did they lose the police?

The complete puzzle statement and its visual/structured clues are in the required question asset(s):
- https://huggingface.co/datasets/hzli1202/PuzzleWorld/resolve/23a11d81b89ff4d39525a8867a99285e4c7dee61/data/Parking_Lot/content.png

Return the short canonical final answer.",CAUGHT,"1. Notice that the goal of each mini puzzle is to get the red car out of the parking lot by moving the cars forward and backward.

2. Discover that after solving each mini puzzle, the uncovered letters read "" ORIGIN POSITIONS OF ORANGE PINK GRAY BROWN BLACK AND PURPLE CARS"".

3. Extract the original position of cars of each color as clued by the hint.

4. Notice that each color forms a letter. Together, the letters read ""CAUGHT"" which is the final answer.","{""bucket"": ""hard"", ""evidence"": ""upstream PuzzleWorld label""}",needs_review,True,"{""answer_only_scorable"": true, ""benchmark_core"": true, ""counts_toward_official_topic_score"": true, ""scoring_metric"": ""binary_accuracy"", ""time_limit_minutes"": 30, ""topic_scoring_group"": ""logic_constraints"", ""track"": ""answer_only_upstream_hard_core""}","{""collection"": ""PuzzleWorld"", ""dataset_revision"": ""23a11d81b89ff4d39525a8867a99285e4c7dee61"", ""dataset_url"": ""https://huggingface.co/datasets/hzli1202/PuzzleWorld"", ""metadata_url"": ""https://huggingface.co/datasets/hzli1202/PuzzleWorld/resolve/23a11d81b89ff4d39525a8867a99285e4c7dee61/all_metadata.jsonl"", ""original_puzzled_pint_url"": ""https://puzzledpint.org/files/3313/8993/7909/mc_Parking_Lot_final.pdf"", ""publisher"": ""MIT-MI / PuzzleWorld authors"", ""repository_revision_audited"": ""0a8fbcbd33c86a29a37f7348e1eb40315e17f5c2"", ""repository_url"": ""https://github.com/MIT-MI/PuzzleWorld""}","{""license"": {""dataset_card_evidence_url"": ""https://huggingface.co/datasets/hzli1202/PuzzleWorld/raw/23a11d81b89ff4d39525a8867a99285e4c7dee61/README.md"", ""name"": ""Creative Commons Attribution-NonCommercial-ShareAlike 4.0 International"", ""original_publisher_evidence_url"": ""https://puzzledpint.org/volunteering/write-puzzles/#license"", ""scope_note"": ""The pinned Hugging Face card front matter and repository tag say cc-by-nc-sa-4.0. Puzzled Pint states that all submitted puzzles use CC BY-NC-SA 4.0 and that authors retain copyright."", ""spdx"": ""CC-BY-NC-SA-4.0"", ""url"": ""https://creativecommons.org/licenses/by-nc-sa/4.0/""}, ""noncommercial"": true, ""permission_required_for_commercial"": true, ""redistribution_scope"": ""noncommercial_sharealike_only"", ""release_track"": ""noncommercial_sharealike"", ""rights_status"": ""cc_by_nc_sa_4_0_noncommercial_attribution_review_required"", ""share_alike_required"": true}"
puzzleworld-pearl-s-cross-sword-puzzle-c1cf05e257,PuzzleWorld,Pearl's Cross-Sword Puzzle,,logic_constraints,geometry_spatial,logical_inference | constraint_propagation | spatial_visualization | visual_decoding | indexing_extraction,image_puzzle | multi_part | logic_grid,"Title: Pearl's Cross-Sword Puzzle

Pearl keeps her sword collection very organized. Can you fit the given set of swords into the grid? Sword placement must follow specific rules to find the final solution.

The complete puzzle statement and its visual/structured clues are in the required question asset(s):
- https://huggingface.co/datasets/hzli1202/PuzzleWorld/resolve/23a11d81b89ff4d39525a8867a99285e4c7dee61/data/Pearl%27s_CrossSword_Puzzle/content1.png
- https://huggingface.co/datasets/hzli1202/PuzzleWorld/resolve/23a11d81b89ff4d39525a8867a99285e4c7dee61/data/Pearl%27s_CrossSword_Puzzle/content2.png

Return the short canonical final answer.",COUNTRY,"1. The puzzle consists of two grids where swords are placed according to certain constraints: each sword has one cross-handle extending in one direction, intersects with exactly two other swords, and cannot occupy black squares. Words provided must fit along the blades, following a logical deduction process to determine placement.

2. Begin with puzzle 1 by identifying placements where the handle prevents long words from fitting. Through elimination and checking intersections, the following words are placed: 'AIDE', 'PREMIUM', 'RADIO', 'TWOSTEPS', 'WOMAN', 'DELIGHTFUL', 'GATEAU', 'RINGLEADER', 'ORLANDO', 'HYDROCHLORIC'. From the intersecting letters read clockwise from the upper-left intersection, we get 'READ UPWARD'.
   Reasoning figure: https://huggingface.co/datasets/hzli1202/PuzzleWorld/resolve/23a11d81b89ff4d39525a8867a99285e4c7dee61/data/Pearl%27s_CrossSword_Puzzle/figure1.png

3. Apply similar logic to puzzle 2 by following handle placements and ensuring every sword intersects exactly two others. The words placed are: 'IOTA', 'TRENDY', 'TWIG', 'DISRUPT', 'ZINC', 'EGGPLANT', 'NOSIER', 'MOSQUITO', 'PUNISH', 'STRENGTH', 'SIPHON', 'OCTOTHORPE'. The intersection letters here read 'POINTING TIPS'.
   Reasoning figure: https://huggingface.co/datasets/hzli1202/PuzzleWorld/resolve/23a11d81b89ff4d39525a8867a99285e4c7dee61/data/Pearl%27s_CrossSword_Puzzle/figure2.png

4. Combine the extracted instructions from both puzzles: 'READ UPWARD' and 'POINTING TIPS'. By following these instructions and examining the upward-pointing swords, the letters at their tips spell 'COUNTRY'.
   Reasoning figure: https://huggingface.co/datasets/hzli1202/PuzzleWorld/resolve/23a11d81b89ff4d39525a8867a99285e4c7dee61/data/Pearl%27s_CrossSword_Puzzle/figure3.png","{""bucket"": ""hard"", ""evidence"": ""upstream PuzzleWorld label""}",needs_review,True,"{""answer_only_scorable"": true, ""benchmark_core"": true, ""counts_toward_official_topic_score"": true, ""scoring_metric"": ""binary_accuracy"", ""time_limit_minutes"": 30, ""topic_scoring_group"": ""logic_constraints"", ""track"": ""answer_only_upstream_hard_core""}","{""collection"": ""PuzzleWorld"", ""dataset_revision"": ""23a11d81b89ff4d39525a8867a99285e4c7dee61"", ""dataset_url"": ""https://huggingface.co/datasets/hzli1202/PuzzleWorld"", ""metadata_url"": ""https://huggingface.co/datasets/hzli1202/PuzzleWorld/resolve/23a11d81b89ff4d39525a8867a99285e4c7dee61/all_metadata.jsonl"", ""original_puzzled_pint_url"": ""https://puzzledpint.org/archive-files/8716/2050/4996/Main_Set_-_Steven_Universe_3.pdf"", ""publisher"": ""MIT-MI / PuzzleWorld authors"", ""repository_revision_audited"": ""0a8fbcbd33c86a29a37f7348e1eb40315e17f5c2"", ""repository_url"": ""https://github.com/MIT-MI/PuzzleWorld""}","{""license"": {""dataset_card_evidence_url"": ""https://huggingface.co/datasets/hzli1202/PuzzleWorld/raw/23a11d81b89ff4d39525a8867a99285e4c7dee61/README.md"", ""name"": ""Creative Commons Attribution-NonCommercial-ShareAlike 4.0 International"", ""original_publisher_evidence_url"": ""https://puzzledpint.org/volunteering/write-puzzles/#license"", ""scope_note"": ""The pinned Hugging Face card front matter and repository tag say cc-by-nc-sa-4.0. Puzzled Pint states that all submitted puzzles use CC BY-NC-SA 4.0 and that authors retain copyright."", ""spdx"": ""CC-BY-NC-SA-4.0"", ""url"": ""https://creativecommons.org/licenses/by-nc-sa/4.0/""}, ""noncommercial"": true, ""permission_required_for_commercial"": true, ""redistribution_scope"": ""noncommercial_sharealike_only"", ""release_track"": ""noncommercial_sharealike"", ""rights_status"": ""cc_by_nc_sa_4_0_noncommercial_attribution_review_required"", ""share_alike_required"": true}"
puzzleworld-picking-the-colors-0dbe2f087d,PuzzleWorld,Picking the Colors,,logic_constraints,mixed_meta,logical_inference | constraint_propagation | external_knowledge_linking | information_synthesis | indexing_extraction,image_puzzle,"Title: Picking the Colors

We put a rush on Creative to get this color palette ready. The team is typically great under pressure, from inside to out, but they messed up this time - it's full of spelling errors! We'll give them a black mark (to start with). Pick just three colors per wedge to include in our final proposal. One more thing to worry about after we pick the colors - if we land this account, we'll make sure they're first to market and end up with a monopoly, but it'll take more than a token effort achieve that goal.

The complete puzzle statement and its visual/structured clues are in the required question asset(s):
- https://huggingface.co/datasets/hzli1202/PuzzleWorld/resolve/23a11d81b89ff4d39525a8867a99285e4c7dee61/data/Picking_The_Colors/content.png

Return the short canonical final answer.",IRON,"1. Notice the words in the color wheel are missing a letter.

2. For each colors, find the word related to the color in each concentric ring and extract the missing letter for that word, giving the clue ""CAT REPLACED IT TWO YEARS AGO"".

3. Notice the flavortext talks about Monoopoly and the game replaced the iron token with a cat token two years ago, ""IRON"" is the answer.","{""bucket"": ""hard"", ""evidence"": ""upstream PuzzleWorld label""}",needs_review,True,"{""answer_only_scorable"": true, ""benchmark_core"": true, ""counts_toward_official_topic_score"": true, ""scoring_metric"": ""binary_accuracy"", ""time_limit_minutes"": 30, ""topic_scoring_group"": ""logic_constraints"", ""track"": ""answer_only_upstream_hard_core""}","{""collection"": ""PuzzleWorld"", ""dataset_revision"": ""23a11d81b89ff4d39525a8867a99285e4c7dee61"", ""dataset_url"": ""https://huggingface.co/datasets/hzli1202/PuzzleWorld"", ""metadata_url"": ""https://huggingface.co/datasets/hzli1202/PuzzleWorld/resolve/23a11d81b89ff4d39525a8867a99285e4c7dee61/all_metadata.jsonl"", ""original_puzzled_pint_url"": ""https://puzzledpint.org/archive-files/2414/4987/9998/ca_color-wheel-draft7.pdf"", ""publisher"": ""MIT-MI / PuzzleWorld authors"", ""repository_revision_audited"": ""0a8fbcbd33c86a29a37f7348e1eb40315e17f5c2"", ""repository_url"": ""https://github.com/MIT-MI/PuzzleWorld""}","{""license"": {""dataset_card_evidence_url"": ""https://huggingface.co/datasets/hzli1202/PuzzleWorld/raw/23a11d81b89ff4d39525a8867a99285e4c7dee61/README.md"", ""name"": ""Creative Commons Attribution-NonCommercial-ShareAlike 4.0 International"", ""original_publisher_evidence_url"": ""https://puzzledpint.org/volunteering/write-puzzles/#license"", ""scope_note"": ""The pinned Hugging Face card front matter and repository tag say cc-by-nc-sa-4.0. Puzzled Pint states that all submitted puzzles use CC BY-NC-SA 4.0 and that authors retain copyright."", ""spdx"": ""CC-BY-NC-SA-4.0"", ""url"": ""https://creativecommons.org/licenses/by-nc-sa/4.0/""}, ""noncommercial"": true, ""permission_required_for_commercial"": true, ""redistribution_scope"": ""noncommercial_sharealike_only"", ""release_track"": ""noncommercial_sharealike"", ""rights_status"": ""cc_by_nc_sa_4_0_noncommercial_attribution_review_required"", ""share_alike_required"": true}"
puzzleworld-pintcoin-mining-e66fad8661,PuzzleWorld,Pintcoin Mining,,logic_constraints,cryptography_ciphers | word_language,logical_inference | constraint_propagation | encoding_decoding | indexing_extraction | meta_extraction | wordplay | lexical_search | tiling_packing,multi_part | word_puzzle | meta_puzzle | logic_grid | cryptogram,"Title: Pintcoin Mining

""Hey — listen to me for a second. Something's wrong,"" said Alice. ""I'm listening. What is it?"" asked Bob. ""I was — well, Mr. Bob I was trying to — mine some transactions."" ""Pintcoin — our amazing new currency — should be easy to mine if you just —"" ""— I've done it right,"" Alice interrupted. ""But most transactions are only partially mined."" ""That should be easy to fix."" ""That's not the only problem. The other — I've forgotten how to pack them into a batch."" ""Oh — there's a grid for that — a rather simple one — that should make that easy."" ""That might work. Just fill the grid with the — mostly — mined transactions?"" ""Exactly! We can do this...""

The complete puzzle statement and its visual/structured clues are in the required question asset(s):
- https://huggingface.co/datasets/hzli1202/PuzzleWorld/resolve/23a11d81b89ff4d39525a8867a99285e4c7dee61/data/Pintcoin_Mining/content1.png
- https://huggingface.co/datasets/hzli1202/PuzzleWorld/resolve/23a11d81b89ff4d39525a8867a99285e4c7dee61/data/Pintcoin_Mining/content2.png

Return the short canonical final answer.",BLOCK,"1. The puzzle consists of a grid with different forms of the word 'MINE' (MINE, _INE, M_NE, MI_E, MIN_) along the left side, and columns labeled 'start', 'middle', and 'end'.

2. The second page provides 15 clue definitions for words that contain 'MINE' or have 'MINE' with a missing letter.

3. Each clue definition has a specific number of letters noted in parentheses, which helps identify the correct answer.

4. The clue 'The management of public affairs or government. Also, the A in TSA (14)' leads to ADMINISTRATION, which contains 'MINI' with the 'N' missing, matching the 'MIN_' pattern.

5. The clue 'A person who has particular regard for someone or something (7)' leads to ADMIRER, which has 'M' and 'R' surrounding letters, matching another pattern.

6. Continuing this process, we can match each definition to a word and place it in the correct position in the grid based on where the MINE pattern appears in the word.

7. The phrase 'listen to me' in the flavor text is a hint to pay attention to Morse code. The dashes and periods in the dialogue form Morse code spelling 'DECODE ROWS'.

8. After filling the grid with words like MINESWEEPER, LINEAR, MONEY, MIXED, and MINUTE, we notice that dots and dashes can be formed using the words in each row.

9. Translating each row as Morse code (with dots and dashes) yields the letters B, L, O, C, K.

10. The answer to the puzzle is 'BLOCK', which is thematically appropriate for a cryptocurrency mining puzzle, as blocks are what miners create in a blockchain.","{""bucket"": ""hard"", ""evidence"": ""upstream PuzzleWorld label""}",needs_review,True,"{""answer_only_scorable"": true, ""benchmark_core"": true, ""counts_toward_official_topic_score"": true, ""scoring_metric"": ""binary_accuracy"", ""time_limit_minutes"": 30, ""topic_scoring_group"": ""logic_constraints"", ""track"": ""answer_only_upstream_hard_core""}","{""collection"": ""PuzzleWorld"", ""dataset_revision"": ""23a11d81b89ff4d39525a8867a99285e4c7dee61"", ""dataset_url"": ""https://huggingface.co/datasets/hzli1202/PuzzleWorld"", ""metadata_url"": ""https://huggingface.co/datasets/hzli1202/PuzzleWorld/resolve/23a11d81b89ff4d39525a8867a99285e4c7dee61/all_metadata.jsonl"", ""original_puzzled_pint_url"": null, ""publisher"": ""MIT-MI / PuzzleWorld authors"", ""repository_revision_audited"": ""0a8fbcbd33c86a29a37f7348e1eb40315e17f5c2"", ""repository_url"": ""https://github.com/MIT-MI/PuzzleWorld""}","{""license"": {""dataset_card_evidence_url"": ""https://huggingface.co/datasets/hzli1202/PuzzleWorld/raw/23a11d81b89ff4d39525a8867a99285e4c7dee61/README.md"", ""name"": ""Creative Commons Attribution-NonCommercial-ShareAlike 4.0 International"", ""original_publisher_evidence_url"": ""https://puzzledpint.org/volunteering/write-puzzles/#license"", ""scope_note"": ""The pinned Hugging Face card front matter and repository tag say cc-by-nc-sa-4.0. Puzzled Pint states that all submitted puzzles use CC BY-NC-SA 4.0 and that authors retain copyright."", ""spdx"": ""CC-BY-NC-SA-4.0"", ""url"": ""https://creativecommons.org/licenses/by-nc-sa/4.0/""}, ""noncommercial"": true, ""permission_required_for_commercial"": true, ""redistribution_scope"": ""noncommercial_sharealike_only"", ""release_track"": ""noncommercial_sharealike"", ""rights_status"": ""cc_by_nc_sa_4_0_noncommercial_attribution_review_required"", ""share_alike_required"": true}"
puzzleworld-player-matchup-beab6d88c0,PuzzleWorld,Player Matchup,,logic_constraints,word_language | cryptography_ciphers,logical_inference | constraint_propagation | wordplay | lexical_search | encoding_decoding | indexing_extraction | meta_extraction | anagramming,image_puzzle | multi_part | word_puzzle | meta_puzzle | logic_grid,"Title: Player Matchup

In this international game, the coach of team White discovered a perfect way to assign each of the players to cover an opponent on team Gray, based on the names on the jerseys, but the coach of team Gray decided to mix up the names before the players were inserted in the game. We know that the two goalies go together, and the players can't cross the solidline. Can you determine the original defensive matchups and disocver what the players need in order to score?

The complete puzzle statement and its visual/structured clues are in the required question asset(s):
- https://huggingface.co/datasets/hzli1202/PuzzleWorld/resolve/23a11d81b89ff4d39525a8867a99285e4c7dee61/data/player_matchups/content.png

Return the short canonical final answer.",SEPARATIONS,"1. Find the correct pairings of players. The names of the players are anagrams for the names of different countries. The correct pairings and anagrams are given in the figure.

2. For each pairing, the shaded jersey contains a number. Extract that letter index for the country name in order, and the solution is obtained: 'SEPARATIONS'.","{""bucket"": ""hard"", ""evidence"": ""upstream PuzzleWorld label""}",needs_review,True,"{""answer_only_scorable"": true, ""benchmark_core"": true, ""counts_toward_official_topic_score"": true, ""scoring_metric"": ""binary_accuracy"", ""time_limit_minutes"": 30, ""topic_scoring_group"": ""logic_constraints"", ""track"": ""answer_only_upstream_hard_core""}","{""collection"": ""PuzzleWorld"", ""dataset_revision"": ""23a11d81b89ff4d39525a8867a99285e4c7dee61"", ""dataset_url"": ""https://huggingface.co/datasets/hzli1202/PuzzleWorld"", ""metadata_url"": ""https://huggingface.co/datasets/hzli1202/PuzzleWorld/resolve/23a11d81b89ff4d39525a8867a99285e4c7dee61/all_metadata.jsonl"", ""original_puzzled_pint_url"": null, ""publisher"": ""MIT-MI / PuzzleWorld authors"", ""repository_revision_audited"": ""0a8fbcbd33c86a29a37f7348e1eb40315e17f5c2"", ""repository_url"": ""https://github.com/MIT-MI/PuzzleWorld""}","{""license"": {""dataset_card_evidence_url"": ""https://huggingface.co/datasets/hzli1202/PuzzleWorld/raw/23a11d81b89ff4d39525a8867a99285e4c7dee61/README.md"", ""name"": ""Creative Commons Attribution-NonCommercial-ShareAlike 4.0 International"", ""original_publisher_evidence_url"": ""https://puzzledpint.org/volunteering/write-puzzles/#license"", ""scope_note"": ""The pinned Hugging Face card front matter and repository tag say cc-by-nc-sa-4.0. Puzzled Pint states that all submitted puzzles use CC BY-NC-SA 4.0 and that authors retain copyright."", ""spdx"": ""CC-BY-NC-SA-4.0"", ""url"": ""https://creativecommons.org/licenses/by-nc-sa/4.0/""}, ""noncommercial"": true, ""permission_required_for_commercial"": true, ""redistribution_scope"": ""noncommercial_sharealike_only"", ""release_track"": ""noncommercial_sharealike"", ""rights_status"": ""cc_by_nc_sa_4_0_noncommercial_attribution_review_required"", ""share_alike_required"": true}"
puzzleworld-plinko-3b3ef25c5d,PuzzleWorld,Plinko,,logic_constraints,cryptography_ciphers | geometry_spatial,logical_inference | constraint_propagation | encoding_decoding | indexing_extraction | meta_extraction | spatial_visualization | visual_decoding | pathfinding,image_puzzle | multi_part | meta_puzzle | logic_grid | path_route,"Title: Plinko

The first stop on our road trip is Television City, CA, and of all the studios, we pick Studio 33 – home for well over half a century to The Price is Right – a classic game show chock-full of prices and prizes and challenges. But one game above all the others is the game we came to play – and you surely know which one we're talking about: PLINKO! It is a game in which a little chip bouncing chaotically down a huge pegboard is the sole determinant of whether a contestant leaves rich or poor. But we are handed not one chip, but 20! And as we climb the fateful ladder, our future on the line, we know what we must do to bring good luck: spell out ""P-L-I-N-K-O-P-L-I-N-K-O-G-O-C-H-I-P-G-O"" letter by letter – one for each chip we drop. Strange to think that each bounce off each peg is just a left/right, nay/yay random outcome. When there is none left, it does seem there's just one right path. Good luck or bad, chips are gonna do what chips are gonna do. We'll just let them do it their way.

The complete puzzle statement and its visual/structured clues are in the required question asset(s):
- https://huggingface.co/datasets/hzli1202/PuzzleWorld/resolve/23a11d81b89ff4d39525a8867a99285e4c7dee61/data/Plinko/content.png

Return the short canonical final answer.",FALL WHERE THEY MAY,"1. First, notice that the puzzle mentions 20 chips and 20 letters in the phrase ""P-L-I-N-K-O-P-L-I-N-K-O-G-O-C-H-I-P-G-O"". This suggests a connection between the letters and how the chips move.

2. The clues about ""none left"" and ""one right"" suggest using binary code where 0 means bounce left and 1 means bounce right.

3. Each letter in the phrase can be converted to binary. For example, P is 16 in decimal, which is 10000 in binary. This means the first chip should bounce right, then left, then left, then left, then left.

4. Following this pattern for the first chip (P = 10000), it will land on the letter ""L"" in the bottom row.

5. The second chip corresponds to L = 00101 (binary), meaning it will bounce left, left, right, left, right, and land on the letter ""A"".

6. As you continue this process for all 20 chips, they will land in specific columns and cover certain letters.

7. The letters that don't get covered by any chips spell out ""JUST SPACE FILLERS"", confirming they aren't part of the final solution.

8. The letters that do get covered, when read in the order they get covered, spell ""LAST LETTER IN EACH LINE"".

9. Following this instruction, take the last letter of each line of the flavor text, reading from top to bottom.

10. The last letters spell out: F (from ""half a""), L (from ""chock-full""), L (from ""above all""), W (from ""surely know""), H (from ""in which""), E (from ""the""), R (from ""poor""), E (from ""line""), T (from ""what we must""), H (from ""each""), E (from ""Strange""), Y (from ""nay/yay""), M (from ""seem""), A (from ""gonna""), Y (from ""way""). This gives us the solution: FALL WHERE THEY MAY.","{""bucket"": ""hard"", ""evidence"": ""upstream PuzzleWorld label""}",needs_review,True,"{""answer_only_scorable"": true, ""benchmark_core"": true, ""counts_toward_official_topic_score"": true, ""scoring_metric"": ""binary_accuracy"", ""time_limit_minutes"": 30, ""topic_scoring_group"": ""logic_constraints"", ""track"": ""answer_only_upstream_hard_core""}","{""collection"": ""PuzzleWorld"", ""dataset_revision"": ""23a11d81b89ff4d39525a8867a99285e4c7dee61"", ""dataset_url"": ""https://huggingface.co/datasets/hzli1202/PuzzleWorld"", ""metadata_url"": ""https://huggingface.co/datasets/hzli1202/PuzzleWorld/resolve/23a11d81b89ff4d39525a8867a99285e4c7dee61/all_metadata.jsonl"", ""original_puzzled_pint_url"": null, ""publisher"": ""MIT-MI / PuzzleWorld authors"", ""repository_revision_audited"": ""0a8fbcbd33c86a29a37f7348e1eb40315e17f5c2"", ""repository_url"": ""https://github.com/MIT-MI/PuzzleWorld""}","{""license"": {""dataset_card_evidence_url"": ""https://huggingface.co/datasets/hzli1202/PuzzleWorld/raw/23a11d81b89ff4d39525a8867a99285e4c7dee61/README.md"", ""name"": ""Creative Commons Attribution-NonCommercial-ShareAlike 4.0 International"", ""original_publisher_evidence_url"": ""https://puzzledpint.org/volunteering/write-puzzles/#license"", ""scope_note"": ""The pinned Hugging Face card front matter and repository tag say cc-by-nc-sa-4.0. Puzzled Pint states that all submitted puzzles use CC BY-NC-SA 4.0 and that authors retain copyright."", ""spdx"": ""CC-BY-NC-SA-4.0"", ""url"": ""https://creativecommons.org/licenses/by-nc-sa/4.0/""}, ""noncommercial"": true, ""permission_required_for_commercial"": true, ""redistribution_scope"": ""noncommercial_sharealike_only"", ""release_track"": ""noncommercial_sharealike"", ""rights_status"": ""cc_by_nc_sa_4_0_noncommercial_attribution_review_required"", ""share_alike_required"": true}"
puzzleworld-pride-e735760aa8,PuzzleWorld,Pride,,logic_constraints,geometry_spatial | word_language | cryptography_ciphers,logical_inference | constraint_propagation | spatial_visualization | visual_decoding | wordplay | lexical_search | encoding_decoding | indexing_extraction | meta_extraction,image_puzzle | multi_part | word_puzzle | meta_puzzle | logic_grid,"Title: Pride

People call me cocky, but I'm proud to be the best detective in our police department. I learned all about the craft by reading murder mystery books. My all-time favorite is The Peacock Code by Samuel Finley Breese. It has a fascinating number of characters: twenty-six to be exact. I figured out who the murderer was by following the clues.

The complete puzzle statement and its visual/structured clues are in the required question asset(s):
- https://huggingface.co/datasets/hzli1202/PuzzleWorld/resolve/23a11d81b89ff4d39525a8867a99285e4c7dee61/data/Pride/content.png

Return the short canonical final answer.",PRIME SUSPECT,"1. Correctly identify a word for each node in the puzzle.
   Reasoning figure: https://huggingface.co/datasets/hzli1202/PuzzleWorld/resolve/23a11d81b89ff4d39525a8867a99285e4c7dee61/data/Pride/figure2.png

2. Correctly identify compound words formed by subsequent nodes that would answer the phrases at the bottom of the page.
   Reasoning figure: https://huggingface.co/datasets/hzli1202/PuzzleWorld/resolve/23a11d81b89ff4d39525a8867a99285e4c7dee61/data/Pride/figure1.png

3. Using the dots, represented by black circles, and dashes, represented by bars at the end of each branch, extract the letters that correspond with the end node of each key compound word. This will spell PRIME SUSPECT
   Reasoning figure: https://huggingface.co/datasets/hzli1202/PuzzleWorld/resolve/23a11d81b89ff4d39525a8867a99285e4c7dee61/data/Pride/figure3.png","{""bucket"": ""hard"", ""evidence"": ""upstream PuzzleWorld label""}",needs_review,True,"{""answer_only_scorable"": true, ""benchmark_core"": true, ""counts_toward_official_topic_score"": true, ""scoring_metric"": ""binary_accuracy"", ""time_limit_minutes"": 30, ""topic_scoring_group"": ""logic_constraints"", ""track"": ""answer_only_upstream_hard_core""}","{""collection"": ""PuzzleWorld"", ""dataset_revision"": ""23a11d81b89ff4d39525a8867a99285e4c7dee61"", ""dataset_url"": ""https://huggingface.co/datasets/hzli1202/PuzzleWorld"", ""metadata_url"": ""https://huggingface.co/datasets/hzli1202/PuzzleWorld/resolve/23a11d81b89ff4d39525a8867a99285e4c7dee61/all_metadata.jsonl"", ""original_puzzled_pint_url"": ""https://puzzledpint.org/events/september-2022-7-deadly-sins/"", ""publisher"": ""MIT-MI / PuzzleWorld authors"", ""repository_revision_audited"": ""0a8fbcbd33c86a29a37f7348e1eb40315e17f5c2"", ""repository_url"": ""https://github.com/MIT-MI/PuzzleWorld""}","{""license"": {""dataset_card_evidence_url"": ""https://huggingface.co/datasets/hzli1202/PuzzleWorld/raw/23a11d81b89ff4d39525a8867a99285e4c7dee61/README.md"", ""name"": ""Creative Commons Attribution-NonCommercial-ShareAlike 4.0 International"", ""original_publisher_evidence_url"": ""https://puzzledpint.org/volunteering/write-puzzles/#license"", ""scope_note"": ""The pinned Hugging Face card front matter and repository tag say cc-by-nc-sa-4.0. Puzzled Pint states that all submitted puzzles use CC BY-NC-SA 4.0 and that authors retain copyright."", ""spdx"": ""CC-BY-NC-SA-4.0"", ""url"": ""https://creativecommons.org/licenses/by-nc-sa/4.0/""}, ""noncommercial"": true, ""permission_required_for_commercial"": true, ""redistribution_scope"": ""noncommercial_sharealike_only"", ""release_track"": ""noncommercial_sharealike"", ""rights_status"": ""cc_by_nc_sa_4_0_noncommercial_attribution_review_required"", ""share_alike_required"": true}"
puzzleworld-puzzled-half-gallon-7a3e06d643,PuzzleWorld,Puzzled Half Gallon,,logic_constraints,,logical_inference | constraint_propagation,multi_part | logic_grid,"Title: Puzzled Half Gallon

""Don't even get me started on how bad a name 'half-gallon' is,"" Riley scoffs. ""That's like defining a woman based solely on who her husband is just because she's his 'better half.' My new name will give this measurement some direction.""

The complete puzzle statement and its visual/structured clues are in the required question asset(s):
- https://huggingface.co/datasets/hzli1202/PuzzleWorld/resolve/23a11d81b89ff4d39525a8867a99285e4c7dee61/data/Puzzled_Half_Gallon/content.png

Return the short canonical final answer.",NORTHEAST,"1. This puzzle is a logic challenge about 8 people sitting around a table with seats numbered 1-8 and corresponding to compass directions.

2. We're given that there are 4 men (Anderson, Benjamin, Chance, Damien) and 4 women (Eloise, Felicity, Gretchen, Hannah), and everyone is married to someone else in the group.

3. Step 4 tells us that each couple consists of two people with the same number of letters in their name. This helps us identify potential pairings.

4. From Step 3, we learn that Eloise, Chance's partner, and Damien's partner are all different people. This implies that the partnerships are not heterosexual.

5. By analyzing the constraints, we determine that the couples are: Anderson-Benjamin, Chance-Damien, Eloise-Hannah, and Felicity-Gretchen.

6. Using the seating constraints from steps 5-7, we begin to place people around the table. Hannah's partner (Eloise) must be in a prime-numbered seat (2), and Gretchen's partner (Felicity) is in seat 4 or 6.

7. Through process of elimination, we can determine the exact seating arrangement: Benjamin (1), Eloise (2), Hannah (3), Felicity (4), Damien (5), Gretchen (6), Chance (7), Anderson (8).

8. Step 8 provides descriptions of each person. One description is 'The person sitting in the direction of the answer' which refers to Eloise.

9. Since Eloise is sitting in position 2, which corresponds to the Northeast direction on the compass rose, the answer is NORTHEAST.","{""bucket"": ""hard"", ""evidence"": ""upstream PuzzleWorld label""}",needs_review,True,"{""answer_only_scorable"": true, ""benchmark_core"": true, ""counts_toward_official_topic_score"": true, ""scoring_metric"": ""binary_accuracy"", ""time_limit_minutes"": 30, ""topic_scoring_group"": ""logic_constraints"", ""track"": ""answer_only_upstream_hard_core""}","{""collection"": ""PuzzleWorld"", ""dataset_revision"": ""23a11d81b89ff4d39525a8867a99285e4c7dee61"", ""dataset_url"": ""https://huggingface.co/datasets/hzli1202/PuzzleWorld"", ""metadata_url"": ""https://huggingface.co/datasets/hzli1202/PuzzleWorld/resolve/23a11d81b89ff4d39525a8867a99285e4c7dee61/all_metadata.jsonl"", ""original_puzzled_pint_url"": null, ""publisher"": ""MIT-MI / PuzzleWorld authors"", ""repository_revision_audited"": ""0a8fbcbd33c86a29a37f7348e1eb40315e17f5c2"", ""repository_url"": ""https://github.com/MIT-MI/PuzzleWorld""}","{""license"": {""dataset_card_evidence_url"": ""https://huggingface.co/datasets/hzli1202/PuzzleWorld/raw/23a11d81b89ff4d39525a8867a99285e4c7dee61/README.md"", ""name"": ""Creative Commons Attribution-NonCommercial-ShareAlike 4.0 International"", ""original_publisher_evidence_url"": ""https://puzzledpint.org/volunteering/write-puzzles/#license"", ""scope_note"": ""The pinned Hugging Face card front matter and repository tag say cc-by-nc-sa-4.0. Puzzled Pint states that all submitted puzzles use CC BY-NC-SA 4.0 and that authors retain copyright."", ""spdx"": ""CC-BY-NC-SA-4.0"", ""url"": ""https://creativecommons.org/licenses/by-nc-sa/4.0/""}, ""noncommercial"": true, ""permission_required_for_commercial"": true, ""redistribution_scope"": ""noncommercial_sharealike_only"", ""release_track"": ""noncommercial_sharealike"", ""rights_status"": ""cc_by_nc_sa_4_0_noncommercial_attribution_review_required"", ""share_alike_required"": true}"
puzzleworld-puzzled-pint-76bfb5e754,PuzzleWorld,Puzzled Pint,,logic_constraints,word_language | cryptography_ciphers,logical_inference | constraint_propagation | wordplay | lexical_search | encoding_decoding | indexing_extraction | meta_extraction,image_puzzle | multi_part | word_puzzle | meta_puzzle | logic_grid,"Title: Puzzled Pint

Riley looks at their pint glass. ""Look, 'pint' is a boring name - it lacks any modern pizzazz. No one will be sad if we call it something else. It's not like any major puzzle organization has based its name around it.""

The complete puzzle statement and its visual/structured clues are in the required question asset(s):
- https://huggingface.co/datasets/hzli1202/PuzzleWorld/resolve/23a11d81b89ff4d39525a8867a99285e4c7dee61/data/Puzzled_Pint/content.png

Return the short canonical final answer.",HUMANITY,"1. This puzzle consists of four smaller puzzles: Puzzled Paint, Puzzled Int, Puzzled Pin, and Puzzled Pint-Sized.

2. In Puzzled Paint, we need to add a letter into the middle of each word to form a new word. For example, PRO + S = PROSPER, SNA + C = SNACKED, etc.

3. Reading down the middle added letters (S, C, O, U, N, D, R, E, L), we get the word SCOUNDREL.

4. In Puzzled Int, we solve each of the equations: 11+1+1=13, 10+19-20=9, (40+20)/15=4, 15+15-16=14, (63+21)/4=21, 21+14-22=13, 10*4-21=19.

5. Converting these answer numbers to letters spells MID NUMS. Using the same code to convert the middle number in each equation gives ASTOUND.

6. In Puzzled Pin, we place stars in the grid so each row, column, and bordered area has exactly one star, with no stars touching even diagonally.

7. Working through the logical constraints: first, we determine that the star in the PAY region must be in the Y. This constrains other placements, and through elimination, we can place all the stars.

8. The letters in the same spaces as the stars spell out HUMANITY, which is the solution to this puzzle.

9. In Puzzled Pint-Sized, each line clues a word that forms a phrase with SMALL. The letters corresponding to the asterisks spell SHADOWY.","{""bucket"": ""hard"", ""evidence"": ""upstream PuzzleWorld label""}",needs_review,True,"{""answer_only_scorable"": true, ""benchmark_core"": true, ""counts_toward_official_topic_score"": true, ""scoring_metric"": ""binary_accuracy"", ""time_limit_minutes"": 30, ""topic_scoring_group"": ""logic_constraints"", ""track"": ""answer_only_upstream_hard_core""}","{""collection"": ""PuzzleWorld"", ""dataset_revision"": ""23a11d81b89ff4d39525a8867a99285e4c7dee61"", ""dataset_url"": ""https://huggingface.co/datasets/hzli1202/PuzzleWorld"", ""metadata_url"": ""https://huggingface.co/datasets/hzli1202/PuzzleWorld/resolve/23a11d81b89ff4d39525a8867a99285e4c7dee61/all_metadata.jsonl"", ""original_puzzled_pint_url"": null, ""publisher"": ""MIT-MI / PuzzleWorld authors"", ""repository_revision_audited"": ""0a8fbcbd33c86a29a37f7348e1eb40315e17f5c2"", ""repository_url"": ""https://github.com/MIT-MI/PuzzleWorld""}","{""license"": {""dataset_card_evidence_url"": ""https://huggingface.co/datasets/hzli1202/PuzzleWorld/raw/23a11d81b89ff4d39525a8867a99285e4c7dee61/README.md"", ""name"": ""Creative Commons Attribution-NonCommercial-ShareAlike 4.0 International"", ""original_publisher_evidence_url"": ""https://puzzledpint.org/volunteering/write-puzzles/#license"", ""scope_note"": ""The pinned Hugging Face card front matter and repository tag say cc-by-nc-sa-4.0. Puzzled Pint states that all submitted puzzles use CC BY-NC-SA 4.0 and that authors retain copyright."", ""spdx"": ""CC-BY-NC-SA-4.0"", ""url"": ""https://creativecommons.org/licenses/by-nc-sa/4.0/""}, ""noncommercial"": true, ""permission_required_for_commercial"": true, ""redistribution_scope"": ""noncommercial_sharealike_only"", ""release_track"": ""noncommercial_sharealike"", ""rights_status"": ""cc_by_nc_sa_4_0_noncommercial_attribution_review_required"", ""share_alike_required"": true}"
puzzleworld-rice-throwing-56344434f4,PuzzleWorld,Rice Throwing,,logic_constraints,geometry_spatial,logical_inference | constraint_propagation | spatial_visualization | visual_decoding | indexing_extraction | combinatorial_counting,image_puzzle | multi_part | logic_grid,"Title: Rice Throwing

The wedding was pretty casual, so the photographer got some interesting snaps of the rice throwing.

The complete puzzle statement and its visual/structured clues are in the required question asset(s):
- https://huggingface.co/datasets/hzli1202/PuzzleWorld/resolve/23a11d81b89ff4d39525a8867a99285e4c7dee61/data/Rice_Throwing/content.png

Return the short canonical final answer.",ROTUND,"1. Each photo contains a ring formed by rice grains, varying from 3 to 8 grains. Sort the pictures based on the size of the rice ring, starting from the smallest.

2. Identify the shoe brands in each photo: Doc Martens, Ugg, Timberlands, Nike, Adidas, Reebok.

3. Count the stripes on the sock in each image and use it to index into the shoe brand name.

4. Read the indexed letters sequentially to obtain the final answer word, ROTUND.","{""bucket"": ""hard"", ""evidence"": ""upstream PuzzleWorld label""}",needs_review,True,"{""answer_only_scorable"": true, ""benchmark_core"": true, ""counts_toward_official_topic_score"": true, ""scoring_metric"": ""binary_accuracy"", ""time_limit_minutes"": 30, ""topic_scoring_group"": ""logic_constraints"", ""track"": ""answer_only_upstream_hard_core""}","{""collection"": ""PuzzleWorld"", ""dataset_revision"": ""23a11d81b89ff4d39525a8867a99285e4c7dee61"", ""dataset_url"": ""https://huggingface.co/datasets/hzli1202/PuzzleWorld"", ""metadata_url"": ""https://huggingface.co/datasets/hzli1202/PuzzleWorld/resolve/23a11d81b89ff4d39525a8867a99285e4c7dee61/all_metadata.jsonl"", ""original_puzzled_pint_url"": null, ""publisher"": ""MIT-MI / PuzzleWorld authors"", ""repository_revision_audited"": ""0a8fbcbd33c86a29a37f7348e1eb40315e17f5c2"", ""repository_url"": ""https://github.com/MIT-MI/PuzzleWorld""}","{""license"": {""dataset_card_evidence_url"": ""https://huggingface.co/datasets/hzli1202/PuzzleWorld/raw/23a11d81b89ff4d39525a8867a99285e4c7dee61/README.md"", ""name"": ""Creative Commons Attribution-NonCommercial-ShareAlike 4.0 International"", ""original_publisher_evidence_url"": ""https://puzzledpint.org/volunteering/write-puzzles/#license"", ""scope_note"": ""The pinned Hugging Face card front matter and repository tag say cc-by-nc-sa-4.0. Puzzled Pint states that all submitted puzzles use CC BY-NC-SA 4.0 and that authors retain copyright."", ""spdx"": ""CC-BY-NC-SA-4.0"", ""url"": ""https://creativecommons.org/licenses/by-nc-sa/4.0/""}, ""noncommercial"": true, ""permission_required_for_commercial"": true, ""redistribution_scope"": ""noncommercial_sharealike_only"", ""release_track"": ""noncommercial_sharealike"", ""rights_status"": ""cc_by_nc_sa_4_0_noncommercial_attribution_review_required"", ""share_alike_required"": true}"
puzzleworld-robert-moses-vs-jane-jacobs-b5b469120c,PuzzleWorld,Robert Moses vs. Jane Jacobs,,logic_constraints,word_language | mixed_meta,logical_inference | constraint_propagation | wordplay | lexical_search | external_knowledge_linking | crossword_solving | indexing_extraction,multi_part | word_puzzle | logic_grid | crossword,"Title: Robert Moses vs. Jane Jacobs

These two crosswords have the same grid but different words. Which clues goes with which grid?

The complete puzzle statement and its visual/structured clues are in the required question asset(s):
- https://huggingface.co/datasets/hzli1202/PuzzleWorld/resolve/23a11d81b89ff4d39525a8867a99285e4c7dee61/data/Jane_Jacobs/content.png

Return the short canonical final answer.",URBAN DECAY,"1. This puzzle presents two crossword grids with the same structure but filled with different words.

2. A mixed list of clues is provided, and you need to determine which clue goes with which grid and position.

3. For the first grid (Robert Moses), identify which clues fit the words that appear in this grid. For example, clues like 'Tree subject to a Dutch disease' (ELM), 'New York Giant Mel' (OTT), and 'Opera House activity' (ARIA) belong to this grid.

4. For the second grid (Jane Jacobs), identify which clues fit the words that appear in this grid, such as 'Burro' (ASS), 'Heat up' (WARM), and 'Library activity' (READ).

5. Once all clues are correctly assigned and the crosswords are completed, certain letters in the grid can be extracted based on their position.

6. These extracted letters form the phrase 'URBAN DECAY', which is the final answer.","{""bucket"": ""hard"", ""evidence"": ""upstream PuzzleWorld label""}",needs_review,True,"{""answer_only_scorable"": true, ""benchmark_core"": true, ""counts_toward_official_topic_score"": true, ""scoring_metric"": ""binary_accuracy"", ""time_limit_minutes"": 30, ""topic_scoring_group"": ""logic_constraints"", ""track"": ""answer_only_upstream_hard_core""}","{""collection"": ""PuzzleWorld"", ""dataset_revision"": ""23a11d81b89ff4d39525a8867a99285e4c7dee61"", ""dataset_url"": ""https://huggingface.co/datasets/hzli1202/PuzzleWorld"", ""metadata_url"": ""https://huggingface.co/datasets/hzli1202/PuzzleWorld/resolve/23a11d81b89ff4d39525a8867a99285e4c7dee61/all_metadata.jsonl"", ""original_puzzled_pint_url"": null, ""publisher"": ""MIT-MI / PuzzleWorld authors"", ""repository_revision_audited"": ""0a8fbcbd33c86a29a37f7348e1eb40315e17f5c2"", ""repository_url"": ""https://github.com/MIT-MI/PuzzleWorld""}","{""license"": {""dataset_card_evidence_url"": ""https://huggingface.co/datasets/hzli1202/PuzzleWorld/raw/23a11d81b89ff4d39525a8867a99285e4c7dee61/README.md"", ""name"": ""Creative Commons Attribution-NonCommercial-ShareAlike 4.0 International"", ""original_publisher_evidence_url"": ""https://puzzledpint.org/volunteering/write-puzzles/#license"", ""scope_note"": ""The pinned Hugging Face card front matter and repository tag say cc-by-nc-sa-4.0. Puzzled Pint states that all submitted puzzles use CC BY-NC-SA 4.0 and that authors retain copyright."", ""spdx"": ""CC-BY-NC-SA-4.0"", ""url"": ""https://creativecommons.org/licenses/by-nc-sa/4.0/""}, ""noncommercial"": true, ""permission_required_for_commercial"": true, ""redistribution_scope"": ""noncommercial_sharealike_only"", ""release_track"": ""noncommercial_sharealike"", ""rights_status"": ""cc_by_nc_sa_4_0_noncommercial_attribution_review_required"", ""share_alike_required"": true}"
puzzleworld-roller-derby-girls-9b14287cbc,PuzzleWorld,Roller Derby Girls,,logic_constraints,cryptography_ciphers | mixed_meta,logical_inference | constraint_propagation | encoding_decoding | indexing_extraction | meta_extraction | external_knowledge_linking | information_synthesis,meta_puzzle | cryptogram,"Title: Roller Derby Girls

The upstream record has no separate flavor-text transcription.

The complete puzzle statement and its visual/structured clues are in the required question asset(s):
- https://huggingface.co/datasets/hzli1202/PuzzleWorld/resolve/23a11d81b89ff4d39525a8867a99285e4c7dee61/data/Roller_Derby_girls/content.png

Return the short canonical final answer.",PASS UP CUPID,"1. Discover that all of the words are encyrpted Roller Derby terms.

2. Discover the substitution cipher mapping by testing out Roller Derby terms.

3. Extract the answer by using the cipher on the phrase ""Roller Derby"" and get the phrase ""Pass Up Cupid"".","{""bucket"": ""hard"", ""evidence"": ""upstream PuzzleWorld label""}",needs_review,True,"{""answer_only_scorable"": true, ""benchmark_core"": true, ""counts_toward_official_topic_score"": true, ""scoring_metric"": ""binary_accuracy"", ""time_limit_minutes"": 30, ""topic_scoring_group"": ""logic_constraints"", ""track"": ""answer_only_upstream_hard_core""}","{""collection"": ""PuzzleWorld"", ""dataset_revision"": ""23a11d81b89ff4d39525a8867a99285e4c7dee61"", ""dataset_url"": ""https://huggingface.co/datasets/hzli1202/PuzzleWorld"", ""metadata_url"": ""https://huggingface.co/datasets/hzli1202/PuzzleWorld/resolve/23a11d81b89ff4d39525a8867a99285e4c7dee61/all_metadata.jsonl"", ""original_puzzled_pint_url"": ""https://puzzledpint.org/archive-files/6712/9883/5479/roller_derby_puzzle.doc"", ""publisher"": ""MIT-MI / PuzzleWorld authors"", ""repository_revision_audited"": ""0a8fbcbd33c86a29a37f7348e1eb40315e17f5c2"", ""repository_url"": ""https://github.com/MIT-MI/PuzzleWorld""}","{""license"": {""dataset_card_evidence_url"": ""https://huggingface.co/datasets/hzli1202/PuzzleWorld/raw/23a11d81b89ff4d39525a8867a99285e4c7dee61/README.md"", ""name"": ""Creative Commons Attribution-NonCommercial-ShareAlike 4.0 International"", ""original_publisher_evidence_url"": ""https://puzzledpint.org/volunteering/write-puzzles/#license"", ""scope_note"": ""The pinned Hugging Face card front matter and repository tag say cc-by-nc-sa-4.0. Puzzled Pint states that all submitted puzzles use CC BY-NC-SA 4.0 and that authors retain copyright."", ""spdx"": ""CC-BY-NC-SA-4.0"", ""url"": ""https://creativecommons.org/licenses/by-nc-sa/4.0/""}, ""noncommercial"": true, ""permission_required_for_commercial"": true, ""redistribution_scope"": ""noncommercial_sharealike_only"", ""release_track"": ""noncommercial_sharealike"", ""rights_status"": ""cc_by_nc_sa_4_0_noncommercial_attribution_review_required"", ""share_alike_required"": true}"
puzzleworld-roman-adder-8580038490,PuzzleWorld,Roman Adder,,logic_constraints,cryptography_ciphers | mixed_meta,logical_inference | constraint_propagation | encoding_decoding | indexing_extraction | meta_extraction | external_knowledge_linking,multi_part | meta_puzzle | logic_grid,"Title: Roman Adder

What sort of game is this?

The complete puzzle statement and its visual/structured clues are in the required question asset(s):
- https://huggingface.co/datasets/hzli1202/PuzzleWorld/resolve/23a11d81b89ff4d39525a8867a99285e4c7dee61/data/Roman_Adder/content1.png
- https://huggingface.co/datasets/hzli1202/PuzzleWorld/resolve/23a11d81b89ff4d39525a8867a99285e4c7dee61/data/Roman_Adder/content2.png

Return the short canonical final answer.",ZERO SUM,"1. The puzzle presents a series of addition equations where each letter needs to be replaced with a Roman numeral to make the equations mathematically correct.

2. The same values are used for all instances of the same letter across all equations. Each letter consistently represents the same Roman numeral throughout.

3. Begin by analyzing the constraints of Roman numerals: I=1, V=5, X=10, L=50, C=100, D=500, M=1000.

4. Note that you can't have two letters standing for the same Roman numeral in the same word, and Roman numerals that appear as letters (I, V, X, L, C, D, M) take their normal values.

5. Start with the simplest equations and identify letters that must represent specific values based on the mathematical operations.

6. For example, in the equation 'MATH + PI = MORE', deduce that M must be 1000 since it's the only value large enough for the first position.

7. Work through each equation systematically, testing potential values and ensuring consistency across all equations.

8. Gradually build up a complete mapping of letters to Roman numerals that satisfies all the equations.

9. Once all letters are assigned Roman numerals, fill in the diagram at the bottom of the second page with the corresponding letters in alphabetical order for each Roman numeral.

10. Reading the completed table reveals the answer: ZERO SUM.","{""bucket"": ""hard"", ""evidence"": ""upstream PuzzleWorld label""}",needs_review,True,"{""answer_only_scorable"": true, ""benchmark_core"": true, ""counts_toward_official_topic_score"": true, ""scoring_metric"": ""binary_accuracy"", ""time_limit_minutes"": 30, ""topic_scoring_group"": ""logic_constraints"", ""track"": ""answer_only_upstream_hard_core""}","{""collection"": ""PuzzleWorld"", ""dataset_revision"": ""23a11d81b89ff4d39525a8867a99285e4c7dee61"", ""dataset_url"": ""https://huggingface.co/datasets/hzli1202/PuzzleWorld"", ""metadata_url"": ""https://huggingface.co/datasets/hzli1202/PuzzleWorld/resolve/23a11d81b89ff4d39525a8867a99285e4c7dee61/all_metadata.jsonl"", ""original_puzzled_pint_url"": null, ""publisher"": ""MIT-MI / PuzzleWorld authors"", ""repository_revision_audited"": ""0a8fbcbd33c86a29a37f7348e1eb40315e17f5c2"", ""repository_url"": ""https://github.com/MIT-MI/PuzzleWorld""}","{""license"": {""dataset_card_evidence_url"": ""https://huggingface.co/datasets/hzli1202/PuzzleWorld/raw/23a11d81b89ff4d39525a8867a99285e4c7dee61/README.md"", ""name"": ""Creative Commons Attribution-NonCommercial-ShareAlike 4.0 International"", ""original_publisher_evidence_url"": ""https://puzzledpint.org/volunteering/write-puzzles/#license"", ""scope_note"": ""The pinned Hugging Face card front matter and repository tag say cc-by-nc-sa-4.0. Puzzled Pint states that all submitted puzzles use CC BY-NC-SA 4.0 and that authors retain copyright."", ""spdx"": ""CC-BY-NC-SA-4.0"", ""url"": ""https://creativecommons.org/licenses/by-nc-sa/4.0/""}, ""noncommercial"": true, ""permission_required_for_commercial"": true, ""redistribution_scope"": ""noncommercial_sharealike_only"", ""release_track"": ""noncommercial_sharealike"", ""rights_status"": ""cc_by_nc_sa_4_0_noncommercial_attribution_review_required"", ""share_alike_required"": true}"
puzzleworld-routes-ladders-d028a3622a,PuzzleWorld,Routes & Ladders,,logic_constraints,word_language | cryptography_ciphers,logical_inference | constraint_propagation | wordplay | lexical_search | encoding_decoding | indexing_extraction | meta_extraction,word_puzzle | meta_puzzle | path_route,"Title: Routes & Ladders

Next stop on our road trip: Brimfield, Massachusetts to visit the famous Brimfield Flea Market. You can bring money, but it's more fun to barter. And when we happened upon the vintage game Routes & Ladders, we knew we just had to get it. The game instructions read: ""BEGET → BERET → BURET → BURNT → BURNS → TURNS. That series is the only real-word, 5-step ladder that completely changes BEGET into TURNS. All five letters get changed: first the 3rd letter was changed, then the 2nd, then the 4th, then the 5th, then the 1st. [3rd, 2nd, 4th, 5th, 1st – that's the order that connects these two words.]"" Each word on the left connects this way with just one word on the right. One has been done for you, and a second one has been started. Complete the rest of the connections; then maybe we can figure out what this flea market really is!

The complete puzzle statement and its visual/structured clues are in the required question asset(s):
- https://huggingface.co/datasets/hzli1202/PuzzleWorld/resolve/23a11d81b89ff4d39525a8867a99285e4c7dee61/data/Routes_and_Ladders/content.png

Return the short canonical final answer.",SWAP MEET,"1. The puzzle involves connecting words on the left with words on the right through a series of letter changes, similar to word ladders.

2. Each word on the left connects to exactly one word on the right by changing letters in a specific order.

3. The example shows BEGET changing to TURNS by changing the 3rd letter, then 2nd, 4th, 5th, and finally the 1st letter.

4. Following this pattern, you need to determine the connections between all pairs of words.

5. For example, BEAST can connect to LATCH through a series of changes: BEAST → LEAST → LEASH → LEACH → LETCH → LATCH.

6. Between the connections are letters that aren't crossed by the connecting lines.

7. Reading these uncrossed letters from left to right gives the instruction: ""READ EACH LINE IN THE ORDER IN WHICH THE LETTERS WERE CHANGED"".

8. The top line connecting BEAST to LATCH has the letters U-N-O-E-S, but when read in the order the letters were changed (1,5,4,3,2), they spell ""U-S-E-O-N"".

9. Doing the same for all connecting lines and putting the results together gives: ""USE ONLY THE THIRD CHANGED LETTER IN EACH SERIES"".

10. Looking at the third changed letter in each word ladder (the third step in each transformation), you get the letters: S-W-A-P-M-E-E-T.

11. This spells the solution: SWAP MEET, which is appropriate for a flea market.","{""bucket"": ""hard"", ""evidence"": ""upstream PuzzleWorld label""}",needs_review,True,"{""answer_only_scorable"": true, ""benchmark_core"": true, ""counts_toward_official_topic_score"": true, ""scoring_metric"": ""binary_accuracy"", ""time_limit_minutes"": 30, ""topic_scoring_group"": ""logic_constraints"", ""track"": ""answer_only_upstream_hard_core""}","{""collection"": ""PuzzleWorld"", ""dataset_revision"": ""23a11d81b89ff4d39525a8867a99285e4c7dee61"", ""dataset_url"": ""https://huggingface.co/datasets/hzli1202/PuzzleWorld"", ""metadata_url"": ""https://huggingface.co/datasets/hzli1202/PuzzleWorld/resolve/23a11d81b89ff4d39525a8867a99285e4c7dee61/all_metadata.jsonl"", ""original_puzzled_pint_url"": null, ""publisher"": ""MIT-MI / PuzzleWorld authors"", ""repository_revision_audited"": ""0a8fbcbd33c86a29a37f7348e1eb40315e17f5c2"", ""repository_url"": ""https://github.com/MIT-MI/PuzzleWorld""}","{""license"": {""dataset_card_evidence_url"": ""https://huggingface.co/datasets/hzli1202/PuzzleWorld/raw/23a11d81b89ff4d39525a8867a99285e4c7dee61/README.md"", ""name"": ""Creative Commons Attribution-NonCommercial-ShareAlike 4.0 International"", ""original_publisher_evidence_url"": ""https://puzzledpint.org/volunteering/write-puzzles/#license"", ""scope_note"": ""The pinned Hugging Face card front matter and repository tag say cc-by-nc-sa-4.0. Puzzled Pint states that all submitted puzzles use CC BY-NC-SA 4.0 and that authors retain copyright."", ""spdx"": ""CC-BY-NC-SA-4.0"", ""url"": ""https://creativecommons.org/licenses/by-nc-sa/4.0/""}, ""noncommercial"": true, ""permission_required_for_commercial"": true, ""redistribution_scope"": ""noncommercial_sharealike_only"", ""release_track"": ""noncommercial_sharealike"", ""rights_status"": ""cc_by_nc_sa_4_0_noncommercial_attribution_review_required"", ""share_alike_required"": true}"
puzzleworld-sandwiches-a7b245555b,PuzzleWorld,Sandwiches,,logic_constraints,geometry_spatial | cryptography_ciphers,logical_inference | constraint_propagation | spatial_visualization | visual_decoding | encoding_decoding | indexing_extraction | meta_extraction | combinatorial_counting,image_puzzle | multi_part | meta_puzzle | logic_grid,"Title: Sandwiches

Tea sandwiches come in a variety of shapes, and our chef finds the triangular ones extra fun because they can be used to make some very intricate arrangements.
 These sandwiches can be paired off to form a square with a line drawn along its diagonal.
 Each grid square has two options: either the diagonal is one that goes from the bottom left to the top right corner, or it is not, in which case it goes from the top left to the bottom right.

 A huge tray of these sandwiches has been put together so that:
 1) Each square has a diagonal line.
 2) Each number in the grid represents how many diagonal lines meet at that corner.
 3) The diagonal lines never form any closed interior regions (not counting the grid lines).
 4) A few diagonal lines are shown to get you started. What is the only kind of cheese missing from this sandwich arrangement?

The complete puzzle statement and its visual/structured clues are in the required question asset(s):
- https://huggingface.co/datasets/hzli1202/PuzzleWorld/resolve/23a11d81b89ff4d39525a8867a99285e4c7dee61/data/Sandwiches/content.png

Return the short canonical final answer.",CREAM,"1. To solve the grid: Any 0 needs all diagonals avoiding the circle.

2. To solve the grid: Any 2 on the border needs both diagonals touching.

3. To solve the grid: Numbers where some information is already known can sometimes be solved. This is true for example when a 2 has two diagonals avoiding it or 2 diagonals touching. For 3 this is true when there are 3 diagonals touching or 1 diagonal avoiding. Etc.

4. To solve the grid: Loops cannot be formed, so once there are three diagonals that form 3 sides of a diamond, the fourth diagonal needs to point the opposite way that the diamond's side would.

5. To solve the grid: The previous step is true when the diamond is 1x2 in lengths.

6. To solve the grid: Any time there are two 1s next to each other, the diagonals behind them (in the shaded squares at right) must avoid touching those 1s.

7. Now converting the 5 sets of 5 highlighted squares in the grid into binary, using the bolded flavor text to tell us diagonals from bottom left to top right are 1s and diagonals from top left to bottom right are 0s, we get the final answer.","{""bucket"": ""hard"", ""evidence"": ""upstream PuzzleWorld label""}",needs_review,True,"{""answer_only_scorable"": true, ""benchmark_core"": true, ""counts_toward_official_topic_score"": true, ""scoring_metric"": ""binary_accuracy"", ""time_limit_minutes"": 30, ""topic_scoring_group"": ""logic_constraints"", ""track"": ""answer_only_upstream_hard_core""}","{""collection"": ""PuzzleWorld"", ""dataset_revision"": ""23a11d81b89ff4d39525a8867a99285e4c7dee61"", ""dataset_url"": ""https://huggingface.co/datasets/hzli1202/PuzzleWorld"", ""metadata_url"": ""https://huggingface.co/datasets/hzli1202/PuzzleWorld/resolve/23a11d81b89ff4d39525a8867a99285e4c7dee61/all_metadata.jsonl"", ""original_puzzled_pint_url"": ""https://puzzledpint.org/wp-content/uploads/2023/12/AfternoonTea_MainSet2.pdf"", ""publisher"": ""MIT-MI / PuzzleWorld authors"", ""repository_revision_audited"": ""0a8fbcbd33c86a29a37f7348e1eb40315e17f5c2"", ""repository_url"": ""https://github.com/MIT-MI/PuzzleWorld""}","{""license"": {""dataset_card_evidence_url"": ""https://huggingface.co/datasets/hzli1202/PuzzleWorld/raw/23a11d81b89ff4d39525a8867a99285e4c7dee61/README.md"", ""name"": ""Creative Commons Attribution-NonCommercial-ShareAlike 4.0 International"", ""original_publisher_evidence_url"": ""https://puzzledpint.org/volunteering/write-puzzles/#license"", ""scope_note"": ""The pinned Hugging Face card front matter and repository tag say cc-by-nc-sa-4.0. Puzzled Pint states that all submitted puzzles use CC BY-NC-SA 4.0 and that authors retain copyright."", ""spdx"": ""CC-BY-NC-SA-4.0"", ""url"": ""https://creativecommons.org/licenses/by-nc-sa/4.0/""}, ""noncommercial"": true, ""permission_required_for_commercial"": true, ""redistribution_scope"": ""noncommercial_sharealike_only"", ""release_track"": ""noncommercial_sharealike"", ""rights_status"": ""cc_by_nc_sa_4_0_noncommercial_attribution_review_required"", ""share_alike_required"": true}"
puzzleworld-sashimi-a15d856148,PuzzleWorld,Sashimi,,logic_constraints,cryptography_ciphers | geometry_spatial,logical_inference | constraint_propagation | encoding_decoding | indexing_extraction | meta_extraction | spatial_visualization | visual_decoding,image_puzzle | multi_part | meta_puzzle | logic_grid | cryptogram,"Title: Sashimi

Katie pulled out her chopsticks and prepared to explain the next sushi lesson, but Stephanie cut her off: ""Oh, could you please teach me how to use chopsticks?"" Katie smiled. ""It takes some practice, but here among these puzzle pieces are some illustrations of how not to use chopsticks – along with some dishes of wasabi – because you can never have too much wasabi! Now... next up, we have sashimi. Technically, it's not really sushi, since there's no rice in it. But outside of Japan, many people use the terms sushi and sashimi interchangeably, so we will be lumping it into our sushi lesson as well. Typically eaten with soy sauce and wasabi, sashimi is fresh uncooked fish that has been sliced into many small pieces."" ""Hm,"" Stephanie said. ""Sounds like ______________!"" The quality of this fish is excellent – all the cuts are a 10 out of 10!

The complete puzzle statement and its visual/structured clues are in the required question asset(s):
- https://huggingface.co/datasets/hzli1202/PuzzleWorld/resolve/23a11d81b89ff4d39525a8867a99285e4c7dee61/data/Sashimi/content.png

Return the short canonical final answer.",A RAW DEAL,"1. Look at the diagram that resembles a placemat with chopsticks. Notice it's divided into a grid with fractions written on the sides.

2. Study the puzzle instructions which mention ""The numbers on adjacent sides must add up to 10.""

3. Examine each cell in the grid and identify which pairs of adjacent fractions add up to 10. For example, 1/6 and 9/6 add up to 10/6, which simplifies to 5/3.

4. For each cell where adjacent fractions add up to 10, note the chopstick or wasabi dish image in that cell.

5. Observe that the chopsticks and wasabi dishes in these cells create patterns that resemble symbols from the Pigpen cipher, a classic substitution cipher.

6. Decode each Pigpen symbol to its corresponding letter. The Pigpen cipher uses a grid system where letters are represented by the shape of the 'pen' around them.

7. Notice that the decoded letters spell out 'A RAW DEAL', which fits the blank in Stephanie's statement and relates to sashimi being uncooked (raw) fish.

8. The final answer ""A RAW DEAL"" also makes a pun, as sashimi is literally a ""raw deal"" of fish, and the phrase also means an unfair arrangement.","{""bucket"": ""hard"", ""evidence"": ""upstream PuzzleWorld label""}",needs_review,True,"{""answer_only_scorable"": true, ""benchmark_core"": true, ""counts_toward_official_topic_score"": true, ""scoring_metric"": ""binary_accuracy"", ""time_limit_minutes"": 30, ""topic_scoring_group"": ""logic_constraints"", ""track"": ""answer_only_upstream_hard_core""}","{""collection"": ""PuzzleWorld"", ""dataset_revision"": ""23a11d81b89ff4d39525a8867a99285e4c7dee61"", ""dataset_url"": ""https://huggingface.co/datasets/hzli1202/PuzzleWorld"", ""metadata_url"": ""https://huggingface.co/datasets/hzli1202/PuzzleWorld/resolve/23a11d81b89ff4d39525a8867a99285e4c7dee61/all_metadata.jsonl"", ""original_puzzled_pint_url"": null, ""publisher"": ""MIT-MI / PuzzleWorld authors"", ""repository_revision_audited"": ""0a8fbcbd33c86a29a37f7348e1eb40315e17f5c2"", ""repository_url"": ""https://github.com/MIT-MI/PuzzleWorld""}","{""license"": {""dataset_card_evidence_url"": ""https://huggingface.co/datasets/hzli1202/PuzzleWorld/raw/23a11d81b89ff4d39525a8867a99285e4c7dee61/README.md"", ""name"": ""Creative Commons Attribution-NonCommercial-ShareAlike 4.0 International"", ""original_publisher_evidence_url"": ""https://puzzledpint.org/volunteering/write-puzzles/#license"", ""scope_note"": ""The pinned Hugging Face card front matter and repository tag say cc-by-nc-sa-4.0. Puzzled Pint states that all submitted puzzles use CC BY-NC-SA 4.0 and that authors retain copyright."", ""spdx"": ""CC-BY-NC-SA-4.0"", ""url"": ""https://creativecommons.org/licenses/by-nc-sa/4.0/""}, ""noncommercial"": true, ""permission_required_for_commercial"": true, ""redistribution_scope"": ""noncommercial_sharealike_only"", ""release_track"": ""noncommercial_sharealike"", ""rights_status"": ""cc_by_nc_sa_4_0_noncommercial_attribution_review_required"", ""share_alike_required"": true}"
puzzleworld-searching-for-artifacts-bce6e2e6cd,PuzzleWorld,Searching for Artifacts,,logic_constraints,word_language | geometry_spatial,logical_inference | constraint_propagation | wordplay | lexical_search | spatial_visualization | visual_decoding | information_synthesis | word_search | indexing_extraction | exhaustive_search,multi_part | word_puzzle | logic_grid | word_search,"Title: Searching for Artifacts

Weir caught wind of a hidden Ancient artifact and sent you to find and retrieve it, but as usual it's not gonna be straightforward. This is basically a word search, except the words snake orthogonally around the grid. Circle the letters and connect them with lines. Circled and crossed out letters cannot be used in other words, but the lines can cross over within and between words.

The complete puzzle statement and its visual/structured clues are in the required question asset(s):
- https://huggingface.co/datasets/hzli1202/PuzzleWorld/resolve/23a11d81b89ff4d39525a8867a99285e4c7dee61/data/Searching_For_Artifacts/content.png

Return the short canonical final answer.",ZERO POINT MODULE,"1. Answer each clue with an answer that matches the clue description and length.

2. Find each word in the word search using the way that the flavortext describes.
   Reasoning figure: https://huggingface.co/datasets/hzli1202/PuzzleWorld/resolve/23a11d81b89ff4d39525a8867a99285e4c7dee61/data/Searching_For_Artifacts/figure1.png

3. Extract the final answer by reading out the remaining characters, which spells ""ZERO POINT MODULE"".","{""bucket"": ""hard"", ""evidence"": ""upstream PuzzleWorld label""}",needs_review,True,"{""answer_only_scorable"": true, ""benchmark_core"": true, ""counts_toward_official_topic_score"": true, ""scoring_metric"": ""binary_accuracy"", ""time_limit_minutes"": 30, ""topic_scoring_group"": ""logic_constraints"", ""track"": ""answer_only_upstream_hard_core""}","{""collection"": ""PuzzleWorld"", ""dataset_revision"": ""23a11d81b89ff4d39525a8867a99285e4c7dee61"", ""dataset_url"": ""https://huggingface.co/datasets/hzli1202/PuzzleWorld"", ""metadata_url"": ""https://huggingface.co/datasets/hzli1202/PuzzleWorld/resolve/23a11d81b89ff4d39525a8867a99285e4c7dee61/all_metadata.jsonl"", ""original_puzzled_pint_url"": ""https://puzzledpint.org/archive-files/6015/1890/1386/Searching_for_Artifacts.pdf"", ""publisher"": ""MIT-MI / PuzzleWorld authors"", ""repository_revision_audited"": ""0a8fbcbd33c86a29a37f7348e1eb40315e17f5c2"", ""repository_url"": ""https://github.com/MIT-MI/PuzzleWorld""}","{""license"": {""dataset_card_evidence_url"": ""https://huggingface.co/datasets/hzli1202/PuzzleWorld/raw/23a11d81b89ff4d39525a8867a99285e4c7dee61/README.md"", ""name"": ""Creative Commons Attribution-NonCommercial-ShareAlike 4.0 International"", ""original_publisher_evidence_url"": ""https://puzzledpint.org/volunteering/write-puzzles/#license"", ""scope_note"": ""The pinned Hugging Face card front matter and repository tag say cc-by-nc-sa-4.0. Puzzled Pint states that all submitted puzzles use CC BY-NC-SA 4.0 and that authors retain copyright."", ""spdx"": ""CC-BY-NC-SA-4.0"", ""url"": ""https://creativecommons.org/licenses/by-nc-sa/4.0/""}, ""noncommercial"": true, ""permission_required_for_commercial"": true, ""redistribution_scope"": ""noncommercial_sharealike_only"", ""release_track"": ""noncommercial_sharealike"", ""rights_status"": ""cc_by_nc_sa_4_0_noncommercial_attribution_review_required"", ""share_alike_required"": true}"
puzzleworld-setting-up-a-game-02440c73e7,PuzzleWorld,Setting Up A Game,,logic_constraints,geometry_spatial | cryptography_ciphers,logical_inference | constraint_propagation | spatial_visualization | visual_decoding | encoding_decoding | indexing_extraction | meta_extraction | tiling_packing,image_puzzle | multi_part | meta_puzzle | logic_grid,"Title: Setting Up A Game

Setting up the chessboard is quite simple - each row and column contains exactly one pawn, rook, bishop, queen, king, and an empty tile. The correct setup is detailed below (shown edge-on for simplicity).

The complete puzzle statement and its visual/structured clues are in the required question asset(s):
- https://huggingface.co/datasets/hzli1202/PuzzleWorld/resolve/23a11d81b89ff4d39525a8867a99285e4c7dee61/data/Setting_Up_A_Game/content.png

Return the short canonical final answer.",KNIGHT,"1. This puzzle shows a chess board with letters in each square instead of chess pieces. We're told that each row and column should contain exactly one pawn, rook, bishop, queen, king, and an empty tile.

2. Looking at the illustrated board, we need to figure out which piece is represented by each letter. At the bottom of the puzzle page, there's a blank line that reads '__ / ____ / ______ / ______ / ______ / ______ / _____'. This suggests we need to find a hidden message.

3. The key insight is that we need to assign a chess piece to each position on the board based on the constraint that each row and column has exactly one of each piece type plus one empty tile. This is like solving a logic puzzle.

4. The solution shows that the pieces are distributed across the board as follows: Pawns (P), Rooks (R), Bishops (B), Queens (Q), Kings (K), and empty tiles. Each letter on the board gets assigned to one of these piece types.

5. Once we've determined which piece type goes on each square, we need to group all the letters that share the same piece type.

6. We start with the empty tiles, then proceed by piece height (shortest to tallest): pawn, rook, bishop, queen, and king. Collecting the letters in this order gives us a message.

7. The empty tiles spell 'IN', the pawns spell 'THIS', the rooks spell 'PUZZLE', the bishops spell 'ANSWER', the queens spell 'EQUALS', and the kings spell 'MISSING PIECE'.

8. So the complete message is 'IN THIS PUZZLE ANSWER EQUALS MISSING PIECE'.

9. Looking at what pieces we've used (pawn, rook, bishop, queen, king, and empty tile), we notice that one standard chess piece is missing: the knight.

10. Therefore, our answer is 'KNIGHT'.","{""bucket"": ""hard"", ""evidence"": ""upstream PuzzleWorld label""}",needs_review,True,"{""answer_only_scorable"": true, ""benchmark_core"": true, ""counts_toward_official_topic_score"": true, ""scoring_metric"": ""binary_accuracy"", ""time_limit_minutes"": 30, ""topic_scoring_group"": ""logic_constraints"", ""track"": ""answer_only_upstream_hard_core""}","{""collection"": ""PuzzleWorld"", ""dataset_revision"": ""23a11d81b89ff4d39525a8867a99285e4c7dee61"", ""dataset_url"": ""https://huggingface.co/datasets/hzli1202/PuzzleWorld"", ""metadata_url"": ""https://huggingface.co/datasets/hzli1202/PuzzleWorld/resolve/23a11d81b89ff4d39525a8867a99285e4c7dee61/all_metadata.jsonl"", ""original_puzzled_pint_url"": null, ""publisher"": ""MIT-MI / PuzzleWorld authors"", ""repository_revision_audited"": ""0a8fbcbd33c86a29a37f7348e1eb40315e17f5c2"", ""repository_url"": ""https://github.com/MIT-MI/PuzzleWorld""}","{""license"": {""dataset_card_evidence_url"": ""https://huggingface.co/datasets/hzli1202/PuzzleWorld/raw/23a11d81b89ff4d39525a8867a99285e4c7dee61/README.md"", ""name"": ""Creative Commons Attribution-NonCommercial-ShareAlike 4.0 International"", ""original_publisher_evidence_url"": ""https://puzzledpint.org/volunteering/write-puzzles/#license"", ""scope_note"": ""The pinned Hugging Face card front matter and repository tag say cc-by-nc-sa-4.0. Puzzled Pint states that all submitted puzzles use CC BY-NC-SA 4.0 and that authors retain copyright."", ""spdx"": ""CC-BY-NC-SA-4.0"", ""url"": ""https://creativecommons.org/licenses/by-nc-sa/4.0/""}, ""noncommercial"": true, ""permission_required_for_commercial"": true, ""redistribution_scope"": ""noncommercial_sharealike_only"", ""release_track"": ""noncommercial_sharealike"", ""rights_status"": ""cc_by_nc_sa_4_0_noncommercial_attribution_review_required"", ""share_alike_required"": true}"
puzzleworld-shuffleboard-de008594bb,PuzzleWorld,Shuffleboard,,logic_constraints,mixed_meta | geometry_spatial,logical_inference | constraint_propagation | external_knowledge_linking | spatial_visualization | visual_decoding,image_puzzle | multi_part | logic_grid,"Title: Shuffleboard

Being a lifeguard can often be boring, so Jack and Richard passed the time by playing shuffleboard. Lord knows they needed the practice! The outcomes of the games are below, although the last puck from each round is missing. The last show was always alone in a missing section. Place the missing shots. When they had finished, Jack said to Richard something along the lines of these games being the highlight of his morning. They split the yellow pucks from the black, then stowed all the pucks neatly away. (What else was in the community center's supply closet?)

The complete puzzle statement and its visual/structured clues are in the required question asset(s):
- https://huggingface.co/datasets/hzli1202/PuzzleWorld/resolve/23a11d81b89ff4d39525a8867a99285e4c7dee61/data/shuffleboard/content.png

Return the short canonical final answer.",STARCHART,"1. Identify missing pucks by using the given point values per shuffled board and subtracting the points that are already on the board.

2. Correctly place the missing pucks onto the board such that they complete the game's point tally's.
   Reasoning figure: https://huggingface.co/datasets/hzli1202/PuzzleWorld/resolve/23a11d81b89ff4d39525a8867a99285e4c7dee61/data/shuffleboard/figure1.png

3. Draw lines that seperate the yellow pucks from the black pucks, per the flavor text.
   Reasoning figure: https://huggingface.co/datasets/hzli1202/PuzzleWorld/resolve/23a11d81b89ff4d39525a8867a99285e4c7dee61/data/shuffleboard/figure1.png

4. Read the lines on each board. It spells STARCHART.","{""bucket"": ""hard"", ""evidence"": ""upstream PuzzleWorld label""}",needs_review,True,"{""answer_only_scorable"": true, ""benchmark_core"": true, ""counts_toward_official_topic_score"": true, ""scoring_metric"": ""binary_accuracy"", ""time_limit_minutes"": 30, ""topic_scoring_group"": ""logic_constraints"", ""track"": ""answer_only_upstream_hard_core""}","{""collection"": ""PuzzleWorld"", ""dataset_revision"": ""23a11d81b89ff4d39525a8867a99285e4c7dee61"", ""dataset_url"": ""https://huggingface.co/datasets/hzli1202/PuzzleWorld"", ""metadata_url"": ""https://huggingface.co/datasets/hzli1202/PuzzleWorld/resolve/23a11d81b89ff4d39525a8867a99285e4c7dee61/all_metadata.jsonl"", ""original_puzzled_pint_url"": ""https://puzzledpint.org/archive-puzzles/puzzles-may_2012/"", ""publisher"": ""MIT-MI / PuzzleWorld authors"", ""repository_revision_audited"": ""0a8fbcbd33c86a29a37f7348e1eb40315e17f5c2"", ""repository_url"": ""https://github.com/MIT-MI/PuzzleWorld""}","{""license"": {""dataset_card_evidence_url"": ""https://huggingface.co/datasets/hzli1202/PuzzleWorld/raw/23a11d81b89ff4d39525a8867a99285e4c7dee61/README.md"", ""name"": ""Creative Commons Attribution-NonCommercial-ShareAlike 4.0 International"", ""original_publisher_evidence_url"": ""https://puzzledpint.org/volunteering/write-puzzles/#license"", ""scope_note"": ""The pinned Hugging Face card front matter and repository tag say cc-by-nc-sa-4.0. Puzzled Pint states that all submitted puzzles use CC BY-NC-SA 4.0 and that authors retain copyright."", ""spdx"": ""CC-BY-NC-SA-4.0"", ""url"": ""https://creativecommons.org/licenses/by-nc-sa/4.0/""}, ""noncommercial"": true, ""permission_required_for_commercial"": true, ""redistribution_scope"": ""noncommercial_sharealike_only"", ""release_track"": ""noncommercial_sharealike"", ""rights_status"": ""cc_by_nc_sa_4_0_noncommercial_attribution_review_required"", ""share_alike_required"": true}"
puzzleworld-sidequests-d414351b77,PuzzleWorld,Sidequests,,logic_constraints,word_language | cryptography_ciphers,logical_inference | constraint_propagation | wordplay | lexical_search | encoding_decoding | indexing_extraction | meta_extraction,word_puzzle | meta_puzzle,"Title: Sidequests

In addition to her spiritfarer duties, Stella sometimes assists spirits who live in towns and islands. She goes to an island looking for a sidequest, where there is a line of spirits waiting for the ice cream shop to open. She checks if each spirit needs any help. She notices that as she moves from the front to the back of the line, there is a pair of spirits standing next to each other that somehow show up again later down the line. The pattern is ...123...423...

The complete puzzle statement and its visual/structured clues are in the required question asset(s):
- https://huggingface.co/datasets/hzli1202/PuzzleWorld/resolve/23a11d81b89ff4d39525a8867a99285e4c7dee61/data/Sidequests/content.png

Return the short canonical final answer.",SHENANIGANS,"1. Read through the 11 clues that describe different tasks Stella is asked to perform. Each task will lead to a two-word answer that follows the pattern mentioned in the flavor text.

2. For clue 1, identify that a seafood restaurant chef asking for fishing help with 'indirect suggestions' leads to the answer 'FISHING HINTS'.

3. For clue 2, 'refining iron with heat' and 'hammering and forging' leads to 'SMELTING SMITHING'.

4. Continue solving each clue to get all answers: 'LAST SEAS', 'ELEPHANT NANNY', 'PLATFORM ART FORM', 'SNOWY TOWERS', 'SALMON POTION', 'SCARY GARMENTS', 'ORDERS ORCHARDS', 'CHICKEN HICCUPS', and 'SOME LOOMS'.

5. Notice that each answer has a repeated sequence of letters that matches the pattern '...123...423...'. For example, in 'FISHING HINTS', the 'IN' appears in positions 4-5 and then again in positions 8-9.

6. For each answer, identify the letters that come before each occurrence of the repeated sequence. In 'FISHING HINTS', these are 'S' before the first 'IN' and 'H' before the second 'IN'.

7. The flavor text hints at a pattern of 1,2,3 appearing and then 4,2,3 appearing. This suggests a rule: look at the original clue text and if 'one' appears in it, take the left letter; if 'four' appears, take the right letter.

8. Apply this rule to each answer. Clue 1 mentions 'One seafood restaurant', so take 'S' from FISHING HINTS. Clue 2 mentions 'four carts', so take 'H' from SMELTING SMITHING, and so on.

9. Continuing this process for all clues gives: S, H, E, N, A, N, I, G, A, N, S, which spells 'SHENANIGANS'.","{""bucket"": ""hard"", ""evidence"": ""upstream PuzzleWorld label""}",needs_review,True,"{""answer_only_scorable"": true, ""benchmark_core"": true, ""counts_toward_official_topic_score"": true, ""scoring_metric"": ""binary_accuracy"", ""time_limit_minutes"": 30, ""topic_scoring_group"": ""logic_constraints"", ""track"": ""answer_only_upstream_hard_core""}","{""collection"": ""PuzzleWorld"", ""dataset_revision"": ""23a11d81b89ff4d39525a8867a99285e4c7dee61"", ""dataset_url"": ""https://huggingface.co/datasets/hzli1202/PuzzleWorld"", ""metadata_url"": ""https://huggingface.co/datasets/hzli1202/PuzzleWorld/resolve/23a11d81b89ff4d39525a8867a99285e4c7dee61/all_metadata.jsonl"", ""original_puzzled_pint_url"": null, ""publisher"": ""MIT-MI / PuzzleWorld authors"", ""repository_revision_audited"": ""0a8fbcbd33c86a29a37f7348e1eb40315e17f5c2"", ""repository_url"": ""https://github.com/MIT-MI/PuzzleWorld""}","{""license"": {""dataset_card_evidence_url"": ""https://huggingface.co/datasets/hzli1202/PuzzleWorld/raw/23a11d81b89ff4d39525a8867a99285e4c7dee61/README.md"", ""name"": ""Creative Commons Attribution-NonCommercial-ShareAlike 4.0 International"", ""original_publisher_evidence_url"": ""https://puzzledpint.org/volunteering/write-puzzles/#license"", ""scope_note"": ""The pinned Hugging Face card front matter and repository tag say cc-by-nc-sa-4.0. Puzzled Pint states that all submitted puzzles use CC BY-NC-SA 4.0 and that authors retain copyright."", ""spdx"": ""CC-BY-NC-SA-4.0"", ""url"": ""https://creativecommons.org/licenses/by-nc-sa/4.0/""}, ""noncommercial"": true, ""permission_required_for_commercial"": true, ""redistribution_scope"": ""noncommercial_sharealike_only"", ""release_track"": ""noncommercial_sharealike"", ""rights_status"": ""cc_by_nc_sa_4_0_noncommercial_attribution_review_required"", ""share_alike_required"": true}"
puzzleworld-skull-and-bones-06f8ad19a3,PuzzleWorld,Skull and Bones,,logic_constraints,cryptography_ciphers | word_language,logical_inference | constraint_propagation | encoding_decoding | indexing_extraction | meta_extraction | wordplay | lexical_search,image_puzzle | word_puzzle | meta_puzzle | cryptogram,"Title: Skull and Bones

Yale's secret society is Skull and Bones. Below you will find some of its famous members  
(""Bonesmen""), along with the year they were tapped. Figure out how to decode the hidden  
messages among the facts to determine what they care about. Searching public libraries  
for additional information on these secret society members won't help you.

The complete puzzle statement and its visual/structured clues are in the required question asset(s):
- https://huggingface.co/datasets/hzli1202/PuzzleWorld/resolve/23a11d81b89ff4d39525a8867a99285e4c7dee61/data/Skull_and_Bones/content.png

Return the short canonical final answer.",JUST ME,"1. For each person, index each digit in the given year into the corresponding fact for that person, giving L O G O, S U M I, N D E X, F R O M, E N D.

2. Recognize that the extracted letters correspond to LOGO SUM INDEX FROM END.

3. Following the extracted letters, using the number 322 from the logo, recognize that the sum of 3 + 2 + 2 = 7.

4. Extracting the letters by indexing the 7th letter from the end of each fact, you get the following: F I N A, L A N S, W E R I, S J U S, T M E.

5. The final message spells out FINAL ANSWER IS JUST ME, meaning that the answer is JUST ME.","{""bucket"": ""hard"", ""evidence"": ""upstream PuzzleWorld label""}",needs_review,True,"{""answer_only_scorable"": true, ""benchmark_core"": true, ""counts_toward_official_topic_score"": true, ""scoring_metric"": ""binary_accuracy"", ""time_limit_minutes"": 30, ""topic_scoring_group"": ""logic_constraints"", ""track"": ""answer_only_upstream_hard_core""}","{""collection"": ""PuzzleWorld"", ""dataset_revision"": ""23a11d81b89ff4d39525a8867a99285e4c7dee61"", ""dataset_url"": ""https://huggingface.co/datasets/hzli1202/PuzzleWorld"", ""metadata_url"": ""https://huggingface.co/datasets/hzli1202/PuzzleWorld/resolve/23a11d81b89ff4d39525a8867a99285e4c7dee61/all_metadata.jsonl"", ""original_puzzled_pint_url"": ""https://puzzledpint.org/archive-files/9414/6992/4763/Skull_and_Bones.pdf"", ""publisher"": ""MIT-MI / PuzzleWorld authors"", ""repository_revision_audited"": ""0a8fbcbd33c86a29a37f7348e1eb40315e17f5c2"", ""repository_url"": ""https://github.com/MIT-MI/PuzzleWorld""}","{""license"": {""dataset_card_evidence_url"": ""https://huggingface.co/datasets/hzli1202/PuzzleWorld/raw/23a11d81b89ff4d39525a8867a99285e4c7dee61/README.md"", ""name"": ""Creative Commons Attribution-NonCommercial-ShareAlike 4.0 International"", ""original_publisher_evidence_url"": ""https://puzzledpint.org/volunteering/write-puzzles/#license"", ""scope_note"": ""The pinned Hugging Face card front matter and repository tag say cc-by-nc-sa-4.0. Puzzled Pint states that all submitted puzzles use CC BY-NC-SA 4.0 and that authors retain copyright."", ""spdx"": ""CC-BY-NC-SA-4.0"", ""url"": ""https://creativecommons.org/licenses/by-nc-sa/4.0/""}, ""noncommercial"": true, ""permission_required_for_commercial"": true, ""redistribution_scope"": ""noncommercial_sharealike_only"", ""release_track"": ""noncommercial_sharealike"", ""rights_status"": ""cc_by_nc_sa_4_0_noncommercial_attribution_review_required"", ""share_alike_required"": true}"
puzzleworld-snow-blindness-1e4f806ccc,PuzzleWorld,Snow Blindness,,logic_constraints,cryptography_ciphers,logical_inference | constraint_propagation | encoding_decoding | indexing_extraction | meta_extraction | spatial_visualization,image_puzzle | multi_part | meta_puzzle | logic_grid,"Title: Snow Blindness

What a blizzard to be caught in! You can't see even one car length in front of you. And you just don't feel the Datsun 280z with bald tires and broken wipers is the best car to be handling this kind of weather. Given your past record of porr driving decisions, you decide to pull over and wait this one out. And as you reflect upon the beautiful 6 fold symmetry of a single crystalline snowflake landing on your windshield, you wish there were some way to erase all those mistakes and just start with a clean slate.

The complete puzzle statement and its visual/structured clues are in the required question asset(s):
- https://huggingface.co/datasets/hzli1202/PuzzleWorld/resolve/23a11d81b89ff4d39525a8867a99285e4c7dee61/data/snow_blindness/content.png

Return the short canonical final answer.",WINTER WHITEOUT,"1. Follow the six-fold symmetry to shade the correct hexagons. The large numbers indicate how many adjacent hexagons are shaded.
   Reasoning figure: https://huggingface.co/datasets/hzli1202/PuzzleWorld/resolve/23a11d81b89ff4d39525a8867a99285e4c7dee61/data/snow_blindness/figure1.png

2. Interpret the 2x3 arrays of hexagons as Braille patterns, with the smaller number indicating the index of that letter in the solution.

3. Extract all letters using braille and insert them in the correct index to obtain the solution: WINTER WHITEOUT","{""bucket"": ""hard"", ""evidence"": ""upstream PuzzleWorld label""}",needs_review,True,"{""answer_only_scorable"": true, ""benchmark_core"": true, ""counts_toward_official_topic_score"": true, ""scoring_metric"": ""binary_accuracy"", ""time_limit_minutes"": 30, ""topic_scoring_group"": ""logic_constraints"", ""track"": ""answer_only_upstream_hard_core""}","{""collection"": ""PuzzleWorld"", ""dataset_revision"": ""23a11d81b89ff4d39525a8867a99285e4c7dee61"", ""dataset_url"": ""https://huggingface.co/datasets/hzli1202/PuzzleWorld"", ""metadata_url"": ""https://huggingface.co/datasets/hzli1202/PuzzleWorld/resolve/23a11d81b89ff4d39525a8867a99285e4c7dee61/all_metadata.jsonl"", ""original_puzzled_pint_url"": null, ""publisher"": ""MIT-MI / PuzzleWorld authors"", ""repository_revision_audited"": ""0a8fbcbd33c86a29a37f7348e1eb40315e17f5c2"", ""repository_url"": ""https://github.com/MIT-MI/PuzzleWorld""}","{""license"": {""dataset_card_evidence_url"": ""https://huggingface.co/datasets/hzli1202/PuzzleWorld/raw/23a11d81b89ff4d39525a8867a99285e4c7dee61/README.md"", ""name"": ""Creative Commons Attribution-NonCommercial-ShareAlike 4.0 International"", ""original_publisher_evidence_url"": ""https://puzzledpint.org/volunteering/write-puzzles/#license"", ""scope_note"": ""The pinned Hugging Face card front matter and repository tag say cc-by-nc-sa-4.0. Puzzled Pint states that all submitted puzzles use CC BY-NC-SA 4.0 and that authors retain copyright."", ""spdx"": ""CC-BY-NC-SA-4.0"", ""url"": ""https://creativecommons.org/licenses/by-nc-sa/4.0/""}, ""noncommercial"": true, ""permission_required_for_commercial"": true, ""redistribution_scope"": ""noncommercial_sharealike_only"", ""release_track"": ""noncommercial_sharealike"", ""rights_status"": ""cc_by_nc_sa_4_0_noncommercial_attribution_review_required"", ""share_alike_required"": true}"
puzzleworld-solve-this-dialect-puzzle-and-we-ll-tell-you-where-you-were-born-d31d7dbb68,PuzzleWorld,Solve This Dialect Puzzle and We'll Tell You Where You Were Born,,logic_constraints,word_language,logical_inference | constraint_propagation | wordplay | lexical_search | pathfinding,multi_part | word_puzzle | logic_grid | path_route,"Title: Solve This Dialect Puzzle and We'll Tell You Where You Were Born

We've filled this dialect map with words. A lot of them are analogous to each other.

The complete puzzle statement and its visual/structured clues are in the required question asset(s):
- https://huggingface.co/datasets/hzli1202/PuzzleWorld/resolve/23a11d81b89ff4d39525a8867a99285e4c7dee61/data/Solve_This_Dialect_Puzzle_and_Well_Tell_You_Where_You_Were_Born/content.png

Return the short canonical final answer.",BUDAPEST,"1. The puzzle consists of a grid filled with words and empty spaces. The hint states that words are 'analogous to each other'.

2. Looking at the filled-in words, we can see patterns that suggest analogies. For example, in the first row: NICKEL : DIME :: YEAR : _____.

3. The solution is to identify these analogies and fill in the missing terms. Words that are equally spaced in the grid form these analogies.

4. For the first row, we have NICKEL : DIME (both coins) :: YEAR : MONTH (both time periods).

5. Similarly, YESTERDAY : TODAY :: PAST : PRESENT, and so on for each empty cell in the grid.

6. Working through the grid systematically, we can fill in words like: MONTH, PRESENT, TONY, FILM, LION, ENTREE, MEN, OSCAR, MENU, PAPA, PER, KILO, PERU, LOKI, LIMA, CHIN, HUNGARY, HUNG, FLOOR, CAN, INCH, SIGN, DOES.

7. After filling in all the analogies, the solution indicates a path through specific cells in the grid, highlighted in green.

8. Following this path from the star in the bottom left corner through the cells with HUNGARY, KILO, PERU, LIMA, etc., we reach the answer: BUDAPEST.","{""bucket"": ""hard"", ""evidence"": ""upstream PuzzleWorld label""}",needs_review,True,"{""answer_only_scorable"": true, ""benchmark_core"": true, ""counts_toward_official_topic_score"": true, ""scoring_metric"": ""binary_accuracy"", ""time_limit_minutes"": 30, ""topic_scoring_group"": ""logic_constraints"", ""track"": ""answer_only_upstream_hard_core""}","{""collection"": ""PuzzleWorld"", ""dataset_revision"": ""23a11d81b89ff4d39525a8867a99285e4c7dee61"", ""dataset_url"": ""https://huggingface.co/datasets/hzli1202/PuzzleWorld"", ""metadata_url"": ""https://huggingface.co/datasets/hzli1202/PuzzleWorld/resolve/23a11d81b89ff4d39525a8867a99285e4c7dee61/all_metadata.jsonl"", ""original_puzzled_pint_url"": null, ""publisher"": ""MIT-MI / PuzzleWorld authors"", ""repository_revision_audited"": ""0a8fbcbd33c86a29a37f7348e1eb40315e17f5c2"", ""repository_url"": ""https://github.com/MIT-MI/PuzzleWorld""}","{""license"": {""dataset_card_evidence_url"": ""https://huggingface.co/datasets/hzli1202/PuzzleWorld/raw/23a11d81b89ff4d39525a8867a99285e4c7dee61/README.md"", ""name"": ""Creative Commons Attribution-NonCommercial-ShareAlike 4.0 International"", ""original_publisher_evidence_url"": ""https://puzzledpint.org/volunteering/write-puzzles/#license"", ""scope_note"": ""The pinned Hugging Face card front matter and repository tag say cc-by-nc-sa-4.0. Puzzled Pint states that all submitted puzzles use CC BY-NC-SA 4.0 and that authors retain copyright."", ""spdx"": ""CC-BY-NC-SA-4.0"", ""url"": ""https://creativecommons.org/licenses/by-nc-sa/4.0/""}, ""noncommercial"": true, ""permission_required_for_commercial"": true, ""redistribution_scope"": ""noncommercial_sharealike_only"", ""release_track"": ""noncommercial_sharealike"", ""rights_status"": ""cc_by_nc_sa_4_0_noncommercial_attribution_review_required"", ""share_alike_required"": true}"
puzzleworld-suspects-f497c4caa3,PuzzleWorld,Suspects,,logic_constraints,geometry_spatial | mixed_meta,logical_inference | constraint_propagation | spatial_visualization | visual_decoding | external_knowledge_linking | information_synthesis | indexing_extraction | tiling_packing,image_puzzle,"Title: Suspects

The Abraham Nemeth mansion is hosting a dinner party. Invites go out and the guests prearrange before the party to hook up into couples. Each guest brings a partial six pack for his/her own secret stash. Each also brings a partial six pack of beer and places it on the table in a position such that their lover will know that it is for them (as shown below). Each guest consumes his/her private stash beer and then pairs that with the gifted beer his/her lover brought. Figure out who hooks up with whom at this mixer to learn what they discovered?

The complete puzzle statement and its visual/structured clues are in the required question asset(s):
- https://huggingface.co/datasets/hzli1202/PuzzleWorld/resolve/23a11d81b89ff4d39525a8867a99285e4c7dee61/data/Suspects/content.png

Return the short canonical final answer.",OPPOSITES ATTRACT,"1. Discover/identify the pairing of guest based on their position on the color wheel. Each person is paired with the person with the name color matching to the color wheel position.
   Reasoning figure: https://huggingface.co/datasets/hzli1202/PuzzleWorld/resolve/23a11d81b89ff4d39525a8867a99285e4c7dee61/data/Suspects/figure1.png

2. Discover the partially filled beer packs are Braille numerals.

3. Extract two letters from each guest using their own private beer back Braille numerals then add it with their partner's Braille numerals.

4. Extract the final answer by rearranging the letters extracted from every guest to get ""OPPOSITES ATTRACT"".","{""bucket"": ""hard"", ""evidence"": ""upstream PuzzleWorld label""}",needs_review,True,"{""answer_only_scorable"": true, ""benchmark_core"": true, ""counts_toward_official_topic_score"": true, ""scoring_metric"": ""binary_accuracy"", ""time_limit_minutes"": 30, ""topic_scoring_group"": ""logic_constraints"", ""track"": ""answer_only_upstream_hard_core""}","{""collection"": ""PuzzleWorld"", ""dataset_revision"": ""23a11d81b89ff4d39525a8867a99285e4c7dee61"", ""dataset_url"": ""https://huggingface.co/datasets/hzli1202/PuzzleWorld"", ""metadata_url"": ""https://huggingface.co/datasets/hzli1202/PuzzleWorld/resolve/23a11d81b89ff4d39525a8867a99285e4c7dee61/all_metadata.jsonl"", ""original_puzzled_pint_url"": ""https://puzzledpint.org/archive-files/2413/6375/7806/ks_qc_suspects_puzzle.pdf"", ""publisher"": ""MIT-MI / PuzzleWorld authors"", ""repository_revision_audited"": ""0a8fbcbd33c86a29a37f7348e1eb40315e17f5c2"", ""repository_url"": ""https://github.com/MIT-MI/PuzzleWorld""}","{""license"": {""dataset_card_evidence_url"": ""https://huggingface.co/datasets/hzli1202/PuzzleWorld/raw/23a11d81b89ff4d39525a8867a99285e4c7dee61/README.md"", ""name"": ""Creative Commons Attribution-NonCommercial-ShareAlike 4.0 International"", ""original_publisher_evidence_url"": ""https://puzzledpint.org/volunteering/write-puzzles/#license"", ""scope_note"": ""The pinned Hugging Face card front matter and repository tag say cc-by-nc-sa-4.0. Puzzled Pint states that all submitted puzzles use CC BY-NC-SA 4.0 and that authors retain copyright."", ""spdx"": ""CC-BY-NC-SA-4.0"", ""url"": ""https://creativecommons.org/licenses/by-nc-sa/4.0/""}, ""noncommercial"": true, ""permission_required_for_commercial"": true, ""redistribution_scope"": ""noncommercial_sharealike_only"", ""release_track"": ""noncommercial_sharealike"", ""rights_status"": ""cc_by_nc_sa_4_0_noncommercial_attribution_review_required"", ""share_alike_required"": true}"
puzzleworld-suspicious-characters-47de0b9fc9,PuzzleWorld,SUSPICIOUS CHARACTERS,,logic_constraints,mixed_meta | geometry_spatial,logical_inference | constraint_propagation | external_knowledge_linking | spatial_visualization | visual_decoding,image_puzzle | multi_part | logic_grid,"Title: SUSPICIOUS CHARACTERS

ALERT: Suspicious characters flagged during airport security sweep. ISOLATE groups who may be armed and dangerous. Time is of the essence!

The complete puzzle statement and its visual/structured clues are in the required question asset(s):
- https://huggingface.co/datasets/hzli1202/PuzzleWorld/resolve/23a11d81b89ff4d39525a8867a99285e4c7dee61/data/Suspicious_Characters/content.png

Return the short canonical final answer.",24,"1. The puzzle presents a radar display with various character names organized in a circular pattern, some of which are inside boxes.

2. We need to identify trios of related characters, using the boxed name as the center pivot point.

3. For example, HARRY, HERMIONE, and RON form a trio from Harry Potter, with HERMIONE being in a box.

4. When we connect these trios, each forms a shape that corresponds to a semaphore letter (a signaling system using flags).

5. There are three threat categories listed at the bottom of the page: HEROIC, TELEVISED, and MUSICAL.

6. Reading the semaphore letters for each category clockwise, we get: HEROIC = J-A-C-K, TELEVISED = T-E-R-I, and MUSICAL = K-I-M.

7. JACK, TERI, and KIM are all main characters from the TV show '24', which gives us our answer.

8. The override code to continue is therefore '24'.","{""bucket"": ""hard"", ""evidence"": ""upstream PuzzleWorld label""}",needs_review,True,"{""answer_only_scorable"": true, ""benchmark_core"": true, ""counts_toward_official_topic_score"": true, ""scoring_metric"": ""binary_accuracy"", ""time_limit_minutes"": 30, ""topic_scoring_group"": ""logic_constraints"", ""track"": ""answer_only_upstream_hard_core""}","{""collection"": ""PuzzleWorld"", ""dataset_revision"": ""23a11d81b89ff4d39525a8867a99285e4c7dee61"", ""dataset_url"": ""https://huggingface.co/datasets/hzli1202/PuzzleWorld"", ""metadata_url"": ""https://huggingface.co/datasets/hzli1202/PuzzleWorld/resolve/23a11d81b89ff4d39525a8867a99285e4c7dee61/all_metadata.jsonl"", ""original_puzzled_pint_url"": null, ""publisher"": ""MIT-MI / PuzzleWorld authors"", ""repository_revision_audited"": ""0a8fbcbd33c86a29a37f7348e1eb40315e17f5c2"", ""repository_url"": ""https://github.com/MIT-MI/PuzzleWorld""}","{""license"": {""dataset_card_evidence_url"": ""https://huggingface.co/datasets/hzli1202/PuzzleWorld/raw/23a11d81b89ff4d39525a8867a99285e4c7dee61/README.md"", ""name"": ""Creative Commons Attribution-NonCommercial-ShareAlike 4.0 International"", ""original_publisher_evidence_url"": ""https://puzzledpint.org/volunteering/write-puzzles/#license"", ""scope_note"": ""The pinned Hugging Face card front matter and repository tag say cc-by-nc-sa-4.0. Puzzled Pint states that all submitted puzzles use CC BY-NC-SA 4.0 and that authors retain copyright."", ""spdx"": ""CC-BY-NC-SA-4.0"", ""url"": ""https://creativecommons.org/licenses/by-nc-sa/4.0/""}, ""noncommercial"": true, ""permission_required_for_commercial"": true, ""redistribution_scope"": ""noncommercial_sharealike_only"", ""release_track"": ""noncommercial_sharealike"", ""rights_status"": ""cc_by_nc_sa_4_0_noncommercial_attribution_review_required"", ""share_alike_required"": true}"
puzzleworld-tacos-al-pastor-632da79886,PuzzleWorld,Tacos Al Pastor,,logic_constraints,geometry_spatial | word_language,logical_inference | constraint_propagation | spatial_visualization | visual_decoding | wordplay | lexical_search | indexing_extraction,image_puzzle | multi_part | word_puzzle | logic_grid,"Title: Tacos Al Pastor

Tacos Al Pastor are traditionally made with sliced-up layers of marinated pork placed with care and roasted on an upright spit. You can do the same with the slab of text below by cutting along the dashed lines and stacking them on the next page. The mix of spices is vital to the marinating process, and taking away just one ingredient can leave you with a less-than-stellar end product.

The complete puzzle statement and its visual/structured clues are in the required question asset(s):
- https://huggingface.co/datasets/hzli1202/PuzzleWorld/resolve/23a11d81b89ff4d39525a8867a99285e4c7dee61/data/Tacos_Al_Pastor/content.png

Return the short canonical final answer.",FAINT STARE,"1. Cut along dashed lines to separate text into nine slices.
   Reasoning figure: https://huggingface.co/datasets/hzli1202/PuzzleWorld/resolve/23a11d81b89ff4d39525a8867a99285e4c7dee61/data/Tacos_Al_Pastor/figure2.png

2. Stack the slices straddling the lines on the next page based on the given clues. Stacks should be organized into pairs, where they form coherent clues.
   Reasoning figure: https://huggingface.co/datasets/hzli1202/PuzzleWorld/resolve/23a11d81b89ff4d39525a8867a99285e4c7dee61/data/Tacos_Al_Pastor/figure1.png

3. Find the word associated with each clue. In the same row, the word for each clue should have a one-letter differences with all adjacent words. The word for each clue is given in the figure, shown in slightly larger red font than their corresponding clue.
   Reasoning figure: https://huggingface.co/datasets/hzli1202/PuzzleWorld/resolve/23a11d81b89ff4d39525a8867a99285e4c7dee61/data/Tacos_Al_Pastor/figure1.png

4. Each of the left and right words differ from the middle word in their row by one letter. Extract the differing letter for each row to spell 'FROM COL TWO TAKE THIRDS'.
   Reasoning figure: https://huggingface.co/datasets/hzli1202/PuzzleWorld/resolve/23a11d81b89ff4d39525a8867a99285e4c7dee61/data/Tacos_Al_Pastor/figure1.png

5. Recognize meaning from the previous clue 'FROM COL TWO TAKE THIRDS' to take the third letter of every clue word in the second column, which spells 'FAINT TASTE', the solution.","{""bucket"": ""hard"", ""evidence"": ""upstream PuzzleWorld label""}",needs_review,True,"{""answer_only_scorable"": true, ""benchmark_core"": true, ""counts_toward_official_topic_score"": true, ""scoring_metric"": ""binary_accuracy"", ""time_limit_minutes"": 30, ""topic_scoring_group"": ""logic_constraints"", ""track"": ""answer_only_upstream_hard_core""}","{""collection"": ""PuzzleWorld"", ""dataset_revision"": ""23a11d81b89ff4d39525a8867a99285e4c7dee61"", ""dataset_url"": ""https://huggingface.co/datasets/hzli1202/PuzzleWorld"", ""metadata_url"": ""https://huggingface.co/datasets/hzli1202/PuzzleWorld/resolve/23a11d81b89ff4d39525a8867a99285e4c7dee61/all_metadata.jsonl"", ""original_puzzled_pint_url"": ""https://puzzledpint.org/wp-content/uploads/2023/02/Main-Set.pdf"", ""publisher"": ""MIT-MI / PuzzleWorld authors"", ""repository_revision_audited"": ""0a8fbcbd33c86a29a37f7348e1eb40315e17f5c2"", ""repository_url"": ""https://github.com/MIT-MI/PuzzleWorld""}","{""license"": {""dataset_card_evidence_url"": ""https://huggingface.co/datasets/hzli1202/PuzzleWorld/raw/23a11d81b89ff4d39525a8867a99285e4c7dee61/README.md"", ""name"": ""Creative Commons Attribution-NonCommercial-ShareAlike 4.0 International"", ""original_publisher_evidence_url"": ""https://puzzledpint.org/volunteering/write-puzzles/#license"", ""scope_note"": ""The pinned Hugging Face card front matter and repository tag say cc-by-nc-sa-4.0. Puzzled Pint states that all submitted puzzles use CC BY-NC-SA 4.0 and that authors retain copyright."", ""spdx"": ""CC-BY-NC-SA-4.0"", ""url"": ""https://creativecommons.org/licenses/by-nc-sa/4.0/""}, ""noncommercial"": true, ""permission_required_for_commercial"": true, ""redistribution_scope"": ""noncommercial_sharealike_only"", ""release_track"": ""noncommercial_sharealike"", ""rights_status"": ""cc_by_nc_sa_4_0_noncommercial_attribution_review_required"", ""share_alike_required"": true}"
puzzleworld-taken-f0d4d5fa68,PuzzleWorld,Taken,,logic_constraints,mixed_meta,logical_inference | constraint_propagation | external_knowledge_linking | information_synthesis | indexing_extraction,image_puzzle,"Title: Taken

The Taken were once members of the other races until they were ripped out of our dimension and sent back— their form mostly the same, but corrupted and changed inside.

The complete puzzle statement and its visual/structured clues are in the required question asset(s):
- https://huggingface.co/datasets/hzli1202/PuzzleWorld/resolve/23a11d81b89ff4d39525a8867a99285e4c7dee61/data/Taken/content.png

Return the short canonical final answer.",DEED,"1. Notice that each clue has a two word answer where the second word has a changed letter from the first.

2. Extract the changed letter from each clue to get the clue ""REAL ESTATE TRANSFER PAPER"".

3. Notice the clue ""REAL ESTATE TRANSFER PAPER"" clues the final answer ""DEED"".","{""bucket"": ""hard"", ""evidence"": ""upstream PuzzleWorld label""}",needs_review,True,"{""answer_only_scorable"": true, ""benchmark_core"": true, ""counts_toward_official_topic_score"": true, ""scoring_metric"": ""binary_accuracy"", ""time_limit_minutes"": 30, ""topic_scoring_group"": ""logic_constraints"", ""track"": ""answer_only_upstream_hard_core""}","{""collection"": ""PuzzleWorld"", ""dataset_revision"": ""23a11d81b89ff4d39525a8867a99285e4c7dee61"", ""dataset_url"": ""https://huggingface.co/datasets/hzli1202/PuzzleWorld"", ""metadata_url"": ""https://huggingface.co/datasets/hzli1202/PuzzleWorld/resolve/23a11d81b89ff4d39525a8867a99285e4c7dee61/all_metadata.jsonl"", ""original_puzzled_pint_url"": ""https://puzzledpint.org/archive-files/2515/0286/8851/Aug2017_Taken.pdf"", ""publisher"": ""MIT-MI / PuzzleWorld authors"", ""repository_revision_audited"": ""0a8fbcbd33c86a29a37f7348e1eb40315e17f5c2"", ""repository_url"": ""https://github.com/MIT-MI/PuzzleWorld""}","{""license"": {""dataset_card_evidence_url"": ""https://huggingface.co/datasets/hzli1202/PuzzleWorld/raw/23a11d81b89ff4d39525a8867a99285e4c7dee61/README.md"", ""name"": ""Creative Commons Attribution-NonCommercial-ShareAlike 4.0 International"", ""original_publisher_evidence_url"": ""https://puzzledpint.org/volunteering/write-puzzles/#license"", ""scope_note"": ""The pinned Hugging Face card front matter and repository tag say cc-by-nc-sa-4.0. Puzzled Pint states that all submitted puzzles use CC BY-NC-SA 4.0 and that authors retain copyright."", ""spdx"": ""CC-BY-NC-SA-4.0"", ""url"": ""https://creativecommons.org/licenses/by-nc-sa/4.0/""}, ""noncommercial"": true, ""permission_required_for_commercial"": true, ""redistribution_scope"": ""noncommercial_sharealike_only"", ""release_track"": ""noncommercial_sharealike"", ""rights_status"": ""cc_by_nc_sa_4_0_noncommercial_attribution_review_required"", ""share_alike_required"": true}"
puzzleworld-tears-of-a-clown-14bc244bb4,PuzzleWorld,Tears of a Clown,,logic_constraints,,logical_inference | constraint_propagation | indexing_extraction,multi_part | logic_grid,"Title: Tears of a Clown

It's Puzzled Pint's second birthday at the Funhouse Lounge! Remember how we had to cut the night short because of the improv show at 8:30? Let's stick around and watch it this time. There were eight improv skits, each with a different setting suggested by the audience. The performances were scored by a panel of judges. Use the clues below to figure out the skit setting, order, and scores. Once you have completed this task, split the scores to discover what I feel like when I'm trying a new act on stage.

The complete puzzle statement and its visual/structured clues are in the required question asset(s):
- https://huggingface.co/datasets/hzli1202/PuzzleWorld/resolve/23a11d81b89ff4d39525a8867a99285e4c7dee61/data/Tears_of_a_Clown/content.png

Return the short canonical final answer.",ETHICAL IMPOSTOR,"1. Read through all the given clues about eight improv skits that occurred during the show, each with a different setting and each receiving a different score from the judges.

2. Set up a logic grid to track the relationships between the skit order (first through eighth), the setting (Hospital, Karaoke Bar, Nightclub, Pirate Ship, Post Office, Red Carpet, Stadium, and Truckstop), and the scores they received.

3. From clue 1, we learn that Red Carpet scored 30 points higher than Hospital and happened before and scored lower than Stadium. This gives us several constraints to work with.

4. From clue 2, we learn that Truckstop scored 2 points higher than Pirate Ship, adding another relationship.

5. Continue working through all ten clues, filling in the logic grid as you eliminate possibilities and confirm placements.

6. After solving the logic puzzle, you'll have determined the order, setting, and score for each skit. The solution shows: Pirate Ship (65 points), Hospital (15 points), Red Carpet (45 points), Nightclub (7 points), Stadium (57 points), Post Office (12 points), Truckstop (67 points), and Karaoke Bar (53 points).

7. Looking at the scores in order of performance: 65, 15, 45, 7, 57, 12, 67, 53.

8. Split each score into its individual digits: 6, 5, 1, 5, 4, 5, 7, 5, 7, 1, 2, 6, 7, 5, 3.

9. Each of these digits can be used to index into the alphabet (1=A, 2=B, etc.). Converting the digits to letters gives: F, E, A, E, D, E, G, E, G, A, B, F, G, E, C.

10. However, this doesn't make a recognizable word. Looking at the solution, we need to use the digits differently.

11. The correct approach is to arrange the skits in numerical order based on their position in the solution grid: 1=Pirate Ship (65), 2=Hospital (15), and so on through 8=Karaoke Bar (53).

12. Taking the first digit of each score gives: 6, 1, 4, 0, 5, 1, 6, 5. Indexing into the alphabet (with 0 treated as a special case), we get: E, T, H, I, C, A, L.

13. Similarly, the second digits give: 5, 5, 5, 7, 7, 2, 7, 3. Indexing, we get: I, M, P, O, S, T, O, R.

14. Combining these two words gives 'ETHICAL IMPOSTOR', which is the final answer to the puzzle.","{""bucket"": ""hard"", ""evidence"": ""upstream PuzzleWorld label""}",needs_review,True,"{""answer_only_scorable"": true, ""benchmark_core"": true, ""counts_toward_official_topic_score"": true, ""scoring_metric"": ""binary_accuracy"", ""time_limit_minutes"": 30, ""topic_scoring_group"": ""logic_constraints"", ""track"": ""answer_only_upstream_hard_core""}","{""collection"": ""PuzzleWorld"", ""dataset_revision"": ""23a11d81b89ff4d39525a8867a99285e4c7dee61"", ""dataset_url"": ""https://huggingface.co/datasets/hzli1202/PuzzleWorld"", ""metadata_url"": ""https://huggingface.co/datasets/hzli1202/PuzzleWorld/resolve/23a11d81b89ff4d39525a8867a99285e4c7dee61/all_metadata.jsonl"", ""original_puzzled_pint_url"": null, ""publisher"": ""MIT-MI / PuzzleWorld authors"", ""repository_revision_audited"": ""0a8fbcbd33c86a29a37f7348e1eb40315e17f5c2"", ""repository_url"": ""https://github.com/MIT-MI/PuzzleWorld""}","{""license"": {""dataset_card_evidence_url"": ""https://huggingface.co/datasets/hzli1202/PuzzleWorld/raw/23a11d81b89ff4d39525a8867a99285e4c7dee61/README.md"", ""name"": ""Creative Commons Attribution-NonCommercial-ShareAlike 4.0 International"", ""original_publisher_evidence_url"": ""https://puzzledpint.org/volunteering/write-puzzles/#license"", ""scope_note"": ""The pinned Hugging Face card front matter and repository tag say cc-by-nc-sa-4.0. Puzzled Pint states that all submitted puzzles use CC BY-NC-SA 4.0 and that authors retain copyright."", ""spdx"": ""CC-BY-NC-SA-4.0"", ""url"": ""https://creativecommons.org/licenses/by-nc-sa/4.0/""}, ""noncommercial"": true, ""permission_required_for_commercial"": true, ""redistribution_scope"": ""noncommercial_sharealike_only"", ""release_track"": ""noncommercial_sharealike"", ""rights_status"": ""cc_by_nc_sa_4_0_noncommercial_attribution_review_required"", ""share_alike_required"": true}"
puzzleworld-temaki-39537f6dbb,PuzzleWorld,Temaki,,logic_constraints,cryptography_ciphers | geometry_spatial,logical_inference | constraint_propagation | encoding_decoding | indexing_extraction | meta_extraction | spatial_visualization | visual_decoding,multi_part | meta_puzzle | logic_grid | cryptogram,"Title: Temaki

""I've ordered some temaki, otherwise known as hand rolls, in addition to our regular maki rolls today,"" Katie said. ""To make temaki, the chef rolls up all the ingredients into a conical shape which looks much like an ice cream cone.""

The complete puzzle statement and its visual/structured clues are in the required question asset(s):
- https://huggingface.co/datasets/hzli1202/PuzzleWorld/resolve/23a11d81b89ff4d39525a8867a99285e4c7dee61/data/Temaki/content.png

Return the short canonical final answer.",WHAT A HANDFUL,"1. Read the puzzle information that explains temaki are hand rolls that look like ice cream cones, and there are 8 different kinds of hand rolls on the menu.

2. Notice the diagram showing different temaki types positioned in an 8-point compass (salmon at north, yellowtail at northeast, cucumber at east, etc.).

3. Study the empty grid with rows numbered 1-12 (representing people) and columns for different temaki ingredients.

4. Use the 12 clues provided to determine which two temaki each of the 12 people ordered. For example, 'The first and last orders both had yellowtail'.

5. Fill in the grid by marking which two temaki each person ordered, ensuring that the constraints are satisfied and the totals match the numbers at the bottom of the grid.

6. Once the grid is filled, notice the mention of 'pose' and 'promotional discount if you strike a pose'. This refers to semaphore, a communication system using hand positions.

7. For each person, look at which two temaki they ordered and note the positions on the compass diagram (e.g., salmon is north, sea urchin is northwest).

8. Convert each person's pair of temaki positions into semaphore signal positions. In semaphore, two flags held in different positions represent different letters.

9. Decode the semaphore positions for all 12 people to get letters. For example, north + northwest positions in semaphore represent the letter 'T'.

10. The decoded semaphore letters spell out 'WHAT A HANDFUL', which is both the solution and a pun on temaki being hand rolls that you hold in your hand.","{""bucket"": ""hard"", ""evidence"": ""upstream PuzzleWorld label""}",needs_review,True,"{""answer_only_scorable"": true, ""benchmark_core"": true, ""counts_toward_official_topic_score"": true, ""scoring_metric"": ""binary_accuracy"", ""time_limit_minutes"": 30, ""topic_scoring_group"": ""logic_constraints"", ""track"": ""answer_only_upstream_hard_core""}","{""collection"": ""PuzzleWorld"", ""dataset_revision"": ""23a11d81b89ff4d39525a8867a99285e4c7dee61"", ""dataset_url"": ""https://huggingface.co/datasets/hzli1202/PuzzleWorld"", ""metadata_url"": ""https://huggingface.co/datasets/hzli1202/PuzzleWorld/resolve/23a11d81b89ff4d39525a8867a99285e4c7dee61/all_metadata.jsonl"", ""original_puzzled_pint_url"": null, ""publisher"": ""MIT-MI / PuzzleWorld authors"", ""repository_revision_audited"": ""0a8fbcbd33c86a29a37f7348e1eb40315e17f5c2"", ""repository_url"": ""https://github.com/MIT-MI/PuzzleWorld""}","{""license"": {""dataset_card_evidence_url"": ""https://huggingface.co/datasets/hzli1202/PuzzleWorld/raw/23a11d81b89ff4d39525a8867a99285e4c7dee61/README.md"", ""name"": ""Creative Commons Attribution-NonCommercial-ShareAlike 4.0 International"", ""original_publisher_evidence_url"": ""https://puzzledpint.org/volunteering/write-puzzles/#license"", ""scope_note"": ""The pinned Hugging Face card front matter and repository tag say cc-by-nc-sa-4.0. Puzzled Pint states that all submitted puzzles use CC BY-NC-SA 4.0 and that authors retain copyright."", ""spdx"": ""CC-BY-NC-SA-4.0"", ""url"": ""https://creativecommons.org/licenses/by-nc-sa/4.0/""}, ""noncommercial"": true, ""permission_required_for_commercial"": true, ""redistribution_scope"": ""noncommercial_sharealike_only"", ""release_track"": ""noncommercial_sharealike"", ""rights_status"": ""cc_by_nc_sa_4_0_noncommercial_attribution_review_required"", ""share_alike_required"": true}"
puzzleworld-tesseract-ed42883e6c,PuzzleWorld,Tesseract,,logic_constraints,geometry_spatial | cryptography_ciphers | mixed_meta,logical_inference | constraint_propagation | spatial_visualization | visual_decoding | encoding_decoding | indexing_extraction | meta_extraction | external_knowledge_linking | combinatorial_counting,image_puzzle | multi_part | meta_puzzle | logic_grid | cryptogram | path_route,"Title: Tesseract

A tesseract, or 4D cube, is hard to visualize. But within its structure, hidden words can be found. Can you decipher the connections and find the solution?

The complete puzzle statement and its visual/structured clues are in the required question asset(s):
- https://huggingface.co/datasets/hzli1202/PuzzleWorld/resolve/23a11d81b89ff4d39525a8867a99285e4c7dee61/data/Tesseract/content.png

Return the short canonical final answer.",HYPE,"1. Identify that the 3 given words follow a unique traversal pattern in the tesseract.

2. Identify the pattern in the paths of the given words: they only traverse each color of the tesseract once.

3. Using knowledge about the paths' patterns, construct any remaining 5 letter words that follow the pattern. The words were BELCH, PARTY, PUDGY, and SHONE

4. Fill in the blanks at the bottom using appropriate 5 letter words from the 5 letter words extracted out of the tesseract image.

5. Count the occurances of each letter used in the 4 filled in 5-letter words.

6. Extract the only 4 letters used twice among the letters in the 4 words to spell HYPE.
   Reasoning figure: https://huggingface.co/datasets/hzli1202/PuzzleWorld/resolve/23a11d81b89ff4d39525a8867a99285e4c7dee61/data/Tesseract/figure1.png","{""bucket"": ""hard"", ""evidence"": ""upstream PuzzleWorld label""}",needs_review,True,"{""answer_only_scorable"": true, ""benchmark_core"": true, ""counts_toward_official_topic_score"": true, ""scoring_metric"": ""binary_accuracy"", ""time_limit_minutes"": 30, ""topic_scoring_group"": ""logic_constraints"", ""track"": ""answer_only_upstream_hard_core""}","{""collection"": ""PuzzleWorld"", ""dataset_revision"": ""23a11d81b89ff4d39525a8867a99285e4c7dee61"", ""dataset_url"": ""https://huggingface.co/datasets/hzli1202/PuzzleWorld"", ""metadata_url"": ""https://huggingface.co/datasets/hzli1202/PuzzleWorld/resolve/23a11d81b89ff4d39525a8867a99285e4c7dee61/all_metadata.jsonl"", ""original_puzzled_pint_url"": ""https://puzzledpint.org/archive-puzzles/puzzles-september-2019/"", ""publisher"": ""MIT-MI / PuzzleWorld authors"", ""repository_revision_audited"": ""0a8fbcbd33c86a29a37f7348e1eb40315e17f5c2"", ""repository_url"": ""https://github.com/MIT-MI/PuzzleWorld""}","{""license"": {""dataset_card_evidence_url"": ""https://huggingface.co/datasets/hzli1202/PuzzleWorld/raw/23a11d81b89ff4d39525a8867a99285e4c7dee61/README.md"", ""name"": ""Creative Commons Attribution-NonCommercial-ShareAlike 4.0 International"", ""original_publisher_evidence_url"": ""https://puzzledpint.org/volunteering/write-puzzles/#license"", ""scope_note"": ""The pinned Hugging Face card front matter and repository tag say cc-by-nc-sa-4.0. Puzzled Pint states that all submitted puzzles use CC BY-NC-SA 4.0 and that authors retain copyright."", ""spdx"": ""CC-BY-NC-SA-4.0"", ""url"": ""https://creativecommons.org/licenses/by-nc-sa/4.0/""}, ""noncommercial"": true, ""permission_required_for_commercial"": true, ""redistribution_scope"": ""noncommercial_sharealike_only"", ""release_track"": ""noncommercial_sharealike"", ""rights_status"": ""cc_by_nc_sa_4_0_noncommercial_attribution_review_required"", ""share_alike_required"": true}"
puzzleworld-the-cat-cafe-4ceacdf646,PuzzleWorld,The Cat Cafe,,logic_constraints,cryptography_ciphers,logical_inference | constraint_propagation | encoding_decoding | indexing_extraction | meta_extraction | information_synthesis | combinatorial_counting,meta_puzzle,"Title: The Cat Cafe

You went by the cat cafe three times in one day, morning, noon, and afternoon. Each time, you stopped and looked at the cats through the window. There were !fteen cats, with zero, one, or two cats at each location. Early in the day, some cats were hiding where you couldn't see them. But the cats you could see gave you an idea. The third time, you decided to go into the cafe. What did you get when you went in?

The complete puzzle statement and its visual/structured clues are in the required question asset(s):
- https://huggingface.co/datasets/hzli1202/PuzzleWorld/resolve/23a11d81b89ff4d39525a8867a99285e4c7dee61/data/The_Cat_Cafe/content1.png
- https://huggingface.co/datasets/hzli1202/PuzzleWorld/resolve/23a11d81b89ff4d39525a8867a99285e4c7dee61/data/The_Cat_Cafe/content2.png

Return the short canonical final answer.",HOUSE PANTHER,"1. Infer that 'hiding' means 'off-screen' and does not count as a location. 'in the house' is different from 'hiding'.

2. Infer that 'Got more popular during the day' means a pattern of 0-1-2. 'Got less popular' means a pattern of 2-1-0 where the numbers are the number of cats at a given location for each time of the day.

3. Place all the cats in the appropriate location by inferring that 'hiding' means 'off-screen' and does not count as a location. 'in the house' is different from 'hiding'. Additionally
   Reasoning figure: https://huggingface.co/datasets/hzli1202/PuzzleWorld/resolve/23a11d81b89ff4d39525a8867a99285e4c7dee61/data/The_Cat_Cafe/figure1.png

4. Once all cats are placed, each location will have a set of 3 numbers from 0 to 2. Convert the numbers from ternary to letters and read the letters left to right to get the answer: HOUSE PANTHER","{""bucket"": ""hard"", ""evidence"": ""upstream PuzzleWorld label""}",needs_review,True,"{""answer_only_scorable"": true, ""benchmark_core"": true, ""counts_toward_official_topic_score"": true, ""scoring_metric"": ""binary_accuracy"", ""time_limit_minutes"": 30, ""topic_scoring_group"": ""logic_constraints"", ""track"": ""answer_only_upstream_hard_core""}","{""collection"": ""PuzzleWorld"", ""dataset_revision"": ""23a11d81b89ff4d39525a8867a99285e4c7dee61"", ""dataset_url"": ""https://huggingface.co/datasets/hzli1202/PuzzleWorld"", ""metadata_url"": ""https://huggingface.co/datasets/hzli1202/PuzzleWorld/resolve/23a11d81b89ff4d39525a8867a99285e4c7dee61/all_metadata.jsonl"", ""original_puzzled_pint_url"": ""https://puzzledpint.org/wp-content/uploads/2023/02/MainSet_Cats4.pdf"", ""publisher"": ""MIT-MI / PuzzleWorld authors"", ""repository_revision_audited"": ""0a8fbcbd33c86a29a37f7348e1eb40315e17f5c2"", ""repository_url"": ""https://github.com/MIT-MI/PuzzleWorld""}","{""license"": {""dataset_card_evidence_url"": ""https://huggingface.co/datasets/hzli1202/PuzzleWorld/raw/23a11d81b89ff4d39525a8867a99285e4c7dee61/README.md"", ""name"": ""Creative Commons Attribution-NonCommercial-ShareAlike 4.0 International"", ""original_publisher_evidence_url"": ""https://puzzledpint.org/volunteering/write-puzzles/#license"", ""scope_note"": ""The pinned Hugging Face card front matter and repository tag say cc-by-nc-sa-4.0. Puzzled Pint states that all submitted puzzles use CC BY-NC-SA 4.0 and that authors retain copyright."", ""spdx"": ""CC-BY-NC-SA-4.0"", ""url"": ""https://creativecommons.org/licenses/by-nc-sa/4.0/""}, ""noncommercial"": true, ""permission_required_for_commercial"": true, ""redistribution_scope"": ""noncommercial_sharealike_only"", ""release_track"": ""noncommercial_sharealike"", ""rights_status"": ""cc_by_nc_sa_4_0_noncommercial_attribution_review_required"", ""share_alike_required"": true}"
puzzleworld-the-chess-board-cbd9edcfa2,PuzzleWorld,The Chess Board,,logic_constraints,word_language | cryptography_ciphers,logical_inference | constraint_propagation | wordplay | lexical_search | encoding_decoding | indexing_extraction | meta_extraction | tiling_packing,image_puzzle | multi_part | word_puzzle | meta_puzzle | logic_grid,"Title: The Chess Board

Every tile on the chess board has its own unique name. It might look complicated at first but as you'll see, each row and column has something in common. For example, one column has animals hiding in it. In one row, tiles become new words when you remove the first letter. I've created a mnemonic for each tile to help you remember them, only... hmmm, looks like I incorrectly placed some of the tiles. You'll spot one tile out of place in each column and row. Just make sure you put them back in their correct locations before extracting any conclusions.

The complete puzzle statement and its visual/structured clues are in the required question asset(s):
- https://huggingface.co/datasets/hzli1202/PuzzleWorld/resolve/23a11d81b89ff4d39525a8867a99285e4c7dee61/data/The_Chess_Board/content.png

Return the short canonical final answer.",BISHOP,"1. First, we need to understand what's happening on this chessboard. Instead of normal chess pieces, we have a grid filled with various symbols, words, and transformations. Each row and column follows a specific pattern, except for one item that's out of place.

2. Let's identify the pattern for each row. The first row contains words that start with 'B' (BEE, BASKETBALL, BATH, BROWN, BUILT), except for GREENS which doesn't start with 'B'. The second row has palindromes (EYE, RACECAR, KAYAK, MADAM), except for HORSESHOE. The third row contains words with double 'E' (SEE, WEEKEND, WHEEL), except for UPEND which doesn't have double 'E'.

3. Continuing with the rows: The fourth row has words ending in 'Y' (STRATEGY, MOMMY, GREY, LAY), except for BRIDE which doesn't end in 'Y'. The fifth row contains words ending in an 'oo' sound (QUEUE, WHY, BLUE, FLEW), except for CORKSCREW. The sixth row has words that become new words when you remove the first letter (OWE→WE, SLOWLY→LOWLY, WITCH→ITCH, ORANGE→RANGE, DRANK→RANK), except for DID.

4. Now for the columns: The first column contains words that sound like letters (BEE→B, EYE→I, SEE→C, QUEUE→Q), except for BRIDE. The second column has compound words (BASKETBALL, RACECAR, WEEKEND, ASHTRAY, CORKSCREW), except for DID. The third column contains words with animal names hidden in them (BATH→BAT, KAYAK→YAK, WHEEL→HEEL, STRATEGY→RAT, WHY→WHY not an animal, SLOWLY→SLOW), except for GREENS.

5. The fourth column has female-gendered words (MADAM, QUEEN, MOMMY, EWE), except for WHY which isn't female-gendered. The fifth column contains color-related words (BROWN, REDDER, GREY, BLUE, ORANGE), except for HORSESHOE. The sixth column has past tense verbs (BUILT, AGREED, LAY, FLEW, DRANK), except for UPEND which is present tense.

6. Now we need to identify the misplaced tiles in each row and column. These are: BRIDE in row 4, DID in row 6, GREENS in row 1, WHY in row 5, HORSESHOE in row 2, and UPEND in row 3.

7. The puzzle tells us to extract 'any conclusions' after putting the tiles back in their correct places. Looking at the solution, we need to extract certain letters from each misplaced tile: First letter of BRIDE (B), second letter of DID (I), sixth letter of GREENS (S), second letter of WHY (H), eighth letter of HORSESHOE (O), and second letter of UPEND (P).

8. Putting these letters together gives us BISHOP, which is our final answer.","{""bucket"": ""hard"", ""evidence"": ""upstream PuzzleWorld label""}",needs_review,True,"{""answer_only_scorable"": true, ""benchmark_core"": true, ""counts_toward_official_topic_score"": true, ""scoring_metric"": ""binary_accuracy"", ""time_limit_minutes"": 30, ""topic_scoring_group"": ""logic_constraints"", ""track"": ""answer_only_upstream_hard_core""}","{""collection"": ""PuzzleWorld"", ""dataset_revision"": ""23a11d81b89ff4d39525a8867a99285e4c7dee61"", ""dataset_url"": ""https://huggingface.co/datasets/hzli1202/PuzzleWorld"", ""metadata_url"": ""https://huggingface.co/datasets/hzli1202/PuzzleWorld/resolve/23a11d81b89ff4d39525a8867a99285e4c7dee61/all_metadata.jsonl"", ""original_puzzled_pint_url"": null, ""publisher"": ""MIT-MI / PuzzleWorld authors"", ""repository_revision_audited"": ""0a8fbcbd33c86a29a37f7348e1eb40315e17f5c2"", ""repository_url"": ""https://github.com/MIT-MI/PuzzleWorld""}","{""license"": {""dataset_card_evidence_url"": ""https://huggingface.co/datasets/hzli1202/PuzzleWorld/raw/23a11d81b89ff4d39525a8867a99285e4c7dee61/README.md"", ""name"": ""Creative Commons Attribution-NonCommercial-ShareAlike 4.0 International"", ""original_publisher_evidence_url"": ""https://puzzledpint.org/volunteering/write-puzzles/#license"", ""scope_note"": ""The pinned Hugging Face card front matter and repository tag say cc-by-nc-sa-4.0. Puzzled Pint states that all submitted puzzles use CC BY-NC-SA 4.0 and that authors retain copyright."", ""spdx"": ""CC-BY-NC-SA-4.0"", ""url"": ""https://creativecommons.org/licenses/by-nc-sa/4.0/""}, ""noncommercial"": true, ""permission_required_for_commercial"": true, ""redistribution_scope"": ""noncommercial_sharealike_only"", ""release_track"": ""noncommercial_sharealike"", ""rights_status"": ""cc_by_nc_sa_4_0_noncommercial_attribution_review_required"", ""share_alike_required"": true}"
puzzleworld-the-enigma-machine-eb3b89e059,PuzzleWorld,The Enigma Machine,,logic_constraints,geometry_spatial | mixed_meta,logical_inference | constraint_propagation | spatial_visualization | visual_decoding | external_knowledge_linking | information_synthesis | indexing_extraction | encoding_decoding,image_puzzle | cryptogram,"Title: The Enigma Machine

The Enigma machines were among the first cipher machines ever built. They played an important part in encrypting German communications in WWII. Assemble your own Enigma machine using the computer components below to reveal something you should always do. Total bandwidths among components have already been provided.

The complete puzzle statement and its visual/structured clues are in the required question asset(s):
- https://huggingface.co/datasets/hzli1202/PuzzleWorld/resolve/23a11d81b89ff4d39525a8867a99285e4c7dee61/data/The_Enigma_Machine/content.png

Return the short canonical final answer.",PLAYFAIR,"1. Discover the arrows connecting adjacent cells represent the total length of the words in the cells.

2. Sketch and attempt to put the computer terms in the wordbanks onto the cells such that total adjacent cell length match.
   Reasoning figure: https://huggingface.co/datasets/hzli1202/PuzzleWorld/resolve/23a11d81b89ff4d39525a8867a99285e4c7dee61/data/The_Enigma_Machine/figure1.png

3. Extract the first letters of the cells of the shaded rectangles to get the final answer PLAYFAIR.","{""bucket"": ""hard"", ""evidence"": ""upstream PuzzleWorld label""}",needs_review,True,"{""answer_only_scorable"": true, ""benchmark_core"": true, ""counts_toward_official_topic_score"": true, ""scoring_metric"": ""binary_accuracy"", ""time_limit_minutes"": 30, ""topic_scoring_group"": ""logic_constraints"", ""track"": ""answer_only_upstream_hard_core""}","{""collection"": ""PuzzleWorld"", ""dataset_revision"": ""23a11d81b89ff4d39525a8867a99285e4c7dee61"", ""dataset_url"": ""https://huggingface.co/datasets/hzli1202/PuzzleWorld"", ""metadata_url"": ""https://huggingface.co/datasets/hzli1202/PuzzleWorld/resolve/23a11d81b89ff4d39525a8867a99285e4c7dee61/all_metadata.jsonl"", ""original_puzzled_pint_url"": ""https://puzzledpint.org/archive-files/6815/1314/7031/The_Enigma_Machine.pdf"", ""publisher"": ""MIT-MI / PuzzleWorld authors"", ""repository_revision_audited"": ""0a8fbcbd33c86a29a37f7348e1eb40315e17f5c2"", ""repository_url"": ""https://github.com/MIT-MI/PuzzleWorld""}","{""license"": {""dataset_card_evidence_url"": ""https://huggingface.co/datasets/hzli1202/PuzzleWorld/raw/23a11d81b89ff4d39525a8867a99285e4c7dee61/README.md"", ""name"": ""Creative Commons Attribution-NonCommercial-ShareAlike 4.0 International"", ""original_publisher_evidence_url"": ""https://puzzledpint.org/volunteering/write-puzzles/#license"", ""scope_note"": ""The pinned Hugging Face card front matter and repository tag say cc-by-nc-sa-4.0. Puzzled Pint states that all submitted puzzles use CC BY-NC-SA 4.0 and that authors retain copyright."", ""spdx"": ""CC-BY-NC-SA-4.0"", ""url"": ""https://creativecommons.org/licenses/by-nc-sa/4.0/""}, ""noncommercial"": true, ""permission_required_for_commercial"": true, ""redistribution_scope"": ""noncommercial_sharealike_only"", ""release_track"": ""noncommercial_sharealike"", ""rights_status"": ""cc_by_nc_sa_4_0_noncommercial_attribution_review_required"", ""share_alike_required"": true}"
puzzleworld-the-enigmansion-e3d4ce19c9,PuzzleWorld,The Enigmansion,,logic_constraints,geometry_spatial | cryptography_ciphers | word_language,logical_inference | constraint_propagation | spatial_visualization | visual_decoding | information_synthesis | encoding_decoding | indexing_extraction | meta_extraction | wordplay | lexical_search,multi_part | word_puzzle | meta_puzzle | logic_grid,"Title: The Enigmansion

The upstream record has no separate flavor-text transcription.

The complete puzzle statement and its visual/structured clues are in the required question asset(s):
- https://huggingface.co/datasets/hzli1202/PuzzleWorld/resolve/23a11d81b89ff4d39525a8867a99285e4c7dee61/data/the_enigmansion/content.png

Return the short canonical final answer.",COWORKING,"1. This is an escape room. You must find the three passwords, figure out how to read the map, and keep track of where coins are found.

2. For the door password, the door has eight symbols with five different shapes and styles. When the lights are turned off, we see the shapes correspond to letters in the grid, which spells the password SUNLIGHT.

3. For the ghost password, we find it starts with a vowel, it's not two syllables long, it contains a B, doesn't end in Y, and is the name of a month, so it is OCTOBER.

4. For the chest password, the genie and ghost go together as a rebus to give WARLOCKS.

5. For the map, the map has 23 nodes, and the puzzle has 23 sections of text. Thus, each section of text corresponds to a node on the map.

6. Noting where all the coins are found, we can mark them on the map now. This gives us nine spaces that correspond to the passwords grid, and written in order the corresponding letters spell the answer.","{""bucket"": ""hard"", ""evidence"": ""upstream PuzzleWorld label""}",needs_review,True,"{""answer_only_scorable"": true, ""benchmark_core"": true, ""counts_toward_official_topic_score"": true, ""scoring_metric"": ""binary_accuracy"", ""time_limit_minutes"": 30, ""topic_scoring_group"": ""logic_constraints"", ""track"": ""answer_only_upstream_hard_core""}","{""collection"": ""PuzzleWorld"", ""dataset_revision"": ""23a11d81b89ff4d39525a8867a99285e4c7dee61"", ""dataset_url"": ""https://huggingface.co/datasets/hzli1202/PuzzleWorld"", ""metadata_url"": ""https://huggingface.co/datasets/hzli1202/PuzzleWorld/resolve/23a11d81b89ff4d39525a8867a99285e4c7dee61/all_metadata.jsonl"", ""original_puzzled_pint_url"": ""https://puzzledpint.org/wp-content/uploads/2023/12/CYOA_MainSet3.pdf"", ""publisher"": ""MIT-MI / PuzzleWorld authors"", ""repository_revision_audited"": ""0a8fbcbd33c86a29a37f7348e1eb40315e17f5c2"", ""repository_url"": ""https://github.com/MIT-MI/PuzzleWorld""}","{""license"": {""dataset_card_evidence_url"": ""https://huggingface.co/datasets/hzli1202/PuzzleWorld/raw/23a11d81b89ff4d39525a8867a99285e4c7dee61/README.md"", ""name"": ""Creative Commons Attribution-NonCommercial-ShareAlike 4.0 International"", ""original_publisher_evidence_url"": ""https://puzzledpint.org/volunteering/write-puzzles/#license"", ""scope_note"": ""The pinned Hugging Face card front matter and repository tag say cc-by-nc-sa-4.0. Puzzled Pint states that all submitted puzzles use CC BY-NC-SA 4.0 and that authors retain copyright."", ""spdx"": ""CC-BY-NC-SA-4.0"", ""url"": ""https://creativecommons.org/licenses/by-nc-sa/4.0/""}, ""noncommercial"": true, ""permission_required_for_commercial"": true, ""redistribution_scope"": ""noncommercial_sharealike_only"", ""release_track"": ""noncommercial_sharealike"", ""rights_status"": ""cc_by_nc_sa_4_0_noncommercial_attribution_review_required"", ""share_alike_required"": true}"
puzzleworld-the-get-away-8f075bed76,PuzzleWorld,The Get-Away,,logic_constraints,geometry_spatial | cryptography_ciphers,logical_inference | constraint_propagation | spatial_visualization | visual_decoding | encoding_decoding | indexing_extraction | meta_extraction | pathfinding,image_puzzle | multi_part | meta_puzzle | logic_grid | cryptogram | path_route,"Title: The Get-Away

Louie Lips: We're stuck in the center of town, Frankie, and the streets are crawling with coppers. We've got to get back to the hide-out with the loot... but which way do we go? Frankie the Hound: I don't know, Louie, but only one of these routes will get us back to our place. Hey, does this old Nissan Cube have GPS? You know: NSWE? Louie Lips: Sorry, Frankie, all it has is UNIX – that's U-N-I-X, but hey, that's a start! Let's lay low behind this semi for a few minutes, and then we'll shift it into high gear before one of those officers tries to flag us down! Frankie the Hound: Then we'll just keep on rolling until we get there. You know, Louie, I'm actually pulling a second shift tonight – a thief's work is never done. I just hope we don't run into any police barricades!

The complete puzzle statement and its visual/structured clues are in the required question asset(s):
- https://huggingface.co/datasets/hzli1202/PuzzleWorld/resolve/23a11d81b89ff4d39525a8867a99285e4c7dee61/data/The_Get_Away/content1.png
- https://huggingface.co/datasets/hzli1202/PuzzleWorld/resolve/23a11d81b89ff4d39525a8867a99285e4c7dee61/data/The_Get_Away/content2.png

Return the short canonical final answer.",ROAD BLOCK,"1. The puzzle provides a net to fold into a cube, and a grid of numbers to navigate.

2. Cut out and fold the provided net to create a cube. Each face of the cube shows a semaphore signal that represents a letter depending on its orientation.
   Reasoning figure: https://huggingface.co/datasets/hzli1202/PuzzleWorld/resolve/23a11d81b89ff4d39525a8867a99285e4c7dee61/data/The_Get_Away/figure1.png

3. Start with the cube in the center square of the grid. The orientation of the V-face determines the direction of your first move.

4. Notice that the faces of the cube correspond to the letters in UNIX as mentioned in the flavor text (U, N, I, X).

5. Roll the cube from square to square along the grid. At each step, the semaphore letter showing on top of the cube combined with the number in that square gives you a decoded letter.

6. There are multiple possible paths from the center, but only one path that's 10 spaces long (the length needed for the solution).

7. Following the correct path (starting by rolling the cube downward), the semaphore letters spell 'DECODE THIS' when shifted according to the numbers in each square.
   Reasoning figure: https://huggingface.co/datasets/hzli1202/PuzzleWorld/resolve/23a11d81b89ff4d39525a8867a99285e4c7dee61/data/The_Get_Away/figure1.png

8. Write 'DECODE THIS' in the 10-space extraction grid. Then apply a second shift using the numbers below the extraction grid.
   Reasoning figure: https://huggingface.co/datasets/hzli1202/PuzzleWorld/resolve/23a11d81b89ff4d39525a8867a99285e4c7dee61/data/The_Get_Away/figure2.png

9. This second shift transforms 'DECODE THIS' into 'ROAD BLOCK', which is the solution. This connects with Frankie's concern about police barricades mentioned in the flavor text.
   Reasoning figure: https://huggingface.co/datasets/hzli1202/PuzzleWorld/resolve/23a11d81b89ff4d39525a8867a99285e4c7dee61/data/The_Get_Away/figure3.png","{""bucket"": ""hard"", ""evidence"": ""upstream PuzzleWorld label""}",needs_review,True,"{""answer_only_scorable"": true, ""benchmark_core"": true, ""counts_toward_official_topic_score"": true, ""scoring_metric"": ""binary_accuracy"", ""time_limit_minutes"": 30, ""topic_scoring_group"": ""logic_constraints"", ""track"": ""answer_only_upstream_hard_core""}","{""collection"": ""PuzzleWorld"", ""dataset_revision"": ""23a11d81b89ff4d39525a8867a99285e4c7dee61"", ""dataset_url"": ""https://huggingface.co/datasets/hzli1202/PuzzleWorld"", ""metadata_url"": ""https://huggingface.co/datasets/hzli1202/PuzzleWorld/resolve/23a11d81b89ff4d39525a8867a99285e4c7dee61/all_metadata.jsonl"", ""original_puzzled_pint_url"": null, ""publisher"": ""MIT-MI / PuzzleWorld authors"", ""repository_revision_audited"": ""0a8fbcbd33c86a29a37f7348e1eb40315e17f5c2"", ""repository_url"": ""https://github.com/MIT-MI/PuzzleWorld""}","{""license"": {""dataset_card_evidence_url"": ""https://huggingface.co/datasets/hzli1202/PuzzleWorld/raw/23a11d81b89ff4d39525a8867a99285e4c7dee61/README.md"", ""name"": ""Creative Commons Attribution-NonCommercial-ShareAlike 4.0 International"", ""original_publisher_evidence_url"": ""https://puzzledpint.org/volunteering/write-puzzles/#license"", ""scope_note"": ""The pinned Hugging Face card front matter and repository tag say cc-by-nc-sa-4.0. Puzzled Pint states that all submitted puzzles use CC BY-NC-SA 4.0 and that authors retain copyright."", ""spdx"": ""CC-BY-NC-SA-4.0"", ""url"": ""https://creativecommons.org/licenses/by-nc-sa/4.0/""}, ""noncommercial"": true, ""permission_required_for_commercial"": true, ""redistribution_scope"": ""noncommercial_sharealike_only"", ""release_track"": ""noncommercial_sharealike"", ""rights_status"": ""cc_by_nc_sa_4_0_noncommercial_attribution_review_required"", ""share_alike_required"": true}"
puzzleworld-the-house-of-black-and-white-f9e8fc57a6,PuzzleWorld,The House of Black and White,,logic_constraints,geometry_spatial,logical_inference | constraint_propagation | spatial_visualization | visual_decoding,image_puzzle | multi_part | logic_grid,"Title: The House of Black and White

Becoming a Faceless Man (assassin) for the House of Black and White is no easy task. A girl gave up all she was, lost her eyesight, and trained with her fellow acolytes. She must navigate the Hall of Faces and correctly identify the black and white masks to complete her training.

The complete puzzle statement and its visual/structured clues are in the required question asset(s):
- https://huggingface.co/datasets/hzli1202/PuzzleWorld/resolve/23a11d81b89ff4d39525a8867a99285e4c7dee61/data/House_of_Black_and_White/content.png

Return the short canonical final answer.",SIRIUS,"1. Notice that the player has to fill in the 6x6 grid based on the bullet points of the girl's memory.

2. Notice that the third bullet point suggest that the bottom-right corner has to be white, and that a column of 3 blacks - 1 white - 2 blacks exist.

3. Notice that the fourth bullet point suggest that the third column alternates between black and white, starting from black.
   Reasoning figure: https://huggingface.co/datasets/hzli1202/PuzzleWorld/resolve/23a11d81b89ff4d39525a8867a99285e4c7dee61/data/House_of_Black_and_White/figure_1.png

4. Notice that the fifth bullet point suggest that the second row alterantes between black and white except for the last one, starting from black.
   Reasoning figure: https://huggingface.co/datasets/hzli1202/PuzzleWorld/resolve/23a11d81b89ff4d39525a8867a99285e4c7dee61/data/House_of_Black_and_White/figure_2.png

5. Based on the third bullet point, fill in the fifth column and the bottom row
   Reasoning figure: https://huggingface.co/datasets/hzli1202/PuzzleWorld/resolve/23a11d81b89ff4d39525a8867a99285e4c7dee61/data/House_of_Black_and_White/figure_3.png

6. Based on the third bullet point, fill in the fifth column and the bottom row.
   Reasoning figure: https://huggingface.co/datasets/hzli1202/PuzzleWorld/resolve/23a11d81b89ff4d39525a8867a99285e4c7dee61/data/House_of_Black_and_White/figure_3.png

7. Follow the rules to fill in the rest of the grid, which should look like the figure.
   Reasoning figure: https://huggingface.co/datasets/hzli1202/PuzzleWorld/resolve/23a11d81b89ff4d39525a8867a99285e4c7dee61/data/House_of_Black_and_White/figure_4.png

8. Reading the pattern as Braille, with black masks as bumps, reveals the final answer: 'SIRIUS'.","{""bucket"": ""hard"", ""evidence"": ""upstream PuzzleWorld label""}",needs_review,True,"{""answer_only_scorable"": true, ""benchmark_core"": true, ""counts_toward_official_topic_score"": true, ""scoring_metric"": ""binary_accuracy"", ""time_limit_minutes"": 30, ""topic_scoring_group"": ""logic_constraints"", ""track"": ""answer_only_upstream_hard_core""}","{""collection"": ""PuzzleWorld"", ""dataset_revision"": ""23a11d81b89ff4d39525a8867a99285e4c7dee61"", ""dataset_url"": ""https://huggingface.co/datasets/hzli1202/PuzzleWorld"", ""metadata_url"": ""https://huggingface.co/datasets/hzli1202/PuzzleWorld/resolve/23a11d81b89ff4d39525a8867a99285e4c7dee61/all_metadata.jsonl"", ""original_puzzled_pint_url"": ""https://puzzledpint.org/archive-files/8815/0026/9859/House_of_Black_and_White.pdf"", ""publisher"": ""MIT-MI / PuzzleWorld authors"", ""repository_revision_audited"": ""0a8fbcbd33c86a29a37f7348e1eb40315e17f5c2"", ""repository_url"": ""https://github.com/MIT-MI/PuzzleWorld""}","{""license"": {""dataset_card_evidence_url"": ""https://huggingface.co/datasets/hzli1202/PuzzleWorld/raw/23a11d81b89ff4d39525a8867a99285e4c7dee61/README.md"", ""name"": ""Creative Commons Attribution-NonCommercial-ShareAlike 4.0 International"", ""original_publisher_evidence_url"": ""https://puzzledpint.org/volunteering/write-puzzles/#license"", ""scope_note"": ""The pinned Hugging Face card front matter and repository tag say cc-by-nc-sa-4.0. Puzzled Pint states that all submitted puzzles use CC BY-NC-SA 4.0 and that authors retain copyright."", ""spdx"": ""CC-BY-NC-SA-4.0"", ""url"": ""https://creativecommons.org/licenses/by-nc-sa/4.0/""}, ""noncommercial"": true, ""permission_required_for_commercial"": true, ""redistribution_scope"": ""noncommercial_sharealike_only"", ""release_track"": ""noncommercial_sharealike"", ""rights_status"": ""cc_by_nc_sa_4_0_noncommercial_attribution_review_required"", ""share_alike_required"": true}"
puzzleworld-the-industrial-zone-c2f0c48307,PuzzleWorld,The Industrial Zone,,logic_constraints,geometry_spatial | cryptography_ciphers,logical_inference | constraint_propagation | spatial_visualization | visual_decoding | encoding_decoding | indexing_extraction | meta_extraction | pathfinding | combinatorial_counting,image_puzzle | multi_part | meta_puzzle | logic_grid | path_route,"Title: The Industrial Zone

In the Industrial Zone you choose a 'Skill' game. Your room holds a huge circuit board and the notice on the wall: After you complete the circuit you boldly collect the crystal; what plays as you leave?

The complete puzzle statement and its visual/structured clues are in the required question asset(s):
- https://huggingface.co/datasets/hzli1202/PuzzleWorld/resolve/23a11d81b89ff4d39525a8867a99285e4c7dee61/data/Industrial/content.png

Return the short canonical final answer.",NOTES,"1. Observe that the circuit board contains various electronic components (resistors, transistors, grounds, etc.) that need to be connected according to specific rules. Notice the three key rules stated: 1) Same symbol nodes must be connected in pairs, 2) Every cell must hold a wire, 3) Crossing wires is not allowed

2. Identify all matching pairs of electronic components on the board - for example, pairs of ground symbols, transistors, etc. Start connecting matching pairs using the colored wires shown, ensuring no wires cross each other and every hexagonal cell contains a wire segment. When tracing the colored wire paths, count the number of cells each colored path passes through

3. Notice the legend at the bottom showing 'Path Length - Hex Value - Letter' correlations. Find that the red path passes through 1 cell corresponding to hex value 04. The next path passes through 2 cells corresponding to hex value 0E, giving letter N. Continue this process for all paths: 3 cells (0F) = O, 4 cells (0F) = T, 5 cells (0F) = E, 6 cells (14) = S

4. Reading the letters in order spells out NOTES.","{""bucket"": ""hard"", ""evidence"": ""upstream PuzzleWorld label""}",needs_review,True,"{""answer_only_scorable"": true, ""benchmark_core"": true, ""counts_toward_official_topic_score"": true, ""scoring_metric"": ""binary_accuracy"", ""time_limit_minutes"": 30, ""topic_scoring_group"": ""logic_constraints"", ""track"": ""answer_only_upstream_hard_core""}","{""collection"": ""PuzzleWorld"", ""dataset_revision"": ""23a11d81b89ff4d39525a8867a99285e4c7dee61"", ""dataset_url"": ""https://huggingface.co/datasets/hzli1202/PuzzleWorld"", ""metadata_url"": ""https://huggingface.co/datasets/hzli1202/PuzzleWorld/resolve/23a11d81b89ff4d39525a8867a99285e4c7dee61/all_metadata.jsonl"", ""original_puzzled_pint_url"": ""https://puzzledpint.org/archive-files/1815/6057/8308/02_June2019_Industrial.pdf"", ""publisher"": ""MIT-MI / PuzzleWorld authors"", ""repository_revision_audited"": ""0a8fbcbd33c86a29a37f7348e1eb40315e17f5c2"", ""repository_url"": ""https://github.com/MIT-MI/PuzzleWorld""}","{""license"": {""dataset_card_evidence_url"": ""https://huggingface.co/datasets/hzli1202/PuzzleWorld/raw/23a11d81b89ff4d39525a8867a99285e4c7dee61/README.md"", ""name"": ""Creative Commons Attribution-NonCommercial-ShareAlike 4.0 International"", ""original_publisher_evidence_url"": ""https://puzzledpint.org/volunteering/write-puzzles/#license"", ""scope_note"": ""The pinned Hugging Face card front matter and repository tag say cc-by-nc-sa-4.0. Puzzled Pint states that all submitted puzzles use CC BY-NC-SA 4.0 and that authors retain copyright."", ""spdx"": ""CC-BY-NC-SA-4.0"", ""url"": ""https://creativecommons.org/licenses/by-nc-sa/4.0/""}, ""noncommercial"": true, ""permission_required_for_commercial"": true, ""redistribution_scope"": ""noncommercial_sharealike_only"", ""release_track"": ""noncommercial_sharealike"", ""rights_status"": ""cc_by_nc_sa_4_0_noncommercial_attribution_review_required"", ""share_alike_required"": true}"
puzzleworld-the-king-s-walk-38aa0581a3,PuzzleWorld,The King's Walk,,logic_constraints,geometry_spatial | word_language,logical_inference | constraint_propagation | spatial_visualization | visual_decoding | wordplay | lexical_search | word_search | tiling_packing | exhaustive_search,image_puzzle | multi_part | word_puzzle | logic_grid | word_search,"Title: The King's Walk

In chess your king can move in any direction - but only one square at a time (horizontally, vertically, or diagonally). There are some common scenarios that any good chess player should know. To help you remember, I've spelled them out on the board below. I've also listed them beneath… well, what I can remember of them anyway! Just remember, each tile is used once at most! Whether you're playing as black or white, these simple lessons will show you where to look.

The complete puzzle statement and its visual/structured clues are in the required question asset(s):
- https://huggingface.co/datasets/hzli1202/PuzzleWorld/resolve/23a11d81b89ff4d39525a8867a99285e4c7dee61/data/The_Kings_Walk/content.png

Return the short canonical final answer.",ROOK,"1. The puzzle presents us with an 8x8 grid of letters and a list of partial words to complete, like 'C _ _ L', 'C _ _ W', etc. We're told each tile is used at most once, suggesting this is similar to a word search but with a twist.

2. First, let's try to complete the words based on the given patterns. Looking at the hint 'Whether you're playing as black or white, these simple lessons will show you where to look,' we can infer that we need to think about colors.

3. Let's try to identify what the words might be. 'C _ _ L' could be 'COAL' (which is black). 'C _ _ W' could be 'CROW' (black). '_ _ K' could be 'INK' (black). '_ B _ _ _ _ _ _' could be 'OBSIDIAN' (black).

4. Continuing this pattern: '_ _ Y _' could be 'ONYX' (black), 'P _ _ _ H _ _' could be 'PANTHER' (black), 'D _ V _' could be 'DOVE' (white), '_ G _' could be 'EGG' (white), '_ _ L K' could be 'MILK' (white).

5. Completing the rest: 'M _ _ N' could be 'MOON' (white), '_ _ _ R L' could be 'PEARL' (white), 'S N _ _' could be 'SNOW' (white).

6. Looking at our completed words, they form two categories: dark/black items (COAL, CROW, INK, OBSIDIAN, ONYX, PANTHER) and light/white items (DOVE, EGG, MILK, MOON, PEARL, SNOW).

7. Now, we need to find these words in the grid. Since this is The King's Walk, and kings move one square at a time in any direction, the words don't have to be in straight lines. We can move horizontally, vertically, or diagonally to trace each word.

8. After finding all the words in the grid, we notice that the black/dark words all trace a specific pattern of cells. If we highlight only these cells (the ones used for COAL, CROW, INK, OBSIDIAN, ONYX, PANTHER), they form the shape of the letters 'ROOK'.

9. Therefore, our answer is 'ROOK'.","{""bucket"": ""hard"", ""evidence"": ""upstream PuzzleWorld label""}",needs_review,True,"{""answer_only_scorable"": true, ""benchmark_core"": true, ""counts_toward_official_topic_score"": true, ""scoring_metric"": ""binary_accuracy"", ""time_limit_minutes"": 30, ""topic_scoring_group"": ""logic_constraints"", ""track"": ""answer_only_upstream_hard_core""}","{""collection"": ""PuzzleWorld"", ""dataset_revision"": ""23a11d81b89ff4d39525a8867a99285e4c7dee61"", ""dataset_url"": ""https://huggingface.co/datasets/hzli1202/PuzzleWorld"", ""metadata_url"": ""https://huggingface.co/datasets/hzli1202/PuzzleWorld/resolve/23a11d81b89ff4d39525a8867a99285e4c7dee61/all_metadata.jsonl"", ""original_puzzled_pint_url"": null, ""publisher"": ""MIT-MI / PuzzleWorld authors"", ""repository_revision_audited"": ""0a8fbcbd33c86a29a37f7348e1eb40315e17f5c2"", ""repository_url"": ""https://github.com/MIT-MI/PuzzleWorld""}","{""license"": {""dataset_card_evidence_url"": ""https://huggingface.co/datasets/hzli1202/PuzzleWorld/raw/23a11d81b89ff4d39525a8867a99285e4c7dee61/README.md"", ""name"": ""Creative Commons Attribution-NonCommercial-ShareAlike 4.0 International"", ""original_publisher_evidence_url"": ""https://puzzledpint.org/volunteering/write-puzzles/#license"", ""scope_note"": ""The pinned Hugging Face card front matter and repository tag say cc-by-nc-sa-4.0. Puzzled Pint states that all submitted puzzles use CC BY-NC-SA 4.0 and that authors retain copyright."", ""spdx"": ""CC-BY-NC-SA-4.0"", ""url"": ""https://creativecommons.org/licenses/by-nc-sa/4.0/""}, ""noncommercial"": true, ""permission_required_for_commercial"": true, ""redistribution_scope"": ""noncommercial_sharealike_only"", ""release_track"": ""noncommercial_sharealike"", ""rights_status"": ""cc_by_nc_sa_4_0_noncommercial_attribution_review_required"", ""share_alike_required"": true}"
puzzleworld-the-many-and-mysterious-plots-of-portlandia-1f78c1052b,PuzzleWorld,The Many and Mysterious Plots of Portlandia,,logic_constraints,word_language | cryptography_ciphers,logical_inference | constraint_propagation | wordplay | lexical_search | encoding_decoding | indexing_extraction | meta_extraction,image_puzzle | word_puzzle | meta_puzzle | path_route,"Title: The Many and Mysterious Plots of Portlandia

After five seasons of Portlandia, it almost seems like the world knows more about our fair city through that TV show than due to reality. So now when I'm telling visitors about famous Portland sites, I find myself tying everything back to my favorite episodes and the ridiculous plotlines. How could I describe the sum of all the amazement I have for how those plots connect? It would almost be like trying to describe that nebulous, intangible thing that Portlandia is really all about.

The complete puzzle statement and its visual/structured clues are in the required question asset(s):
- https://huggingface.co/datasets/hzli1202/PuzzleWorld/resolve/23a11d81b89ff4d39525a8867a99285e4c7dee61/data/The_Many_and_Mysterious_Plots_of_Portlandia/content1.png
- https://huggingface.co/datasets/hzli1202/PuzzleWorld/resolve/23a11d81b89ff4d39525a8867a99285e4c7dee61/data/The_Many_and_Mysterious_Plots_of_Portlandia/content2.png

Return the short canonical final answer.",SOCIETY,"1. The puzzle presents a list of 12 fictional Portland locations with humorous plotlines that might appear in the TV show Portlandia. Each location description contains italicized keywords.

2. Each location is also assigned a number on a map (shown on the first page of the puzzle). The map indexes range from 1 to 14.

3. The italicized keywords in each location description form familiar word pairs that need to be identified. For example, 'CUT & DRIED', 'FAIR & SQUARE', etc.

4. The word pairs are: CUT & DRIED, FAIR & SQUARE, FIRST & FOREMOST, HEART & SOUL, RHYME & REASON, SAFE & SOUND, and SWEET & SOUR.

5. For each pair, we need to add the map index numbers of the locations where those keywords were found. For example, CUT was found at Powell's Books (map index 9) and DRIED was found at Land Gallery (map index 10), so 9 + 10 = 19.

6. The sum of each pair gives us a number: CUT & DRIED = 19, FAIR & SQUARE = 15, FIRST & FOREMOST = 3, HEART & SOUL = 9, RHYME & REASON = 5, SAFE & SOUND = 20, and SWEET & SOUR = 25.

7. Using these numbers as indices in the alphabet (where 1=A, 2=B, etc.), we get the letters: S, O, C, I, E, T, Y.

8. These letters spell 'SOCIETY', which is the answer to the puzzle.","{""bucket"": ""hard"", ""evidence"": ""upstream PuzzleWorld label""}",needs_review,True,"{""answer_only_scorable"": true, ""benchmark_core"": true, ""counts_toward_official_topic_score"": true, ""scoring_metric"": ""binary_accuracy"", ""time_limit_minutes"": 30, ""topic_scoring_group"": ""logic_constraints"", ""track"": ""answer_only_upstream_hard_core""}","{""collection"": ""PuzzleWorld"", ""dataset_revision"": ""23a11d81b89ff4d39525a8867a99285e4c7dee61"", ""dataset_url"": ""https://huggingface.co/datasets/hzli1202/PuzzleWorld"", ""metadata_url"": ""https://huggingface.co/datasets/hzli1202/PuzzleWorld/resolve/23a11d81b89ff4d39525a8867a99285e4c7dee61/all_metadata.jsonl"", ""original_puzzled_pint_url"": null, ""publisher"": ""MIT-MI / PuzzleWorld authors"", ""repository_revision_audited"": ""0a8fbcbd33c86a29a37f7348e1eb40315e17f5c2"", ""repository_url"": ""https://github.com/MIT-MI/PuzzleWorld""}","{""license"": {""dataset_card_evidence_url"": ""https://huggingface.co/datasets/hzli1202/PuzzleWorld/raw/23a11d81b89ff4d39525a8867a99285e4c7dee61/README.md"", ""name"": ""Creative Commons Attribution-NonCommercial-ShareAlike 4.0 International"", ""original_publisher_evidence_url"": ""https://puzzledpint.org/volunteering/write-puzzles/#license"", ""scope_note"": ""The pinned Hugging Face card front matter and repository tag say cc-by-nc-sa-4.0. Puzzled Pint states that all submitted puzzles use CC BY-NC-SA 4.0 and that authors retain copyright."", ""spdx"": ""CC-BY-NC-SA-4.0"", ""url"": ""https://creativecommons.org/licenses/by-nc-sa/4.0/""}, ""noncommercial"": true, ""permission_required_for_commercial"": true, ""redistribution_scope"": ""noncommercial_sharealike_only"", ""release_track"": ""noncommercial_sharealike"", ""rights_status"": ""cc_by_nc_sa_4_0_noncommercial_attribution_review_required"", ""share_alike_required"": true}"
puzzleworld-the-name-rater-7fc2570ec9,PuzzleWorld,The Name Rater,,logic_constraints,,logical_inference | constraint_propagation | information_synthesis | indexing_extraction,image_puzzle,"Title: The Name Rater

As your adventure continues, you find yourself in Lavender Town, home of the famous Name Rater. He explains that while Trainers often like to give their Pokémon cute nicknames, he's very particular about the rules for an Excellent nickname. (For clarity, a vowel is any of the letters A/E/I/O/U, and a consonant is any other English letter.)

The complete puzzle statement and its visual/structured clues are in the required question asset(s):
- https://huggingface.co/datasets/hzli1202/PuzzleWorld/resolve/23a11d81b89ff4d39525a8867a99285e4c7dee61/data/The_Name_Rater/content.png

Return the short canonical final answer.",MONIKER,"1. Determine which names provided are beautiful using the rules provided.

2. Extract the first letter of each name to get the final answer ""MONIKER"".","{""bucket"": ""hard"", ""evidence"": ""upstream PuzzleWorld label""}",needs_review,True,"{""answer_only_scorable"": true, ""benchmark_core"": true, ""counts_toward_official_topic_score"": true, ""scoring_metric"": ""binary_accuracy"", ""time_limit_minutes"": 30, ""topic_scoring_group"": ""logic_constraints"", ""track"": ""answer_only_upstream_hard_core""}","{""collection"": ""PuzzleWorld"", ""dataset_revision"": ""23a11d81b89ff4d39525a8867a99285e4c7dee61"", ""dataset_url"": ""https://huggingface.co/datasets/hzli1202/PuzzleWorld"", ""metadata_url"": ""https://huggingface.co/datasets/hzli1202/PuzzleWorld/resolve/23a11d81b89ff4d39525a8867a99285e4c7dee61/all_metadata.jsonl"", ""original_puzzled_pint_url"": ""https://puzzledpint.org/archive-files/8415/3481/7389/Aug2018_puzzle_3.pdf"", ""publisher"": ""MIT-MI / PuzzleWorld authors"", ""repository_revision_audited"": ""0a8fbcbd33c86a29a37f7348e1eb40315e17f5c2"", ""repository_url"": ""https://github.com/MIT-MI/PuzzleWorld""}","{""license"": {""dataset_card_evidence_url"": ""https://huggingface.co/datasets/hzli1202/PuzzleWorld/raw/23a11d81b89ff4d39525a8867a99285e4c7dee61/README.md"", ""name"": ""Creative Commons Attribution-NonCommercial-ShareAlike 4.0 International"", ""original_publisher_evidence_url"": ""https://puzzledpint.org/volunteering/write-puzzles/#license"", ""scope_note"": ""The pinned Hugging Face card front matter and repository tag say cc-by-nc-sa-4.0. Puzzled Pint states that all submitted puzzles use CC BY-NC-SA 4.0 and that authors retain copyright."", ""spdx"": ""CC-BY-NC-SA-4.0"", ""url"": ""https://creativecommons.org/licenses/by-nc-sa/4.0/""}, ""noncommercial"": true, ""permission_required_for_commercial"": true, ""redistribution_scope"": ""noncommercial_sharealike_only"", ""release_track"": ""noncommercial_sharealike"", ""rights_status"": ""cc_by_nc_sa_4_0_noncommercial_attribution_review_required"", ""share_alike_required"": true}"
puzzleworld-the-venue-in-verona-f5e7cdfe2f,PuzzleWorld,The Venue in Verona,,logic_constraints,geometry_spatial | mixed_meta,logical_inference | constraint_propagation | spatial_visualization | visual_decoding | external_knowledge_linking | pathfinding,image_puzzle | multi_part | logic_grid | path_route,"Title: The Venue in Verona

The Capulets and Montagues divided city blocks with walls. Find the path through the maze to the wedding venue.

The complete puzzle statement and its visual/structured clues are in the required question asset(s):
- https://huggingface.co/datasets/hzli1202/PuzzleWorld/resolve/23a11d81b89ff4d39525a8867a99285e4c7dee61/data/The_Venue_in_Verona/content.png

Return the short canonical final answer.",MERCUTIO,"1. Draw lines according to the rules of the puzzle, as shown with the red lines in the figure.
   Reasoning figure: https://huggingface.co/datasets/hzli1202/PuzzleWorld/resolve/23a11d81b89ff4d39525a8867a99285e4c7dee61/data/The_Venue_in_Verona/figure1.png

2. Find the continuous path across the grid.
   Reasoning figure: https://huggingface.co/datasets/hzli1202/PuzzleWorld/resolve/23a11d81b89ff4d39525a8867a99285e4c7dee61/data/The_Venue_in_Verona/figure1.png

3. Read the letters along the path to find hint at the solution: 'BEST MAN TO ROMEO NAMED NEITHER CAPULET NOR MONTAGUE.

4. The only character that fits this description is 'MERCUTIO', thus this is the solution.","{""bucket"": ""hard"", ""evidence"": ""upstream PuzzleWorld label""}",needs_review,True,"{""answer_only_scorable"": true, ""benchmark_core"": true, ""counts_toward_official_topic_score"": true, ""scoring_metric"": ""binary_accuracy"", ""time_limit_minutes"": 30, ""topic_scoring_group"": ""logic_constraints"", ""track"": ""answer_only_upstream_hard_core""}","{""collection"": ""PuzzleWorld"", ""dataset_revision"": ""23a11d81b89ff4d39525a8867a99285e4c7dee61"", ""dataset_url"": ""https://huggingface.co/datasets/hzli1202/PuzzleWorld"", ""metadata_url"": ""https://huggingface.co/datasets/hzli1202/PuzzleWorld/resolve/23a11d81b89ff4d39525a8867a99285e4c7dee61/all_metadata.jsonl"", ""original_puzzled_pint_url"": ""https://puzzledpint.org/archive-puzzles/puzzles-september-2017/"", ""publisher"": ""MIT-MI / PuzzleWorld authors"", ""repository_revision_audited"": ""0a8fbcbd33c86a29a37f7348e1eb40315e17f5c2"", ""repository_url"": ""https://github.com/MIT-MI/PuzzleWorld""}","{""license"": {""dataset_card_evidence_url"": ""https://huggingface.co/datasets/hzli1202/PuzzleWorld/raw/23a11d81b89ff4d39525a8867a99285e4c7dee61/README.md"", ""name"": ""Creative Commons Attribution-NonCommercial-ShareAlike 4.0 International"", ""original_publisher_evidence_url"": ""https://puzzledpint.org/volunteering/write-puzzles/#license"", ""scope_note"": ""The pinned Hugging Face card front matter and repository tag say cc-by-nc-sa-4.0. Puzzled Pint states that all submitted puzzles use CC BY-NC-SA 4.0 and that authors retain copyright."", ""spdx"": ""CC-BY-NC-SA-4.0"", ""url"": ""https://creativecommons.org/licenses/by-nc-sa/4.0/""}, ""noncommercial"": true, ""permission_required_for_commercial"": true, ""redistribution_scope"": ""noncommercial_sharealike_only"", ""release_track"": ""noncommercial_sharealike"", ""rights_status"": ""cc_by_nc_sa_4_0_noncommercial_attribution_review_required"", ""share_alike_required"": true}"
puzzleworld-the-wheel-aa14ca55a2,PuzzleWorld,The Wheel,,logic_constraints,cryptography_ciphers | mixed_meta,logical_inference | constraint_propagation | encoding_decoding | indexing_extraction | meta_extraction | external_knowledge_linking | anagramming,image_puzzle | multi_part | meta_puzzle | logic_grid,"Title: The Wheel

When Alfred and his posse walk up to the roulette wheel, people take notice. Their vintage suits and old-school mannerisms command respect. The posse has spent most of their lives at 'the wheel.' Before they could recite the alphabet, they were spinning, spinning, spinning! And they live by two codes: First and foremost: decency matters – respecting one another's differences is crucial. Second, be proud of one's heritage. That may involve speaking one's native tongue, flying one's national flag. Whatever. Each member brings a unique perspective to the wheel, but to keep it simple, they each just play their own two favorite numbers every time.

The complete puzzle statement and its visual/structured clues are in the required question asset(s):
- https://huggingface.co/datasets/hzli1202/PuzzleWorld/resolve/23a11d81b89ff4d39525a8867a99285e4c7dee61/data/The_Wheel/content.png

Return the short canonical final answer.",ORIGINAL HAMSTERS,"1. The puzzle presents a roulette wheel surrounded by text about different members of a 'posse' who frequent the casino. Each member has specific interests and two favorite numbers.

2. Read each paragraph to identify the two favorite numbers for each character. For example, C-note mentions William and Kate's wedding '13 years ago' (in 2011), which gives us the numbers 20 and 11.

3. Notice that each bubble on the wheel contains a semaphore flag symbol in a specific color, and each color corresponds to one of the characters described.

4. For each character, calculate the difference between their two favorite numbers. For C-note's 20 and 11, the difference is 9, which corresponds to the letter 'I'.

5. Find the semaphore symbol for each character and determine what letter it represents. For C-note, the red semaphore symbol represents 'M'.

6. Do this for all characters: C-note (royal wedding, 2011), Alfred (Halloween and Feb 16), Damien (math powers, 25 and 32), Gustav (riddles), Howard (anagrams), Frankie (blackjack), Everett (military schedule), and Bubba (February).

7. The solution reveals that when the first letters (from the differences) are arranged in alphabetical order by the characters' names, they spell 'ORIGINAL'.

8. Similarly, the second letters (from the semaphore flags) spell 'HAMSTERS'.

9. The complete solution is 'ORIGINAL HAMSTERS', which is a play on the expression 'original gangsters' - fitting for this old-school casino posse.","{""bucket"": ""hard"", ""evidence"": ""upstream PuzzleWorld label""}",needs_review,True,"{""answer_only_scorable"": true, ""benchmark_core"": true, ""counts_toward_official_topic_score"": true, ""scoring_metric"": ""binary_accuracy"", ""time_limit_minutes"": 30, ""topic_scoring_group"": ""logic_constraints"", ""track"": ""answer_only_upstream_hard_core""}","{""collection"": ""PuzzleWorld"", ""dataset_revision"": ""23a11d81b89ff4d39525a8867a99285e4c7dee61"", ""dataset_url"": ""https://huggingface.co/datasets/hzli1202/PuzzleWorld"", ""metadata_url"": ""https://huggingface.co/datasets/hzli1202/PuzzleWorld/resolve/23a11d81b89ff4d39525a8867a99285e4c7dee61/all_metadata.jsonl"", ""original_puzzled_pint_url"": null, ""publisher"": ""MIT-MI / PuzzleWorld authors"", ""repository_revision_audited"": ""0a8fbcbd33c86a29a37f7348e1eb40315e17f5c2"", ""repository_url"": ""https://github.com/MIT-MI/PuzzleWorld""}","{""license"": {""dataset_card_evidence_url"": ""https://huggingface.co/datasets/hzli1202/PuzzleWorld/raw/23a11d81b89ff4d39525a8867a99285e4c7dee61/README.md"", ""name"": ""Creative Commons Attribution-NonCommercial-ShareAlike 4.0 International"", ""original_publisher_evidence_url"": ""https://puzzledpint.org/volunteering/write-puzzles/#license"", ""scope_note"": ""The pinned Hugging Face card front matter and repository tag say cc-by-nc-sa-4.0. Puzzled Pint states that all submitted puzzles use CC BY-NC-SA 4.0 and that authors retain copyright."", ""spdx"": ""CC-BY-NC-SA-4.0"", ""url"": ""https://creativecommons.org/licenses/by-nc-sa/4.0/""}, ""noncommercial"": true, ""permission_required_for_commercial"": true, ""redistribution_scope"": ""noncommercial_sharealike_only"", ""release_track"": ""noncommercial_sharealike"", ""rights_status"": ""cc_by_nc_sa_4_0_noncommercial_attribution_review_required"", ""share_alike_required"": true}"
puzzleworld-the-wheels-on-the-bus-4812c98220,PuzzleWorld,The Wheels on the Bus,,logic_constraints,word_language | mixed_meta,logical_inference | constraint_propagation | wordplay | lexical_search | external_knowledge_linking,multi_part | word_puzzle | logic_grid,"Title: The Wheels on the Bus

The wheels on the bus go round and round, Round and round, round and round. How do they feel, covering all that ground All through the town?

The complete puzzle statement and its visual/structured clues are in the required question asset(s):
- https://huggingface.co/datasets/hzli1202/PuzzleWorld/resolve/23a11d81b89ff4d39525a8867a99285e4c7dee61/data/The_Wheels_on_the_Bus/content.png

Return the short canonical final answer.",TIRED,"1. The puzzle presents a circular diagram with 18 clues, some of which have question marks followed by numbers in brackets (e.g., '??? [2]'). These indicate missing answers of specified lengths.

2. First, solve the regular clues: 'Common aquarium fish' = TETRA; 'Reef-forming organism' = CORAL; 'In addition' = TOO; 'Greek η, or approx. at a bus stop' = ETA; 'Foot components, or what a bus slowly does in traffic' = TOES; 'Flexible firetruck tube' = HOSE; 'Starting bet in poker' = ANTE; 'Low female vocal range' = ALTO; 'Prefix for potent or bus' = OMNI; 'Wind direction indicator' = VANE; 'The Queen's Gambit game' = CHESS; 'Type of waterfowl or foolish old man' = COOT; 'Greek ρ, with a homophone appearing thrice in another puzzle's title' = RHO.

3. The clues with question marks are for different types of wheeled vehicles, but each is missing one letter. These are the key to solving the puzzle.

4. For clue 4, the missing answer is 'MINIVAN' with the letter 'I' missing (M_NIVAN).

5. For clue 7, the missing answer is 'SCOOTER' with the letter 'E' missing (SCOOT_R).

6. For clue 10, the missing answer is 'TRACTOR' with the letter 'T' missing (_RACTOR).

7. For clue 14, the missing answer is 'TRAIN' with the letter 'R' missing (T_AIN).

8. For clue 18, the missing answer is 'SEDAN' with the letter 'D' missing (SE_AN).

9. The missing letters, when read in wheel order (as indicated by the numbers 1-11 around the wheel), spell 'TIRED'.

10. This answers the question posed in the flavor text about how the wheels feel after going round and round all day - they're 'TIRED', which is the final answer.","{""bucket"": ""hard"", ""evidence"": ""upstream PuzzleWorld label""}",needs_review,True,"{""answer_only_scorable"": true, ""benchmark_core"": true, ""counts_toward_official_topic_score"": true, ""scoring_metric"": ""binary_accuracy"", ""time_limit_minutes"": 30, ""topic_scoring_group"": ""logic_constraints"", ""track"": ""answer_only_upstream_hard_core""}","{""collection"": ""PuzzleWorld"", ""dataset_revision"": ""23a11d81b89ff4d39525a8867a99285e4c7dee61"", ""dataset_url"": ""https://huggingface.co/datasets/hzli1202/PuzzleWorld"", ""metadata_url"": ""https://huggingface.co/datasets/hzli1202/PuzzleWorld/resolve/23a11d81b89ff4d39525a8867a99285e4c7dee61/all_metadata.jsonl"", ""original_puzzled_pint_url"": null, ""publisher"": ""MIT-MI / PuzzleWorld authors"", ""repository_revision_audited"": ""0a8fbcbd33c86a29a37f7348e1eb40315e17f5c2"", ""repository_url"": ""https://github.com/MIT-MI/PuzzleWorld""}","{""license"": {""dataset_card_evidence_url"": ""https://huggingface.co/datasets/hzli1202/PuzzleWorld/raw/23a11d81b89ff4d39525a8867a99285e4c7dee61/README.md"", ""name"": ""Creative Commons Attribution-NonCommercial-ShareAlike 4.0 International"", ""original_publisher_evidence_url"": ""https://puzzledpint.org/volunteering/write-puzzles/#license"", ""scope_note"": ""The pinned Hugging Face card front matter and repository tag say cc-by-nc-sa-4.0. Puzzled Pint states that all submitted puzzles use CC BY-NC-SA 4.0 and that authors retain copyright."", ""spdx"": ""CC-BY-NC-SA-4.0"", ""url"": ""https://creativecommons.org/licenses/by-nc-sa/4.0/""}, ""noncommercial"": true, ""permission_required_for_commercial"": true, ""redistribution_scope"": ""noncommercial_sharealike_only"", ""release_track"": ""noncommercial_sharealike"", ""rights_status"": ""cc_by_nc_sa_4_0_noncommercial_attribution_review_required"", ""share_alike_required"": true}"
puzzleworld-the-when-v-of-all-of-your-friends-1cd1b2487c,PuzzleWorld,The When-V of All of Your Friends,,logic_constraints,cryptography_ciphers | geometry_spatial,logical_inference | constraint_propagation | encoding_decoding | indexing_extraction | meta_extraction | spatial_visualization | visual_decoding,image_puzzle | multi_part | meta_puzzle | logic_grid | cryptogram,"Title: The When-V of All of Your Friends

Irene, Val, and Xavier are jealous that you managed to climb up on top of the massive clock that you found lying face up in the strange store. From their perspectives, they can barely see the side of the raised numerals that dot the clock's outer edge. Too vexed to dash about, they stay at their initial positions and call out instructions for you to rotate the clock face so they can get a better view.

The complete puzzle statement and its visual/structured clues are in the required question asset(s):
- https://huggingface.co/datasets/hzli1202/PuzzleWorld/resolve/23a11d81b89ff4d39525a8867a99285e4c7dee61/data/The_When_V_of_All_of_Your_Friends/content1.png
- https://huggingface.co/datasets/hzli1202/PuzzleWorld/resolve/23a11d81b89ff4d39525a8867a99285e4c7dee61/data/The_When_V_of_All_of_Your_Friends/content2.png

Return the short canonical final answer.",SECOND HAND,"1. The puzzle presents a clock face with three friends (Irene, Val, and Xavier) positioned around it, each giving instructions to rotate the clock.

2. The first insight is that the raised numerals on the clock's edge are significant, and each friend can see different parts of these from their perspectives.

3. Following the rotation instructions given by each friend, we need to track what each person would see at their position as the clock rotates.

4. The raised edges of the numerals actually form Morse code patterns when viewed from each friend's position.

5. From Irene's perspective, we can decode the Morse code to get the letters: N, I, N, E.

6. From Val's perspective, we get: S, E, V, E, N.

7. From Xavier's perspective, we get: T, E, N.

8. Moving the clock hand to these hours in order (IX, VII, X) gives us letters at each position on the clock.

9. Reading these letters in order gives us: S, EC, O for IX; N, D, H for VII; and A, N, D for X.

10. Combining these letters reveals the phrase 'SECOND HAND', which is the solution - referring to both the clock's second hand and that this is a secondhand store.","{""bucket"": ""hard"", ""evidence"": ""upstream PuzzleWorld label""}",needs_review,True,"{""answer_only_scorable"": true, ""benchmark_core"": true, ""counts_toward_official_topic_score"": true, ""scoring_metric"": ""binary_accuracy"", ""time_limit_minutes"": 30, ""topic_scoring_group"": ""logic_constraints"", ""track"": ""answer_only_upstream_hard_core""}","{""collection"": ""PuzzleWorld"", ""dataset_revision"": ""23a11d81b89ff4d39525a8867a99285e4c7dee61"", ""dataset_url"": ""https://huggingface.co/datasets/hzli1202/PuzzleWorld"", ""metadata_url"": ""https://huggingface.co/datasets/hzli1202/PuzzleWorld/resolve/23a11d81b89ff4d39525a8867a99285e4c7dee61/all_metadata.jsonl"", ""original_puzzled_pint_url"": null, ""publisher"": ""MIT-MI / PuzzleWorld authors"", ""repository_revision_audited"": ""0a8fbcbd33c86a29a37f7348e1eb40315e17f5c2"", ""repository_url"": ""https://github.com/MIT-MI/PuzzleWorld""}","{""license"": {""dataset_card_evidence_url"": ""https://huggingface.co/datasets/hzli1202/PuzzleWorld/raw/23a11d81b89ff4d39525a8867a99285e4c7dee61/README.md"", ""name"": ""Creative Commons Attribution-NonCommercial-ShareAlike 4.0 International"", ""original_publisher_evidence_url"": ""https://puzzledpint.org/volunteering/write-puzzles/#license"", ""scope_note"": ""The pinned Hugging Face card front matter and repository tag say cc-by-nc-sa-4.0. Puzzled Pint states that all submitted puzzles use CC BY-NC-SA 4.0 and that authors retain copyright."", ""spdx"": ""CC-BY-NC-SA-4.0"", ""url"": ""https://creativecommons.org/licenses/by-nc-sa/4.0/""}, ""noncommercial"": true, ""permission_required_for_commercial"": true, ""redistribution_scope"": ""noncommercial_sharealike_only"", ""release_track"": ""noncommercial_sharealike"", ""rights_status"": ""cc_by_nc_sa_4_0_noncommercial_attribution_review_required"", ""share_alike_required"": true}"
puzzleworld-thing-one-and-thing-two-f2d6f59f33,PuzzleWorld,THING ONE AND THING TWO,,logic_constraints,word_language | cryptography_ciphers,logical_inference | constraint_propagation | wordplay | lexical_search | encoding_decoding | indexing_extraction | meta_extraction | crossword_solving,multi_part | word_puzzle | meta_puzzle | logic_grid | crossword,"Title: THING ONE AND THING TWO

Thing One and Thing Two like to walk as a pair. They walk with some friends that some people compare. Friends walk with one friend on the left OR the right. And things might make sense! Yes now, really, they might!

The complete puzzle statement and its visual/structured clues are in the required question asset(s):
- https://huggingface.co/datasets/hzli1202/PuzzleWorld/resolve/23a11d81b89ff4d39525a8867a99285e4c7dee61/data/Thing_One_and_Thing_Two/content.png

Return the short canonical final answer.",TAME META,"1. The puzzle presents 11 clues that each describe a pair of related words. The flavor text suggests we're looking for word pairs where one word can appear on the left or right of another word to form sensible phrases.

2. Clue 1: 'A place sticking out horizontally off a roof that people who had too much to drink the night before might convene under the next morning (8 8)' refers to HANGOVER and OVERHANG.

3. Clue 2: 'A short recess to grab a drink in the middle of a hot workday on a barrier protecting a harbor (10 5 5)' refers to BREAKWATER and WATER-BREAK.

4. Clue 3: 'A spewing hot-spring named after one of Google's founders (6 6)' refers to SERGEY and GEYSER, forming SERGEY GEYSER.

5. Clue 4: 'A strategic action using a tiny brand-name mint (6 6)' refers to TICTAC and TACTIC.

6. Clue 5: 'Sitting atop a galloping horse named after actress Bergman (6 6)' refers to RIDING and INGRID, forming RIDING INGRID.

7. Clue 6: 'Groups of icons found at the top of desktop office applications that let you open, save, or print a pub seat (8 8)' refers to BARSTOOL and TOOLBARS.

8. Clue 7: 'Hot rooms in spas in the capital of The Bahamas (6 6)' refers to NASSAU and SAUNAS.

9. Clue 8: 'Radiate out one part of a list (4 4)' refers to EMIT and ITEM.

10. Clue 9: 'What fire-fighters might do at the end of a long day, but in a smoky, breezy place if the fire is still raging (4 4 8)' refers to WIND-DOWN and DOWN-WIND.

11. Clue 10: 'When Beavis calls it when he taps his noggin with his friend (8 8)' refers to BUTTHEAD and HEADBUTT.

12. Clue 11: 'What baby Jesus might have laid in if he was born in Berlin instead of Bethlehem (6 6)' refers to GERMAN and MANGER.

13. The final question asks 'What might you hope for at the end of this evening? (4 4)'. This is our target answer.

14. Looking at the partially filled crossword grid provided, we need to fit our word pairs into the grid.

15. When the grid is completely filled with all the word pairs, we can read the highlighted squares to find the answer: TAME META, which is indeed what solvers would hope for at the end of a puzzle evening - a meta puzzle that's not too difficult.","{""bucket"": ""hard"", ""evidence"": ""upstream PuzzleWorld label""}",needs_review,True,"{""answer_only_scorable"": true, ""benchmark_core"": true, ""counts_toward_official_topic_score"": true, ""scoring_metric"": ""binary_accuracy"", ""time_limit_minutes"": 30, ""topic_scoring_group"": ""logic_constraints"", ""track"": ""answer_only_upstream_hard_core""}","{""collection"": ""PuzzleWorld"", ""dataset_revision"": ""23a11d81b89ff4d39525a8867a99285e4c7dee61"", ""dataset_url"": ""https://huggingface.co/datasets/hzli1202/PuzzleWorld"", ""metadata_url"": ""https://huggingface.co/datasets/hzli1202/PuzzleWorld/resolve/23a11d81b89ff4d39525a8867a99285e4c7dee61/all_metadata.jsonl"", ""original_puzzled_pint_url"": null, ""publisher"": ""MIT-MI / PuzzleWorld authors"", ""repository_revision_audited"": ""0a8fbcbd33c86a29a37f7348e1eb40315e17f5c2"", ""repository_url"": ""https://github.com/MIT-MI/PuzzleWorld""}","{""license"": {""dataset_card_evidence_url"": ""https://huggingface.co/datasets/hzli1202/PuzzleWorld/raw/23a11d81b89ff4d39525a8867a99285e4c7dee61/README.md"", ""name"": ""Creative Commons Attribution-NonCommercial-ShareAlike 4.0 International"", ""original_publisher_evidence_url"": ""https://puzzledpint.org/volunteering/write-puzzles/#license"", ""scope_note"": ""The pinned Hugging Face card front matter and repository tag say cc-by-nc-sa-4.0. Puzzled Pint states that all submitted puzzles use CC BY-NC-SA 4.0 and that authors retain copyright."", ""spdx"": ""CC-BY-NC-SA-4.0"", ""url"": ""https://creativecommons.org/licenses/by-nc-sa/4.0/""}, ""noncommercial"": true, ""permission_required_for_commercial"": true, ""redistribution_scope"": ""noncommercial_sharealike_only"", ""release_track"": ""noncommercial_sharealike"", ""rights_status"": ""cc_by_nc_sa_4_0_noncommercial_attribution_review_required"", ""share_alike_required"": true}"
puzzleworld-tic-tac-toe-taken-to-the-next-level-3692e404d4,PuzzleWorld,Tic Tac Toe...taken to the next level,,logic_constraints,geometry_spatial | cryptography_ciphers,logical_inference | constraint_propagation | spatial_visualization | visual_decoding | encoding_decoding | indexing_extraction | meta_extraction,image_puzzle | multi_part | meta_puzzle | logic_grid | cryptogram,"Title: Tic Tac Toe...taken to the next level

Samantha and Claire enjoy playing tic-tac-toe (#classicgame, #pointlessastime), but they have made up some pretty crazy rules

The complete puzzle statement and its visual/structured clues are in the required question asset(s):
- https://huggingface.co/datasets/hzli1202/PuzzleWorld/resolve/23a11d81b89ff4d39525a8867a99285e4c7dee61/data/tic_tac_toe/content.png

Return the short canonical final answer.",POUND SIGN,"1. Fill each grid so that they're symmetrical along the dashed line of symmetry.

2. The ordered pair on the side of the row indicates the number of wins for each of X and O. The large numbers in each row and column represent the total number of X's in each row or column.
   Reasoning figure: https://huggingface.co/datasets/hzli1202/PuzzleWorld/resolve/23a11d81b89ff4d39525a8867a99285e4c7dee61/data/tic_tac_toe/figure1.png

3. After filling in all grids, trace the X's to find patterns.
   Reasoning figure: https://huggingface.co/datasets/hzli1202/PuzzleWorld/resolve/23a11d81b89ff4d39525a8867a99285e4c7dee61/data/tic_tac_toe/figure1.png

4. Deciphering each pattern using Pigpen cipher spells out 'POUND SIGN', the solution","{""bucket"": ""hard"", ""evidence"": ""upstream PuzzleWorld label""}",needs_review,True,"{""answer_only_scorable"": true, ""benchmark_core"": true, ""counts_toward_official_topic_score"": true, ""scoring_metric"": ""binary_accuracy"", ""time_limit_minutes"": 30, ""topic_scoring_group"": ""logic_constraints"", ""track"": ""answer_only_upstream_hard_core""}","{""collection"": ""PuzzleWorld"", ""dataset_revision"": ""23a11d81b89ff4d39525a8867a99285e4c7dee61"", ""dataset_url"": ""https://huggingface.co/datasets/hzli1202/PuzzleWorld"", ""metadata_url"": ""https://huggingface.co/datasets/hzli1202/PuzzleWorld/resolve/23a11d81b89ff4d39525a8867a99285e4c7dee61/all_metadata.jsonl"", ""original_puzzled_pint_url"": ""https://puzzledpint.org/events/october-2022/"", ""publisher"": ""MIT-MI / PuzzleWorld authors"", ""repository_revision_audited"": ""0a8fbcbd33c86a29a37f7348e1eb40315e17f5c2"", ""repository_url"": ""https://github.com/MIT-MI/PuzzleWorld""}","{""license"": {""dataset_card_evidence_url"": ""https://huggingface.co/datasets/hzli1202/PuzzleWorld/raw/23a11d81b89ff4d39525a8867a99285e4c7dee61/README.md"", ""name"": ""Creative Commons Attribution-NonCommercial-ShareAlike 4.0 International"", ""original_publisher_evidence_url"": ""https://puzzledpint.org/volunteering/write-puzzles/#license"", ""scope_note"": ""The pinned Hugging Face card front matter and repository tag say cc-by-nc-sa-4.0. Puzzled Pint states that all submitted puzzles use CC BY-NC-SA 4.0 and that authors retain copyright."", ""spdx"": ""CC-BY-NC-SA-4.0"", ""url"": ""https://creativecommons.org/licenses/by-nc-sa/4.0/""}, ""noncommercial"": true, ""permission_required_for_commercial"": true, ""redistribution_scope"": ""noncommercial_sharealike_only"", ""release_track"": ""noncommercial_sharealike"", ""rights_status"": ""cc_by_nc_sa_4_0_noncommercial_attribution_review_required"", ""share_alike_required"": true}"
puzzleworld-transit-planning-5156a84811,PuzzleWorld,Transit Planning,,logic_constraints,geometry_spatial,logical_inference | constraint_propagation | spatial_visualization | visual_decoding,multi_part | logic_grid | path_route,"Title: Transit Planning

Connect Portland's neighborhoods with high-quality transit! Each neighborhood (represented by a circle) must be serviced by the given number of bus routes. Up to two routes may directly connect each pair of neighborhoods. Good transit is important, so all the neighborhoods must be connected in one network. Portland is laid out as a grid – routes are only vertical or horizontal. Finally, routes cannot cross.

The complete puzzle statement and its visual/structured clues are in the required question asset(s):
- https://huggingface.co/datasets/hzli1202/PuzzleWorld/resolve/23a11d81b89ff4d39525a8867a99285e4c7dee61/data/Transit_Planning/content.png

Return the short canonical final answer.",JOURNEY,"1. This is a 'bridges' or 'networking' type puzzle where we need to connect nodes (neighborhoods) with a specific number of connections (bus routes) for each node. The number inside each circle indicates how many connections that neighborhood needs.

2. We must follow several constraints: connections can only be horizontal or vertical (grid layout), connections cannot cross each other, all neighborhoods must be connected in one network, and each pair of neighborhoods can have at most two direct connections.

3. Starting with the neighborhoods that have higher numbers (like those with 5 or 6 connections needed), we begin drawing connections that satisfy the constraints.

4. Through logical deduction and trial-and-error, we work out a valid network of connections that satisfies all the constraints. This is shown in the solution with red lines connecting various neighborhoods.

5. After completing the network, we notice there are letters between the neighborhoods that weren't used in making connections. These are the 'leftover' letters.

6. When we read these leftover letters, they spell 'WHEELINTHESKYBAND'. This is a reference to the song 'Wheel in the Sky' by the band JOURNEY.

7. JOURNEY is therefore the answer to the puzzle.","{""bucket"": ""hard"", ""evidence"": ""upstream PuzzleWorld label""}",needs_review,True,"{""answer_only_scorable"": true, ""benchmark_core"": true, ""counts_toward_official_topic_score"": true, ""scoring_metric"": ""binary_accuracy"", ""time_limit_minutes"": 30, ""topic_scoring_group"": ""logic_constraints"", ""track"": ""answer_only_upstream_hard_core""}","{""collection"": ""PuzzleWorld"", ""dataset_revision"": ""23a11d81b89ff4d39525a8867a99285e4c7dee61"", ""dataset_url"": ""https://huggingface.co/datasets/hzli1202/PuzzleWorld"", ""metadata_url"": ""https://huggingface.co/datasets/hzli1202/PuzzleWorld/resolve/23a11d81b89ff4d39525a8867a99285e4c7dee61/all_metadata.jsonl"", ""original_puzzled_pint_url"": null, ""publisher"": ""MIT-MI / PuzzleWorld authors"", ""repository_revision_audited"": ""0a8fbcbd33c86a29a37f7348e1eb40315e17f5c2"", ""repository_url"": ""https://github.com/MIT-MI/PuzzleWorld""}","{""license"": {""dataset_card_evidence_url"": ""https://huggingface.co/datasets/hzli1202/PuzzleWorld/raw/23a11d81b89ff4d39525a8867a99285e4c7dee61/README.md"", ""name"": ""Creative Commons Attribution-NonCommercial-ShareAlike 4.0 International"", ""original_publisher_evidence_url"": ""https://puzzledpint.org/volunteering/write-puzzles/#license"", ""scope_note"": ""The pinned Hugging Face card front matter and repository tag say cc-by-nc-sa-4.0. Puzzled Pint states that all submitted puzzles use CC BY-NC-SA 4.0 and that authors retain copyright."", ""spdx"": ""CC-BY-NC-SA-4.0"", ""url"": ""https://creativecommons.org/licenses/by-nc-sa/4.0/""}, ""noncommercial"": true, ""permission_required_for_commercial"": true, ""redistribution_scope"": ""noncommercial_sharealike_only"", ""release_track"": ""noncommercial_sharealike"", ""rights_status"": ""cc_by_nc_sa_4_0_noncommercial_attribution_review_required"", ""share_alike_required"": true}"
puzzleworld-transportation-becbac154d,PuzzleWorld,Transportation,,logic_constraints,mixed_meta,logical_inference | constraint_propagation | external_knowledge_linking | information_synthesis | indexing_extraction,image_puzzle | multi_part | logic_grid,"Title: Transportation

...limosines, bicycles built for two, Trimet bus, Piggyback rides, motorcycles, or carriage rides?

 Pat couldn't decide which mode of transit was most likely to impress Chris for their first date. Solve the grid to determine the color of the vehicle.

The complete puzzle statement and its visual/structured clues are in the required question asset(s):
- https://huggingface.co/datasets/hzli1202/PuzzleWorld/resolve/23a11d81b89ff4d39525a8867a99285e4c7dee61/data/Transportation/content.png

Return the short canonical final answer.",CRANBERRY,"1. Notice the grid is a sudoku grid, with exactly 9 types of vehicles in the grid.

2. Solve the sudoku grid.
   Reasoning figure: https://huggingface.co/datasets/hzli1202/PuzzleWorld/resolve/23a11d81b89ff4d39525a8867a99285e4c7dee61/data/Transportation/figure1.png

3. Identify the mode of transportation in each numbered box in the sudoku.

4. Extract the answer by indexing into each mode of transportation using the number in the box, which gets the answer ""CRANBERRY"".","{""bucket"": ""hard"", ""evidence"": ""upstream PuzzleWorld label""}",needs_review,True,"{""answer_only_scorable"": true, ""benchmark_core"": true, ""counts_toward_official_topic_score"": true, ""scoring_metric"": ""binary_accuracy"", ""time_limit_minutes"": 30, ""topic_scoring_group"": ""logic_constraints"", ""track"": ""answer_only_upstream_hard_core""}","{""collection"": ""PuzzleWorld"", ""dataset_revision"": ""23a11d81b89ff4d39525a8867a99285e4c7dee61"", ""dataset_url"": ""https://huggingface.co/datasets/hzli1202/PuzzleWorld"", ""metadata_url"": ""https://huggingface.co/datasets/hzli1202/PuzzleWorld/resolve/23a11d81b89ff4d39525a8867a99285e4c7dee61/all_metadata.jsonl"", ""original_puzzled_pint_url"": ""https://puzzledpint.org/archive-files/9312/9883/6538/transportation_puzzle.pdf"", ""publisher"": ""MIT-MI / PuzzleWorld authors"", ""repository_revision_audited"": ""0a8fbcbd33c86a29a37f7348e1eb40315e17f5c2"", ""repository_url"": ""https://github.com/MIT-MI/PuzzleWorld""}","{""license"": {""dataset_card_evidence_url"": ""https://huggingface.co/datasets/hzli1202/PuzzleWorld/raw/23a11d81b89ff4d39525a8867a99285e4c7dee61/README.md"", ""name"": ""Creative Commons Attribution-NonCommercial-ShareAlike 4.0 International"", ""original_publisher_evidence_url"": ""https://puzzledpint.org/volunteering/write-puzzles/#license"", ""scope_note"": ""The pinned Hugging Face card front matter and repository tag say cc-by-nc-sa-4.0. Puzzled Pint states that all submitted puzzles use CC BY-NC-SA 4.0 and that authors retain copyright."", ""spdx"": ""CC-BY-NC-SA-4.0"", ""url"": ""https://creativecommons.org/licenses/by-nc-sa/4.0/""}, ""noncommercial"": true, ""permission_required_for_commercial"": true, ""redistribution_scope"": ""noncommercial_sharealike_only"", ""release_track"": ""noncommercial_sharealike"", ""rights_status"": ""cc_by_nc_sa_4_0_noncommercial_attribution_review_required"", ""share_alike_required"": true}"
puzzleworld-travels-524fdec826,PuzzleWorld,Travels,,logic_constraints,cryptography_ciphers,logical_inference | constraint_propagation | encoding_decoding | indexing_extraction | meta_extraction | information_synthesis,image_puzzle | meta_puzzle,"Title: Travels

During their travels, the sailors amassed a large collection of flags from places they'd been. The flags were important to them, but the names of their respective countries were not. (So don't look them up!) Instead, they calculated another way to communicate with them. Here they're telling you how many countries they've visited total.

The complete puzzle statement and its visual/structured clues are in the required question asset(s):
- https://huggingface.co/datasets/hzli1202/PuzzleWorld/resolve/23a11d81b89ff4d39525a8867a99285e4c7dee61/data/Travels/content.png

Return the short canonical final answer.",FOURTY FIVE,"1. Convert the semaphore each sailor is signaling into numbers using A1Z26.

2. Notice that the sailors have a flag in the right hand that acts as a basic arithmetic operator (+, -, *, /).

3. Notice the flag on the sailors' left hand has a certain number of stars on them.

4. Manipulate/process each sailor by performing the operation (number of stars) (arithmetic operation) (semaphore number).

5. Notice the processed letters spell out ""USA RUSSIA CHINA"".

6. Perform the same operation as previously to get 50-5=45 which converted to english means the final answer is ""FOURTY FIVE"".","{""bucket"": ""hard"", ""evidence"": ""upstream PuzzleWorld label""}",needs_review,True,"{""answer_only_scorable"": true, ""benchmark_core"": true, ""counts_toward_official_topic_score"": true, ""scoring_metric"": ""binary_accuracy"", ""time_limit_minutes"": 30, ""topic_scoring_group"": ""logic_constraints"", ""track"": ""answer_only_upstream_hard_core""}","{""collection"": ""PuzzleWorld"", ""dataset_revision"": ""23a11d81b89ff4d39525a8867a99285e4c7dee61"", ""dataset_url"": ""https://huggingface.co/datasets/hzli1202/PuzzleWorld"", ""metadata_url"": ""https://huggingface.co/datasets/hzli1202/PuzzleWorld/resolve/23a11d81b89ff4d39525a8867a99285e4c7dee61/all_metadata.jsonl"", ""original_puzzled_pint_url"": ""https://puzzledpint.org/archive-files/1914/4068/5107/sema-four.pdf"", ""publisher"": ""MIT-MI / PuzzleWorld authors"", ""repository_revision_audited"": ""0a8fbcbd33c86a29a37f7348e1eb40315e17f5c2"", ""repository_url"": ""https://github.com/MIT-MI/PuzzleWorld""}","{""license"": {""dataset_card_evidence_url"": ""https://huggingface.co/datasets/hzli1202/PuzzleWorld/raw/23a11d81b89ff4d39525a8867a99285e4c7dee61/README.md"", ""name"": ""Creative Commons Attribution-NonCommercial-ShareAlike 4.0 International"", ""original_publisher_evidence_url"": ""https://puzzledpint.org/volunteering/write-puzzles/#license"", ""scope_note"": ""The pinned Hugging Face card front matter and repository tag say cc-by-nc-sa-4.0. Puzzled Pint states that all submitted puzzles use CC BY-NC-SA 4.0 and that authors retain copyright."", ""spdx"": ""CC-BY-NC-SA-4.0"", ""url"": ""https://creativecommons.org/licenses/by-nc-sa/4.0/""}, ""noncommercial"": true, ""permission_required_for_commercial"": true, ""redistribution_scope"": ""noncommercial_sharealike_only"", ""release_track"": ""noncommercial_sharealike"", ""rights_status"": ""cc_by_nc_sa_4_0_noncommercial_attribution_review_required"", ""share_alike_required"": true}"
puzzleworld-trivia-in-the-park-16f682a91c,PuzzleWorld,Trivia in the Park,,logic_constraints,mixed_meta | cryptography_ciphers,logical_inference | constraint_propagation | external_knowledge_linking | encoding_decoding | indexing_extraction | meta_extraction,image_puzzle | meta_puzzle | path_route,"Title: Trivia in the Park

You find scraps of a Portland trivia contest scattered in the park. Can you piece them together?

The complete puzzle statement and its visual/structured clues are in the required question asset(s):
- https://huggingface.co/datasets/hzli1202/PuzzleWorld/resolve/23a11d81b89ff4d39525a8867a99285e4c7dee61/data/Trivia_in_the_Park/content.png

Return the short canonical final answer.",BIKEPATH,"1. Each clue refers to a famous bridge in Portland. Match each clue to its respective bridge, including: Fremont, Broadway, Steel, Burnside, Morrison, Hawthorne, Marquam, and Ross Island.

2. Rearrange the bridges in north-to-south order. In order, they are: Fremont, Broadway, Steel, Burnside, Morrison, Hawthorne, Marquam, Ross Island.

3. Convert the clue numbers to letters (A = 1, B = 2, etc.). The resulting letters spell 'BIKEPATH', which is the solution.","{""bucket"": ""hard"", ""evidence"": ""upstream PuzzleWorld label""}",needs_review,True,"{""answer_only_scorable"": true, ""benchmark_core"": true, ""counts_toward_official_topic_score"": true, ""scoring_metric"": ""binary_accuracy"", ""time_limit_minutes"": 30, ""topic_scoring_group"": ""logic_constraints"", ""track"": ""answer_only_upstream_hard_core""}","{""collection"": ""PuzzleWorld"", ""dataset_revision"": ""23a11d81b89ff4d39525a8867a99285e4c7dee61"", ""dataset_url"": ""https://huggingface.co/datasets/hzli1202/PuzzleWorld"", ""metadata_url"": ""https://huggingface.co/datasets/hzli1202/PuzzleWorld/resolve/23a11d81b89ff4d39525a8867a99285e4c7dee61/all_metadata.jsonl"", ""original_puzzled_pint_url"": null, ""publisher"": ""MIT-MI / PuzzleWorld authors"", ""repository_revision_audited"": ""0a8fbcbd33c86a29a37f7348e1eb40315e17f5c2"", ""repository_url"": ""https://github.com/MIT-MI/PuzzleWorld""}","{""license"": {""dataset_card_evidence_url"": ""https://huggingface.co/datasets/hzli1202/PuzzleWorld/raw/23a11d81b89ff4d39525a8867a99285e4c7dee61/README.md"", ""name"": ""Creative Commons Attribution-NonCommercial-ShareAlike 4.0 International"", ""original_publisher_evidence_url"": ""https://puzzledpint.org/volunteering/write-puzzles/#license"", ""scope_note"": ""The pinned Hugging Face card front matter and repository tag say cc-by-nc-sa-4.0. Puzzled Pint states that all submitted puzzles use CC BY-NC-SA 4.0 and that authors retain copyright."", ""spdx"": ""CC-BY-NC-SA-4.0"", ""url"": ""https://creativecommons.org/licenses/by-nc-sa/4.0/""}, ""noncommercial"": true, ""permission_required_for_commercial"": true, ""redistribution_scope"": ""noncommercial_sharealike_only"", ""release_track"": ""noncommercial_sharealike"", ""rights_status"": ""cc_by_nc_sa_4_0_noncommercial_attribution_review_required"", ""share_alike_required"": true}"
puzzleworld-twister-27b28edaaf,PuzzleWorld,Twister,,logic_constraints,geometry_spatial,logical_inference | constraint_propagation | spatial_visualization | visual_decoding,multi_part | logic_grid,"Title: Twister

Ava and Bailey decided to play a game of Twister using only the first, second, and third rows of spots on the mat.

The complete puzzle statement and its visual/structured clues are in the required question asset(s):
- https://huggingface.co/datasets/hzli1202/PuzzleWorld/resolve/23a11d81b89ff4d39525a8867a99285e4c7dee61/data/twister/content.png

Return the short canonical final answer.",TIED UP IN KNOTS,"1. Each player takes turns placing their hands and feet according to the given conditions.

2. By tracking these movements, you can determine the final placements. Looking at step 6, we know that Ava's last turn was Y1, 2 spots away is R1, so therefore Bailey's left hand must be on red.

3. Step 8 hints that Ava used her foot in turn 7, and it should be the right foot, since Step 7 specified that it was her right side.

4. Continue using the clues to find the correct hand/foot on each circle.
   Reasoning figure: https://huggingface.co/datasets/hzli1202/PuzzleWorld/resolve/23a11d81b89ff4d39525a8867a99285e4c7dee61/data/twister/figure1.png

5. Convert the correct body member and square into Morse code to fill in the empty circles.
   Reasoning figure: https://huggingface.co/datasets/hzli1202/PuzzleWorld/resolve/23a11d81b89ff4d39525a8867a99285e4c7dee61/data/twister/figure2.png

6. The final solution is derived rebus-style, with 'TIED' going up inside 'KNOTS' to form 'TIED UP IN KNOTS'.","{""bucket"": ""hard"", ""evidence"": ""upstream PuzzleWorld label""}",needs_review,True,"{""answer_only_scorable"": true, ""benchmark_core"": true, ""counts_toward_official_topic_score"": true, ""scoring_metric"": ""binary_accuracy"", ""time_limit_minutes"": 30, ""topic_scoring_group"": ""logic_constraints"", ""track"": ""answer_only_upstream_hard_core""}","{""collection"": ""PuzzleWorld"", ""dataset_revision"": ""23a11d81b89ff4d39525a8867a99285e4c7dee61"", ""dataset_url"": ""https://huggingface.co/datasets/hzli1202/PuzzleWorld"", ""metadata_url"": ""https://huggingface.co/datasets/hzli1202/PuzzleWorld/resolve/23a11d81b89ff4d39525a8867a99285e4c7dee61/all_metadata.jsonl"", ""original_puzzled_pint_url"": null, ""publisher"": ""MIT-MI / PuzzleWorld authors"", ""repository_revision_audited"": ""0a8fbcbd33c86a29a37f7348e1eb40315e17f5c2"", ""repository_url"": ""https://github.com/MIT-MI/PuzzleWorld""}","{""license"": {""dataset_card_evidence_url"": ""https://huggingface.co/datasets/hzli1202/PuzzleWorld/raw/23a11d81b89ff4d39525a8867a99285e4c7dee61/README.md"", ""name"": ""Creative Commons Attribution-NonCommercial-ShareAlike 4.0 International"", ""original_publisher_evidence_url"": ""https://puzzledpint.org/volunteering/write-puzzles/#license"", ""scope_note"": ""The pinned Hugging Face card front matter and repository tag say cc-by-nc-sa-4.0. Puzzled Pint states that all submitted puzzles use CC BY-NC-SA 4.0 and that authors retain copyright."", ""spdx"": ""CC-BY-NC-SA-4.0"", ""url"": ""https://creativecommons.org/licenses/by-nc-sa/4.0/""}, ""noncommercial"": true, ""permission_required_for_commercial"": true, ""redistribution_scope"": ""noncommercial_sharealike_only"", ""release_track"": ""noncommercial_sharealike"", ""rights_status"": ""cc_by_nc_sa_4_0_noncommercial_attribution_review_required"", ""share_alike_required"": true}"
puzzleworld-unbridled-optimism-e9f86ef4d0,PuzzleWorld,Unbridled Optimism,,logic_constraints,geometry_spatial | cryptography_ciphers,logical_inference | constraint_propagation | spatial_visualization | visual_decoding | encoding_decoding | indexing_extraction | meta_extraction,multi_part | meta_puzzle | logic_grid | cryptogram,"Title: Unbridled Optimism

Flowers blooming, days lengthening, warmth returning...and unbridled optimism always welling forth...

The complete puzzle statement and its visual/structured clues are in the required question asset(s):
- https://huggingface.co/datasets/hzli1202/PuzzleWorld/resolve/23a11d81b89ff4d39525a8867a99285e4c7dee61/data/unbridled_optimism/content.png

Return the short canonical final answer.",HOPE SPRINGS ETERNAL,"1. Solve for the five words using the given clues. In order, they are: STEP, HEM, BACH, POP, MANY.

2. Cut out the L-shaped figure as instructed.

3. Fold the shape following the numbered fold lines, keeping the circle always facing down.

4. Observe that letters on the folds align face-to-face, revealing a cipher where letters on adjacent faces map to each other

5. Use the cipher to transform the five words into 'HOPE SPRINGS ETERNAL'.","{""bucket"": ""hard"", ""evidence"": ""upstream PuzzleWorld label""}",needs_review,True,"{""answer_only_scorable"": true, ""benchmark_core"": true, ""counts_toward_official_topic_score"": true, ""scoring_metric"": ""binary_accuracy"", ""time_limit_minutes"": 30, ""topic_scoring_group"": ""logic_constraints"", ""track"": ""answer_only_upstream_hard_core""}","{""collection"": ""PuzzleWorld"", ""dataset_revision"": ""23a11d81b89ff4d39525a8867a99285e4c7dee61"", ""dataset_url"": ""https://huggingface.co/datasets/hzli1202/PuzzleWorld"", ""metadata_url"": ""https://huggingface.co/datasets/hzli1202/PuzzleWorld/resolve/23a11d81b89ff4d39525a8867a99285e4c7dee61/all_metadata.jsonl"", ""original_puzzled_pint_url"": null, ""publisher"": ""MIT-MI / PuzzleWorld authors"", ""repository_revision_audited"": ""0a8fbcbd33c86a29a37f7348e1eb40315e17f5c2"", ""repository_url"": ""https://github.com/MIT-MI/PuzzleWorld""}","{""license"": {""dataset_card_evidence_url"": ""https://huggingface.co/datasets/hzli1202/PuzzleWorld/raw/23a11d81b89ff4d39525a8867a99285e4c7dee61/README.md"", ""name"": ""Creative Commons Attribution-NonCommercial-ShareAlike 4.0 International"", ""original_publisher_evidence_url"": ""https://puzzledpint.org/volunteering/write-puzzles/#license"", ""scope_note"": ""The pinned Hugging Face card front matter and repository tag say cc-by-nc-sa-4.0. Puzzled Pint states that all submitted puzzles use CC BY-NC-SA 4.0 and that authors retain copyright."", ""spdx"": ""CC-BY-NC-SA-4.0"", ""url"": ""https://creativecommons.org/licenses/by-nc-sa/4.0/""}, ""noncommercial"": true, ""permission_required_for_commercial"": true, ""redistribution_scope"": ""noncommercial_sharealike_only"", ""release_track"": ""noncommercial_sharealike"", ""rights_status"": ""cc_by_nc_sa_4_0_noncommercial_attribution_review_required"", ""share_alike_required"": true}"
puzzleworld-video-game-fantasy-046e35218e,PuzzleWorld,Video Game Fantasy,,logic_constraints,cryptography_ciphers | geometry_spatial,logical_inference | constraint_propagation | encoding_decoding | indexing_extraction | meta_extraction | spatial_visualization | visual_decoding,image_puzzle | meta_puzzle,"Title: Video Game Fantasy

Last night I dreamed that I kept running into video game characters on Chatroulette. Weird fantasy, eh? Time seemed to jump around. What were the ones and zeros of my youth trying to tell me?

The complete puzzle statement and its visual/structured clues are in the required question asset(s):
- https://huggingface.co/datasets/hzli1202/PuzzleWorld/resolve/23a11d81b89ff4d39525a8867a99285e4c7dee61/data/Video_Game_Fantasy/content.png

Return the short canonical final answer.",GO OUTSIDE,"1. Each image corresponds to a video game character. In order, the characters are Sonic, Earthworm Jim, Mario, Aladdin, Pacman, Homer Simpson, Oddjob, Raphael, E. Honda.

2. The first letters of the characters' names spell 'SEMAPHORE', a clue for the next step.

3. Convert the times shown on each card into clock hands and interpret them using semaphore signals. The semaphore signals spell 'GO OUTSIDE', which is the solution.","{""bucket"": ""hard"", ""evidence"": ""upstream PuzzleWorld label""}",needs_review,True,"{""answer_only_scorable"": true, ""benchmark_core"": true, ""counts_toward_official_topic_score"": true, ""scoring_metric"": ""binary_accuracy"", ""time_limit_minutes"": 30, ""topic_scoring_group"": ""logic_constraints"", ""track"": ""answer_only_upstream_hard_core""}","{""collection"": ""PuzzleWorld"", ""dataset_revision"": ""23a11d81b89ff4d39525a8867a99285e4c7dee61"", ""dataset_url"": ""https://huggingface.co/datasets/hzli1202/PuzzleWorld"", ""metadata_url"": ""https://huggingface.co/datasets/hzli1202/PuzzleWorld/resolve/23a11d81b89ff4d39525a8867a99285e4c7dee61/all_metadata.jsonl"", ""original_puzzled_pint_url"": null, ""publisher"": ""MIT-MI / PuzzleWorld authors"", ""repository_revision_audited"": ""0a8fbcbd33c86a29a37f7348e1eb40315e17f5c2"", ""repository_url"": ""https://github.com/MIT-MI/PuzzleWorld""}","{""license"": {""dataset_card_evidence_url"": ""https://huggingface.co/datasets/hzli1202/PuzzleWorld/raw/23a11d81b89ff4d39525a8867a99285e4c7dee61/README.md"", ""name"": ""Creative Commons Attribution-NonCommercial-ShareAlike 4.0 International"", ""original_publisher_evidence_url"": ""https://puzzledpint.org/volunteering/write-puzzles/#license"", ""scope_note"": ""The pinned Hugging Face card front matter and repository tag say cc-by-nc-sa-4.0. Puzzled Pint states that all submitted puzzles use CC BY-NC-SA 4.0 and that authors retain copyright."", ""spdx"": ""CC-BY-NC-SA-4.0"", ""url"": ""https://creativecommons.org/licenses/by-nc-sa/4.0/""}, ""noncommercial"": true, ""permission_required_for_commercial"": true, ""redistribution_scope"": ""noncommercial_sharealike_only"", ""release_track"": ""noncommercial_sharealike"", ""rights_status"": ""cc_by_nc_sa_4_0_noncommercial_attribution_review_required"", ""share_alike_required"": true}"
puzzleworld-vikings-vikings-and-more-vikings-7fc759c28b,PuzzleWorld,"Vikings, Vikings, and More Vikings!",,logic_constraints,,logical_inference | constraint_propagation | anagramming,word_puzzle,"Title: Vikings, Vikings, and More Vikings!

We need a crew of exactly five people for our upcoming raid. In rank order of top-ranked to bottom-ranked, the crew is: a helmsman, a skipper, a holumenn, a journeyman cook, and a bard. We'll be sailing under the mighty flag of VVV (Vikings, Vikings, and more Vikings!) with Thor's mighty hammer emblazoned on the side of our ship for good luck.

The complete puzzle statement and its visual/structured clues are in the required question asset(s):
- https://huggingface.co/datasets/hzli1202/PuzzleWorld/resolve/23a11d81b89ff4d39525a8867a99285e4c7dee61/data/Vikings_Vikings_and_More_Vikings/content.png

Return the short canonical final answer.",SQUIRRELS,"1. The puzzle presents a logic problem where we need to determine which five of nine applicants will be selected for a Viking ship crew.

2. The applicants are: Frans the Fast, Slagvi the Slow, Tarr the Tall, Shevi the Short, Lars the Loud, Quig the Quiet, Smidr the Smelly, Haddr the Hairy, and Petronilla the Pale.

3. We're given five rules to determine the crew: 1) No crew member's name starts with the same letter as another's, 2) Neither Haddr nor Quig will work under Lars, 3) Petronilla and Lars only applied for helmsman or skipper positions, 4) Haddr and Quig refuse to work together, and 5) Only Frans and Smidr maintain the same positions on both alphabetical and rank-ordered lists.

4. Using rule 5, we deduce that Frans must be the helmsman since he would be first alphabetically among all applicants.

5. Using rule 3, either Petronilla or Lars must be the skipper. Combined with rule 2, Lars cannot be the skipper if Haddr or Quig is on the crew, so Petronilla must be the skipper.

6. Since Petronilla and Frans are already in the top two positions, Lars cannot be on the crew.

7. Based on rule 4, either Haddr or Quig can be on the crew, but not both. Through further deduction, we determine that Haddr makes it onto the crew.

8. Applying rule 1 (no duplicate first letters) and working through the remaining constraints, the final crew consists of Frans, Petronilla, Tarr, Smidr, and Haddr.

9. For the second part of the puzzle, we need to identify which animals have been eating the ship's cargo by eliminating the letters of the crew members' names (F, P, T, S, H) from the set of letters and unscrambling the remaining 9 letters.

10. After eliminating F, P, T, S, and H, the remaining letters unscramble to spell 'SQUIRRELS', which is the final answer.","{""bucket"": ""hard"", ""evidence"": ""upstream PuzzleWorld label""}",needs_review,True,"{""answer_only_scorable"": true, ""benchmark_core"": true, ""counts_toward_official_topic_score"": true, ""scoring_metric"": ""binary_accuracy"", ""time_limit_minutes"": 30, ""topic_scoring_group"": ""logic_constraints"", ""track"": ""answer_only_upstream_hard_core""}","{""collection"": ""PuzzleWorld"", ""dataset_revision"": ""23a11d81b89ff4d39525a8867a99285e4c7dee61"", ""dataset_url"": ""https://huggingface.co/datasets/hzli1202/PuzzleWorld"", ""metadata_url"": ""https://huggingface.co/datasets/hzli1202/PuzzleWorld/resolve/23a11d81b89ff4d39525a8867a99285e4c7dee61/all_metadata.jsonl"", ""original_puzzled_pint_url"": null, ""publisher"": ""MIT-MI / PuzzleWorld authors"", ""repository_revision_audited"": ""0a8fbcbd33c86a29a37f7348e1eb40315e17f5c2"", ""repository_url"": ""https://github.com/MIT-MI/PuzzleWorld""}","{""license"": {""dataset_card_evidence_url"": ""https://huggingface.co/datasets/hzli1202/PuzzleWorld/raw/23a11d81b89ff4d39525a8867a99285e4c7dee61/README.md"", ""name"": ""Creative Commons Attribution-NonCommercial-ShareAlike 4.0 International"", ""original_publisher_evidence_url"": ""https://puzzledpint.org/volunteering/write-puzzles/#license"", ""scope_note"": ""The pinned Hugging Face card front matter and repository tag say cc-by-nc-sa-4.0. Puzzled Pint states that all submitted puzzles use CC BY-NC-SA 4.0 and that authors retain copyright."", ""spdx"": ""CC-BY-NC-SA-4.0"", ""url"": ""https://creativecommons.org/licenses/by-nc-sa/4.0/""}, ""noncommercial"": true, ""permission_required_for_commercial"": true, ""redistribution_scope"": ""noncommercial_sharealike_only"", ""release_track"": ""noncommercial_sharealike"", ""rights_status"": ""cc_by_nc_sa_4_0_noncommercial_attribution_review_required"", ""share_alike_required"": true}"
puzzleworld-what-s-your-love-language-8e91147173,PuzzleWorld,What's Your Love Language?,,logic_constraints,word_language | cryptography_ciphers,logical_inference | constraint_propagation | wordplay | lexical_search | encoding_decoding | indexing_extraction | meta_extraction,word_puzzle | meta_puzzle | cryptogram,"Title: What's Your Love Language?

Take this quiz to learn which of the five love languages you speak: words of affirmation, quality time, receiving gifts, acts of service, or physical touch. This quiz seems to be written in some made-up languages, so you'll need to translate your answers.

The complete puzzle statement and its visual/structured clues are in the required question asset(s):
- https://huggingface.co/datasets/hzli1202/PuzzleWorld/resolve/23a11d81b89ff4d39525a8867a99285e4c7dee61/data/Whats_Your_Love_Language/content.png

Return the short canonical final answer.",NUPTIAL,"1. The puzzle contains clues written in made-up languages, which need to be decoded to find normal English words.

2. Each clue has been transformed in a consistent way. For example, by adding prefixes or suffixes, removing letters, or rearranging parts of the word.

3. The first clue 'AFSINGGINNI AFPTARRA AFABEOVVO AFBARITEONNO' has the prefix 'AF' added to each word part. Removing it gives 'SINGING PART ABOVE BARITONE', which is 'TENOR'.

4. Similarly, 'COMPAIYG FOUNDIDG IYG JEIFG BEZISG' has syllables with 'IG' added. Removing them gives 'COMPANY FOUNDED BY JEFF BEZOS', which is 'AMAZON'.

5. After decoding each clue and finding its answer, we need to apply the same transformation to the answer.

6. For example, the answer 'TENOR' becomes 'AFTERNOON' with the 'AF' prefix transformation. 'AMAZON' becomes 'AMAZING' with the 'IG' transformation.

7. The transformed answers can be grouped according to the five love languages mentioned in the flavor text, represented by the symbols 💬, ⏰, 🎁, 🔨, 👋.

8. In the solution, these grouped answers are arranged in a grid with heart symbols highlighting specific letters.

9. Reading the highlighted letters in the transformed answers spells 'NUPTIAL'.","{""bucket"": ""hard"", ""evidence"": ""upstream PuzzleWorld label""}",needs_review,True,"{""answer_only_scorable"": true, ""benchmark_core"": true, ""counts_toward_official_topic_score"": true, ""scoring_metric"": ""binary_accuracy"", ""time_limit_minutes"": 30, ""topic_scoring_group"": ""logic_constraints"", ""track"": ""answer_only_upstream_hard_core""}","{""collection"": ""PuzzleWorld"", ""dataset_revision"": ""23a11d81b89ff4d39525a8867a99285e4c7dee61"", ""dataset_url"": ""https://huggingface.co/datasets/hzli1202/PuzzleWorld"", ""metadata_url"": ""https://huggingface.co/datasets/hzli1202/PuzzleWorld/resolve/23a11d81b89ff4d39525a8867a99285e4c7dee61/all_metadata.jsonl"", ""original_puzzled_pint_url"": null, ""publisher"": ""MIT-MI / PuzzleWorld authors"", ""repository_revision_audited"": ""0a8fbcbd33c86a29a37f7348e1eb40315e17f5c2"", ""repository_url"": ""https://github.com/MIT-MI/PuzzleWorld""}","{""license"": {""dataset_card_evidence_url"": ""https://huggingface.co/datasets/hzli1202/PuzzleWorld/raw/23a11d81b89ff4d39525a8867a99285e4c7dee61/README.md"", ""name"": ""Creative Commons Attribution-NonCommercial-ShareAlike 4.0 International"", ""original_publisher_evidence_url"": ""https://puzzledpint.org/volunteering/write-puzzles/#license"", ""scope_note"": ""The pinned Hugging Face card front matter and repository tag say cc-by-nc-sa-4.0. Puzzled Pint states that all submitted puzzles use CC BY-NC-SA 4.0 and that authors retain copyright."", ""spdx"": ""CC-BY-NC-SA-4.0"", ""url"": ""https://creativecommons.org/licenses/by-nc-sa/4.0/""}, ""noncommercial"": true, ""permission_required_for_commercial"": true, ""redistribution_scope"": ""noncommercial_sharealike_only"", ""release_track"": ""noncommercial_sharealike"", ""rights_status"": ""cc_by_nc_sa_4_0_noncommercial_attribution_review_required"", ""share_alike_required"": true}"
puzzleworld-what-the-x-goin-on-ed79c85587,PuzzleWorld,What the X goin' on?,,logic_constraints,cryptography_ciphers,logical_inference | constraint_propagation | encoding_decoding | indexing_extraction | meta_extraction,multi_part | meta_puzzle | logic_grid,"Title: What the X goin' on?

Five guests were visiting a large mansion. Each guest was in a different room, at a different time, using a different object, until one guest did something unXpected as the clock struck XII. WHEN you figure out WHO did it, you'll need to make some cuts to your suspect list to find out WHAT they did.

The complete puzzle statement and its visual/structured clues are in the required question asset(s):
- https://huggingface.co/datasets/hzli1202/PuzzleWorld/resolve/23a11d81b89ff4d39525a8867a99285e4c7dee61/data/What_the_X_Goin_On/content.png

Return the short canonical final answer.",SNACK,"1. The puzzle presents a logic grid with five guests (Mr. Green, Mrs. White, Miss Scarlett, Colonel Mustard, and Mrs. Peacock), various rooms, times, and objects.

2. Using the given clues, we need to solve the logic grid by marking which guest was in which room, at what time, using which object.

3. The clues tell us: the library is locked after 8:30pm (Mrs. White's bedtime); Mrs. Peacock has a metal allergy and can only use the rope; the conservatory was visited after the lounge during an odd hour; Mr. Green visited a room before Miss Scarlett, who visited before Mrs. Peacock; the wrench wasn't used at midnight; the study was visited at 10pm; and Miss Scarlett didn't use the wrench or knife.

4. By methodically working through these constraints, we can determine who was where, when, and with what object.

5. After completing the grid, we notice that the X marks on the grid form a pattern when the grid is properly organized.

6. The instructions mention 'make some cuts' which suggests we need to cut out the grid along the indicated lines and rearrange it.

7. When we cut out and reassemble the grid based on where the X marks are positioned, letters emerge from the reorganized grid.

8. Finally, the instructions mention 'SHIFT OTHER GRID BY FOUR' which hints at shifting the letter positions, revealing the word 'SNACK'.","{""bucket"": ""hard"", ""evidence"": ""upstream PuzzleWorld label""}",needs_review,True,"{""answer_only_scorable"": true, ""benchmark_core"": true, ""counts_toward_official_topic_score"": true, ""scoring_metric"": ""binary_accuracy"", ""time_limit_minutes"": 30, ""topic_scoring_group"": ""logic_constraints"", ""track"": ""answer_only_upstream_hard_core""}","{""collection"": ""PuzzleWorld"", ""dataset_revision"": ""23a11d81b89ff4d39525a8867a99285e4c7dee61"", ""dataset_url"": ""https://huggingface.co/datasets/hzli1202/PuzzleWorld"", ""metadata_url"": ""https://huggingface.co/datasets/hzli1202/PuzzleWorld/resolve/23a11d81b89ff4d39525a8867a99285e4c7dee61/all_metadata.jsonl"", ""original_puzzled_pint_url"": null, ""publisher"": ""MIT-MI / PuzzleWorld authors"", ""repository_revision_audited"": ""0a8fbcbd33c86a29a37f7348e1eb40315e17f5c2"", ""repository_url"": ""https://github.com/MIT-MI/PuzzleWorld""}","{""license"": {""dataset_card_evidence_url"": ""https://huggingface.co/datasets/hzli1202/PuzzleWorld/raw/23a11d81b89ff4d39525a8867a99285e4c7dee61/README.md"", ""name"": ""Creative Commons Attribution-NonCommercial-ShareAlike 4.0 International"", ""original_publisher_evidence_url"": ""https://puzzledpint.org/volunteering/write-puzzles/#license"", ""scope_note"": ""The pinned Hugging Face card front matter and repository tag say cc-by-nc-sa-4.0. Puzzled Pint states that all submitted puzzles use CC BY-NC-SA 4.0 and that authors retain copyright."", ""spdx"": ""CC-BY-NC-SA-4.0"", ""url"": ""https://creativecommons.org/licenses/by-nc-sa/4.0/""}, ""noncommercial"": true, ""permission_required_for_commercial"": true, ""redistribution_scope"": ""noncommercial_sharealike_only"", ""release_track"": ""noncommercial_sharealike"", ""rights_status"": ""cc_by_nc_sa_4_0_noncommercial_attribution_review_required"", ""share_alike_required"": true}"
puzzleworld-where-r-u-22511272e9,PuzzleWorld,Where R U?,,logic_constraints,word_language | cryptography_ciphers,logical_inference | constraint_propagation | wordplay | lexical_search | encoding_decoding | indexing_extraction | meta_extraction | crossword_solving,multi_part | word_puzzle | meta_puzzle | logic_grid | crossword,"Title: Where R U?

U R L8 4 Puzzled Pint! The intersections are gridlocked! U H8 2 W8, so solve the grid below to unlock what U do next...

The complete puzzle statement and its visual/structured clues are in the required question asset(s):
- https://huggingface.co/datasets/hzli1202/PuzzleWorld/resolve/23a11d81b89ff4d39525a8867a99285e4c7dee61/data/Where_R_U/content.png

Return the short canonical final answer.",TURN KNOTS,"1. Looking at the grid, we need to determine which letters belong in each position through logical deduction based on the provided rules about letter positioning.

2. The rules tell us how each letter is shaded based on whether it appears in the correct position, in a different position in the same word, in a different word, or not at all in the puzzle.

3. Using the example clue (BONUS), we can see how the rules work: There is no B anywhere, there's at least one O but not in word #4 or position 2, there's at least one N in word #4 but not in position 3, there's at least one U in position 4 of a different word, and there's at least one S but not in word #4 or position 5.

4. By applying the rules to all guessed words (DUSTY, POLKA, FIEND, OLDER, GECKO, TONIC, MOIST, DWARF, ARSON, SNAKY, STUMP, BONUS), we can deduce which letters belong in each position of the crossword grid.

5. Through careful deduction, we can fill the grid with S, F in row 1; T, O, U, T in row 3; O, N in row 4; D, R, I, N, K in row 4; K, Y in row 5.

6. For Part 1, reading the completed grid at the intersections U-TURN, which is the answer to what U do next.

7. For Part 2, we need to use the doubled letters in the grid (reading backwards by their first appearance) to reveal the solution KNOTS, which answers what too many of those U's can leave U in.","{""bucket"": ""hard"", ""evidence"": ""upstream PuzzleWorld label""}",needs_review,True,"{""answer_only_scorable"": true, ""benchmark_core"": true, ""counts_toward_official_topic_score"": true, ""scoring_metric"": ""binary_accuracy"", ""time_limit_minutes"": 30, ""topic_scoring_group"": ""logic_constraints"", ""track"": ""answer_only_upstream_hard_core""}","{""collection"": ""PuzzleWorld"", ""dataset_revision"": ""23a11d81b89ff4d39525a8867a99285e4c7dee61"", ""dataset_url"": ""https://huggingface.co/datasets/hzli1202/PuzzleWorld"", ""metadata_url"": ""https://huggingface.co/datasets/hzli1202/PuzzleWorld/resolve/23a11d81b89ff4d39525a8867a99285e4c7dee61/all_metadata.jsonl"", ""original_puzzled_pint_url"": null, ""publisher"": ""MIT-MI / PuzzleWorld authors"", ""repository_revision_audited"": ""0a8fbcbd33c86a29a37f7348e1eb40315e17f5c2"", ""repository_url"": ""https://github.com/MIT-MI/PuzzleWorld""}","{""license"": {""dataset_card_evidence_url"": ""https://huggingface.co/datasets/hzli1202/PuzzleWorld/raw/23a11d81b89ff4d39525a8867a99285e4c7dee61/README.md"", ""name"": ""Creative Commons Attribution-NonCommercial-ShareAlike 4.0 International"", ""original_publisher_evidence_url"": ""https://puzzledpint.org/volunteering/write-puzzles/#license"", ""scope_note"": ""The pinned Hugging Face card front matter and repository tag say cc-by-nc-sa-4.0. Puzzled Pint states that all submitted puzzles use CC BY-NC-SA 4.0 and that authors retain copyright."", ""spdx"": ""CC-BY-NC-SA-4.0"", ""url"": ""https://creativecommons.org/licenses/by-nc-sa/4.0/""}, ""noncommercial"": true, ""permission_required_for_commercial"": true, ""redistribution_scope"": ""noncommercial_sharealike_only"", ""release_track"": ""noncommercial_sharealike"", ""rights_status"": ""cc_by_nc_sa_4_0_noncommercial_attribution_review_required"", ""share_alike_required"": true}"
puzzleworld-white-elephant-53b19a949f,PuzzleWorld,White Elephant,,logic_constraints,cryptography_ciphers,logical_inference | constraint_propagation | encoding_decoding | indexing_extraction | meta_extraction,meta_puzzle,"Title: White Elephant

The upstream record has no separate flavor-text transcription.

The complete puzzle statement and its visual/structured clues are in the required question asset(s):
- https://huggingface.co/datasets/hzli1202/PuzzleWorld/resolve/23a11d81b89ff4d39525a8867a99285e4c7dee61/data/white_elephant/content1.png
- https://huggingface.co/datasets/hzli1202/PuzzleWorld/resolve/23a11d81b89ff4d39525a8867a99285e4c7dee61/data/white_elephant/content2.png

Return the short canonical final answer.",FIGSCHNAPPS,"1. Solve the logic puzzle for which person gets which food item, which drink, and which game each person won.

2. Total the bill for each person based on food and drink(s).

3. Use number to letter to get one or two letters from each total.

4. Put the ltters in order by the winner of each game.","{""bucket"": ""hard"", ""evidence"": ""upstream PuzzleWorld label""}",needs_review,True,"{""answer_only_scorable"": true, ""benchmark_core"": true, ""counts_toward_official_topic_score"": true, ""scoring_metric"": ""binary_accuracy"", ""time_limit_minutes"": 30, ""topic_scoring_group"": ""logic_constraints"", ""track"": ""answer_only_upstream_hard_core""}","{""collection"": ""PuzzleWorld"", ""dataset_revision"": ""23a11d81b89ff4d39525a8867a99285e4c7dee61"", ""dataset_url"": ""https://huggingface.co/datasets/hzli1202/PuzzleWorld"", ""metadata_url"": ""https://huggingface.co/datasets/hzli1202/PuzzleWorld/resolve/23a11d81b89ff4d39525a8867a99285e4c7dee61/all_metadata.jsonl"", ""original_puzzled_pint_url"": ""https://puzzledpint.org/files/1913/7930/2446/WhiteElephant_final.pdf"", ""publisher"": ""MIT-MI / PuzzleWorld authors"", ""repository_revision_audited"": ""0a8fbcbd33c86a29a37f7348e1eb40315e17f5c2"", ""repository_url"": ""https://github.com/MIT-MI/PuzzleWorld""}","{""license"": {""dataset_card_evidence_url"": ""https://huggingface.co/datasets/hzli1202/PuzzleWorld/raw/23a11d81b89ff4d39525a8867a99285e4c7dee61/README.md"", ""name"": ""Creative Commons Attribution-NonCommercial-ShareAlike 4.0 International"", ""original_publisher_evidence_url"": ""https://puzzledpint.org/volunteering/write-puzzles/#license"", ""scope_note"": ""The pinned Hugging Face card front matter and repository tag say cc-by-nc-sa-4.0. Puzzled Pint states that all submitted puzzles use CC BY-NC-SA 4.0 and that authors retain copyright."", ""spdx"": ""CC-BY-NC-SA-4.0"", ""url"": ""https://creativecommons.org/licenses/by-nc-sa/4.0/""}, ""noncommercial"": true, ""permission_required_for_commercial"": true, ""redistribution_scope"": ""noncommercial_sharealike_only"", ""release_track"": ""noncommercial_sharealike"", ""rights_status"": ""cc_by_nc_sa_4_0_noncommercial_attribution_review_required"", ""share_alike_required"": true}"
puzzleworld-wingspan-1839f00583,PuzzleWorld,Wingspan,,logic_constraints,geometry_spatial | cryptography_ciphers,logical_inference | constraint_propagation | spatial_visualization | visual_decoding | encoding_decoding | indexing_extraction | meta_extraction,image_puzzle | multi_part | meta_puzzle | logic_grid,"Title: Wingspan

In Wingspan, you own a bird aviary and try to collect the birds that will earn you the most victory points (VPs). Once, while playing a game, your board got knocked over and all your bird cards fell out of order. Fortunately, you remembered some things about the correct arrangement of the cards. Note: by 'adjacent' is meant only horizontal or vertical contiguity.

The complete puzzle statement and its visual/structured clues are in the required question asset(s):
- https://huggingface.co/datasets/hzli1202/PuzzleWorld/resolve/23a11d81b89ff4d39525a8867a99285e4c7dee61/data/Wingspan/content.png

Return the short canonical final answer.",INCUBATE,"1. The puzzle presents 8 bird cards that need to be arranged in a 2×4 grid following specific rules about their placement. The birds are: American Robin, Barn Swallow, Bewick's Wren, Chipping Sparrow, Eastern Screech Owl, House Finch, Lincoln's Sparrow, and Pileated Woodpecker.

2. Rule 1 states the birds form a rectangle that is 2 birds wide and 4 birds high, so we need to arrange them in a 2×4 grid.

3. Rule 2 tells us the bird that doesn't eat invertebrates was in the left column. Looking at the diets, Eastern Screech Owl and Pileated Woodpecker are the only birds that don't have invertebrates in their diet, so one of them must be in the left column.

4. Rule 3 states each bird with a cavity nest was directly below a bird with a bowl nest. The birds with cavity nests are Bewick's Wren, Eastern Screech Owl, and Pileated Woodpecker. The birds with bowl nests are American Robin, Chipping Sparrow, and House Finch.

5. Rule 4 says birds in the third row had exactly the same habitats. Looking at the bird cards, birds with matching habitats need to be placed in the third row.

6. Continuing through the rules about fruit-eating birds (Rule 5), first row nest types (Rule 6), ground nest placement (Rule 7), and column restrictions for American Robin and Eastern Screech Owl (Rule 8), systematically place all birds in the correct positions.

7. After placing all birds correctly, you'll notice the pattern of dots on the cards forms Braille symbols. Reading the Braille message gives the instruction 'USE VPS AS INDEX ORDER BY WINGSPAN'.

8. Following this instruction, first sort the birds by wingspan (from shortest to longest): Bewick's Wren (18cm), Lincoln's Sparrow (20cm), Chipping Sparrow (23cm), House Finch (25cm), Barn Swallow (38cm), American Robin (43cm), Eastern Screech Owl (51cm), Pileated Woodpecker (74cm).

9. Then use each bird's VP value as an index to that bird's name. The VP values are 4, 3, 1, 3, 1, 1, 4, 4 respectively. Taking the 4th letter of 'Bewick's Wren', the 3rd letter of 'Lincoln's Sparrow', etc., gives the letters I-N-C-U-B-A-T-E, spelling 'INCUBATE'.","{""bucket"": ""hard"", ""evidence"": ""upstream PuzzleWorld label""}",needs_review,True,"{""answer_only_scorable"": true, ""benchmark_core"": true, ""counts_toward_official_topic_score"": true, ""scoring_metric"": ""binary_accuracy"", ""time_limit_minutes"": 30, ""topic_scoring_group"": ""logic_constraints"", ""track"": ""answer_only_upstream_hard_core""}","{""collection"": ""PuzzleWorld"", ""dataset_revision"": ""23a11d81b89ff4d39525a8867a99285e4c7dee61"", ""dataset_url"": ""https://huggingface.co/datasets/hzli1202/PuzzleWorld"", ""metadata_url"": ""https://huggingface.co/datasets/hzli1202/PuzzleWorld/resolve/23a11d81b89ff4d39525a8867a99285e4c7dee61/all_metadata.jsonl"", ""original_puzzled_pint_url"": null, ""publisher"": ""MIT-MI / PuzzleWorld authors"", ""repository_revision_audited"": ""0a8fbcbd33c86a29a37f7348e1eb40315e17f5c2"", ""repository_url"": ""https://github.com/MIT-MI/PuzzleWorld""}","{""license"": {""dataset_card_evidence_url"": ""https://huggingface.co/datasets/hzli1202/PuzzleWorld/raw/23a11d81b89ff4d39525a8867a99285e4c7dee61/README.md"", ""name"": ""Creative Commons Attribution-NonCommercial-ShareAlike 4.0 International"", ""original_publisher_evidence_url"": ""https://puzzledpint.org/volunteering/write-puzzles/#license"", ""scope_note"": ""The pinned Hugging Face card front matter and repository tag say cc-by-nc-sa-4.0. Puzzled Pint states that all submitted puzzles use CC BY-NC-SA 4.0 and that authors retain copyright."", ""spdx"": ""CC-BY-NC-SA-4.0"", ""url"": ""https://creativecommons.org/licenses/by-nc-sa/4.0/""}, ""noncommercial"": true, ""permission_required_for_commercial"": true, ""redistribution_scope"": ""noncommercial_sharealike_only"", ""release_track"": ""noncommercial_sharealike"", ""rights_status"": ""cc_by_nc_sa_4_0_noncommercial_attribution_review_required"", ""share_alike_required"": true}"
puzzleworld-wired-e74e3061e0,PuzzleWorld,Wired,,logic_constraints,geometry_spatial | cryptography_ciphers,logical_inference | constraint_propagation | spatial_visualization | visual_decoding | encoding_decoding | indexing_extraction | meta_extraction | word_search | tiling_packing | exhaustive_search,multi_part | meta_puzzle | logic_grid | word_search,"Title: Wired

You don't need to know anything about the items listed below. What two-word answer do you find?

The complete puzzle statement and its visual/structured clues are in the required question asset(s):
- https://huggingface.co/datasets/hzli1202/PuzzleWorld/resolve/23a11d81b89ff4d39525a8867a99285e4c7dee61/data/Wired/content1.png
- https://huggingface.co/datasets/hzli1202/PuzzleWorld/resolve/23a11d81b89ff4d39525a8867a99285e4c7dee61/data/Wired/content2.png

Return the short canonical final answer.",NETWORK PROGRAMMING,"1. The grid looks like a word search grid and the grid is split into 9 5x5 tiles, there is a scissor symbol so cut out the 9 tiles and reassemble them into a viable word-search grid.

2. One of the tiles says later on the top, so set it aside for later. Assembled the grid with a hole in the middle.
   Reasoning figure: https://huggingface.co/datasets/hzli1202/PuzzleWorld/resolve/23a11d81b89ff4d39525a8867a99285e4c7dee61/data/Wired/later.png

3. Find the listed items in the word-search grid.

4. Some of the listed items cannot be found with the hole in the middle, so fill the hole in the middle with 25 letters. The figure shows the new letters with blue background and shows red lines through the words.
   Reasoning figure: https://huggingface.co/datasets/hzli1202/PuzzleWorld/resolve/23a11d81b89ff4d39525a8867a99285e4c7dee61/data/Wired/figure.png

5. Read the letters that aren't part of any found words, highlighted in yellow on the next page. They spell “USE EXTRA TILE TO REORDER YOUR ADDED LETTERS.
   Reasoning figure: https://huggingface.co/datasets/hzli1202/PuzzleWorld/resolve/23a11d81b89ff4d39525a8867a99285e4c7dee61/data/Wired/figure.png

6. Realize that “your added letters” refers to the 25 letters you added to complete the word-search grid.
   Reasoning figure: https://huggingface.co/datasets/hzli1202/PuzzleWorld/resolve/23a11d81b89ff4d39525a8867a99285e4c7dee61/data/Wired/figure.png

7. Notice that the extra tile, which you set aside to use “later”, consists of the first 25 letters of the alphabet
   Reasoning figure: https://huggingface.co/datasets/hzli1202/PuzzleWorld/resolve/23a11d81b89ff4d39525a8867a99285e4c7dee61/data/Wired/later.png

8. Put the first 25 letters of the alphabet under the blanks of the 'two-word' answer that you need to find.

9. Now put “your added letters” above the blanks so that they correspond to identical positions in the 5x5 tile. For instance, since there's an L in the upper left of the extra tile and an O in the top left of the letters you added, put an O in the blank above the L, as illustrated on the figure.
   Reasoning figure: https://huggingface.co/datasets/hzli1202/PuzzleWorld/resolve/23a11d81b89ff4d39525a8867a99285e4c7dee61/data/Wired/figure.png

10. Read the letters in alphabetical order to get 'YOU FIND NETWORK PROGRAMMING'
   Reasoning figure: https://huggingface.co/datasets/hzli1202/PuzzleWorld/resolve/23a11d81b89ff4d39525a8867a99285e4c7dee61/data/Wired/figure.png

11. Since those 25 letters appear in blanks after the question, “What two-word answer do you find?”, the answer is NETWORK PROGRAMMING.","{""bucket"": ""hard"", ""evidence"": ""upstream PuzzleWorld label""}",needs_review,True,"{""answer_only_scorable"": true, ""benchmark_core"": true, ""counts_toward_official_topic_score"": true, ""scoring_metric"": ""binary_accuracy"", ""time_limit_minutes"": 30, ""topic_scoring_group"": ""logic_constraints"", ""track"": ""answer_only_upstream_hard_core""}","{""collection"": ""PuzzleWorld"", ""dataset_revision"": ""23a11d81b89ff4d39525a8867a99285e4c7dee61"", ""dataset_url"": ""https://huggingface.co/datasets/hzli1202/PuzzleWorld"", ""metadata_url"": ""https://huggingface.co/datasets/hzli1202/PuzzleWorld/resolve/23a11d81b89ff4d39525a8867a99285e4c7dee61/all_metadata.jsonl"", ""original_puzzled_pint_url"": ""https://puzzledpint.org/archive-files/9613/7645/2970/Wired.pdf"", ""publisher"": ""MIT-MI / PuzzleWorld authors"", ""repository_revision_audited"": ""0a8fbcbd33c86a29a37f7348e1eb40315e17f5c2"", ""repository_url"": ""https://github.com/MIT-MI/PuzzleWorld""}","{""license"": {""dataset_card_evidence_url"": ""https://huggingface.co/datasets/hzli1202/PuzzleWorld/raw/23a11d81b89ff4d39525a8867a99285e4c7dee61/README.md"", ""name"": ""Creative Commons Attribution-NonCommercial-ShareAlike 4.0 International"", ""original_publisher_evidence_url"": ""https://puzzledpint.org/volunteering/write-puzzles/#license"", ""scope_note"": ""The pinned Hugging Face card front matter and repository tag say cc-by-nc-sa-4.0. Puzzled Pint states that all submitted puzzles use CC BY-NC-SA 4.0 and that authors retain copyright."", ""spdx"": ""CC-BY-NC-SA-4.0"", ""url"": ""https://creativecommons.org/licenses/by-nc-sa/4.0/""}, ""noncommercial"": true, ""permission_required_for_commercial"": true, ""redistribution_scope"": ""noncommercial_sharealike_only"", ""release_track"": ""noncommercial_sharealike"", ""rights_status"": ""cc_by_nc_sa_4_0_noncommercial_attribution_review_required"", ""share_alike_required"": true}"
puzzleworld-workin-hard-in-midgard-c8d1a980cd,PuzzleWorld,Workin' Hard in Midgard,,logic_constraints,geometry_spatial,logical_inference | constraint_propagation | spatial_visualization | visual_decoding | pathfinding | combinatorial_counting,image_puzzle | multi_part | logic_grid | path_route,"Title: Workin' Hard in Midgard

It is now peacetime, which means... time to get strong for the next battle! I've set up a 5 by 5 grid of workout tasks in my yard. On Mani's day (Monday) through Frigg's day (Friday), I will take a differently-shaped* path. I will start and end with a hard task (the large dots) and will do only easy tasks (the small dots) in between. I will do each task exactly once during my 5-day workout week and I will do the same number of tasks each day. I will only move orthogonally, not diagonally. I will do each task that I encounter, i.e. if I arrive at a dot then I will do that task.

The complete puzzle statement and its visual/structured clues are in the required question asset(s):
- https://huggingface.co/datasets/hzli1202/PuzzleWorld/resolve/23a11d81b89ff4d39525a8867a99285e4c7dee61/data/Workin_Hard_in_Midgard/content.png

Return the short canonical final answer.",MADE OF METAL,"1. The puzzle presents a 5×5 grid containing letters and dots of different sizes. Large dots represent hard tasks, while small dots represent easy tasks.

2. According to the instructions, we need to find 5 different paths (one for each day of the week) that start and end with hard tasks (large dots) and go through easy tasks (small dots) in between.

3. Each path must be a different shape, and rotations of a shape don't count as different shapes. The paths can only move orthogonally (up, down, left, right), not diagonally.

4. We need to use each cell exactly once across all five paths, and each day's path must contain the same number of tasks.

5. Since there are 25 cells in the grid and 5 days, each day's path must contain exactly 5 cells.

6. Looking at the grid, we can identify the hard tasks (large dots) at: O, M, H, F, M, T, A, N.

7. Since each path must start and end with a hard task, we need to create 5 paths, each connecting two hard tasks and containing 3 easy tasks in between.

8. By tracing different path shapes and ensuring we use each cell exactly once, we find 5 valid paths through the grid.

9. The solution reveals that the letters not used in the valid paths spell out the answer. Alternatively, if we look at the solution PDF, the red path traces through certain letters, leaving others uncrossed.

10. The uncrossed letters, when read in a sensible order, spell out 'MADE OF METAL' which is the final answer.","{""bucket"": ""hard"", ""evidence"": ""upstream PuzzleWorld label""}",needs_review,True,"{""answer_only_scorable"": true, ""benchmark_core"": true, ""counts_toward_official_topic_score"": true, ""scoring_metric"": ""binary_accuracy"", ""time_limit_minutes"": 30, ""topic_scoring_group"": ""logic_constraints"", ""track"": ""answer_only_upstream_hard_core""}","{""collection"": ""PuzzleWorld"", ""dataset_revision"": ""23a11d81b89ff4d39525a8867a99285e4c7dee61"", ""dataset_url"": ""https://huggingface.co/datasets/hzli1202/PuzzleWorld"", ""metadata_url"": ""https://huggingface.co/datasets/hzli1202/PuzzleWorld/resolve/23a11d81b89ff4d39525a8867a99285e4c7dee61/all_metadata.jsonl"", ""original_puzzled_pint_url"": null, ""publisher"": ""MIT-MI / PuzzleWorld authors"", ""repository_revision_audited"": ""0a8fbcbd33c86a29a37f7348e1eb40315e17f5c2"", ""repository_url"": ""https://github.com/MIT-MI/PuzzleWorld""}","{""license"": {""dataset_card_evidence_url"": ""https://huggingface.co/datasets/hzli1202/PuzzleWorld/raw/23a11d81b89ff4d39525a8867a99285e4c7dee61/README.md"", ""name"": ""Creative Commons Attribution-NonCommercial-ShareAlike 4.0 International"", ""original_publisher_evidence_url"": ""https://puzzledpint.org/volunteering/write-puzzles/#license"", ""scope_note"": ""The pinned Hugging Face card front matter and repository tag say cc-by-nc-sa-4.0. Puzzled Pint states that all submitted puzzles use CC BY-NC-SA 4.0 and that authors retain copyright."", ""spdx"": ""CC-BY-NC-SA-4.0"", ""url"": ""https://creativecommons.org/licenses/by-nc-sa/4.0/""}, ""noncommercial"": true, ""permission_required_for_commercial"": true, ""redistribution_scope"": ""noncommercial_sharealike_only"", ""release_track"": ""noncommercial_sharealike"", ""rights_status"": ""cc_by_nc_sa_4_0_noncommercial_attribution_review_required"", ""share_alike_required"": true}"
