id,source_name,title,date,domain_primary,domain_secondary,reasoning_skills,puzzle_format,question,answer_only,explanation,difficulty,quality_status,requires_assets,evaluation,source,rights
harp-1984-aime-11,HARP,AIME 1984 #11,1984,probability_stochastic,combinatorics,case_analysis | combinatorial_counting | expected_value,numeric_answer,"A gardener plants three maple trees, four oaks, and five birch trees in a row. He plants them in random order, each arrangement being equally likely. Let $\frac m n$ in lowest terms be the probability that no two birch trees are next to one another. Find $m+n$.",$106$,"First notice that there is no difference between the maple trees and the oak trees; we have only two types, birch trees and ""non-birch"" trees. (If you don't believe this reasoning, think about it. You could also differentiate the tall oak trees from the short oak trees, and the maple trees with many branches as opposed to those with few branches. Indeed, you could keep dividing until you have them each in their own category, but in the end it will not change the probability of the birch trees being near each other. That is, in the end, you multiply the numerator by the number of ways to arrange the oak and maple trees and you also multiply the denominator by the number of ways to arrange the oak and maple trees, making them cancel out.)
The five birch trees must be placed amongst the seven previous trees. We can think of these trees as 5 dividers of 8 slots that the birch trees can go in, making ${8\choose5} = 56$ different ways to arrange this.
There are ${12 \choose 5} = 792$ total ways to arrange the twelve trees, so the probability is $\frac{56}{792} = \frac{7}{99}$.
The answer is $7 + 99 = \boxed{106}$.","{""bucket"": ""hard_candidate"", ""selection_rule"": ""HARP level in {5, 6}"", ""upstream_level"": 5}",needs_review,False,"{""answer_only_scorable"": true, ""benchmark_core"": true, ""counts_toward_official_topic_score"": true, ""scoring_metric"": ""binary_accuracy"", ""time_limit_minutes"": 30, ""topic_scoring_group"": ""probability_stochastic"", ""track"": ""answer_only_difficulty_selected_core""}","{""contest"": ""AIME"", ""problem_number"": 11, ""publisher"": ""HARP"", ""repository_url"": ""https://github.com/aadityasingh/HARP"", ""subject"": ""counting_and_probability"", ""year"": ""1984""}","{""note"": ""Repository license recorded; third-party competition question and solution rights require component-level confirmation before redistribution."", ""permission_required"": true, ""release_decision"": ""internal_only_pending_review"", ""release_track"": ""restricted_permission_required"", ""repository_license"": ""MIT""}"
harp-1986-aime-13,HARP,AIME 1986 #13,1986,probability_stochastic,combinatorics,case_analysis | combinatorial_counting | expected_value,numeric_answer,"In a sequence of coin tosses, one can keep a record of instances in which a tail is immediately followed by a head, a head is immediately followed by a head, and etc. We denote these by <tt>TH</tt>, <tt>HH</tt>, and etc. For example, in the sequence <tt>TTTHHTHTTTHHTTH</tt> of 15 coin tosses we observe that there are two <tt>HH</tt>, three <tt>HT</tt>, four <tt>TH</tt>, and five <tt>TT</tt> subsequences. How many different sequences of 15 coin tosses will contain exactly two <tt>HH</tt>, three <tt>HT</tt>, four <tt>TH</tt>, and five <tt>TT</tt> subsequences?",$560$,"Let's consider each of the sequences of two coin tosses as an operation instead; this operation takes a string and adds the next coin toss on (eg, <tt>THHTH</tt> + <tt>HT</tt> = <tt>THHTHT</tt>). We examine what happens to the last coin toss. Adding <tt>HH</tt> or <tt>TT</tt> is simply an identity for the last coin toss, so we will ignore them for now. However, adding <tt>HT</tt> or <tt>TH</tt> switches the last coin. <tt>H</tt> switches to <tt>T</tt> three times, but <tt>T</tt> switches to <tt>H</tt> four times; hence it follows that our string will have a structure of <tt>THTHTHTH</tt>. 
Now we have to count all of the different ways we can add the identities back in. There are 5 <tt>TT</tt> subsequences, which means that we have to add 5 <tt>T</tt> into the strings, as long as the new <tt>T</tt>s are adjacent to existing <tt>T</tt>s. There are already 4 <tt>T</tt>s in the sequence, and since order doesn't matter between different tail flips this just becomes the ball-and-urn argument. We want to add 5 balls into 4 urns, which is the same as 3 dividers; hence this gives ${{5+3}\choose3} = 56$ combinations. We do the same with 2 <tt>H</tt>s to get ${{2+3}\choose3} = 10$ combinations; thus there are $56 \cdot 10 = \boxed{560}$ possible sequences.","{""bucket"": ""very_hard"", ""selection_rule"": ""HARP level in {5, 6}"", ""upstream_level"": 6}",needs_review,False,"{""answer_only_scorable"": true, ""benchmark_core"": true, ""counts_toward_official_topic_score"": true, ""scoring_metric"": ""binary_accuracy"", ""time_limit_minutes"": 30, ""topic_scoring_group"": ""probability_stochastic"", ""track"": ""answer_only_difficulty_selected_core""}","{""contest"": ""AIME"", ""problem_number"": 13, ""publisher"": ""HARP"", ""repository_url"": ""https://github.com/aadityasingh/HARP"", ""subject"": ""counting_and_probability"", ""year"": ""1986""}","{""note"": ""Repository license recorded; third-party competition question and solution rights require component-level confirmation before redistribution."", ""permission_required"": true, ""release_decision"": ""internal_only_pending_review"", ""release_track"": ""restricted_permission_required"", ""repository_license"": ""MIT""}"
harp-1987-aime-13,HARP,AIME 1987 #13,1987,probability_stochastic,combinatorics,case_analysis | combinatorial_counting | expected_value,numeric_answer,"A given sequence $r_1, r_2, \dots, r_n$ of distinct real numbers can be put in ascending order by means of one or more ""bubble passes"". A bubble pass through a given sequence consists of comparing the second term with the first term, and exchanging them if and only if the second term is smaller, then comparing the third term with the second term and exchanging them if and only if the third term is smaller, and so on in order, through comparing the last term, $r_n$, with its current predecessor and exchanging them if and only if the last term is smaller. The example below shows how the sequence 1, 9, 8, 7 is transformed into the sequence 1, 8, 7, 9 by one bubble pass. The numbers compared at each step are underlined. $\underline{1 \quad 9} \quad 8 \quad 7$ $1 \quad {}\underline{9 \quad 8} \quad 7$ $1 \quad 8 \quad \underline{9 \quad 7}$ $1 \quad 8 \quad 7 \quad 9$ Suppose that $n = 40$, and that the terms of the initial sequence $r_1, r_2, \dots, r_{40}$ are distinct from one another and are in random order. Let $p/q$, in lowest terms, be the probability that the number that begins as $r_{20}$ will end up, after one bubble pass, in the $30^{\mbox{th}}$ place. Find $p + q$.",$931$,"If any of $r_1, \ldots, r_{19}$ is larger than $r_{20}$, one of these numbers will be compared with $r_{20}$ on the 19th step of the first bubble pass and $r_{20}$ will be moved back to the 19th position. Thus, $r_{20}$ must be the largest of the first 20 terms. In addition, $r_{20}$ must be larger than $r_{21}, r_{22}, \ldots, r_{30}$ but smaller than $r_{31}$ in order that it move right to the 30th position but then not continue moving right to the 31st.
Thus, our problem can be restated: What is the probability that in a sequence of 31 distinct real numbers, the largest is in position 31 and the second-largest is in position 20 (the other 29 numbers are irrelevant)?
This is much easier to solve: there are $31!$ ways to order the first thirty-one numbers and $29!$ ways to arrange them so that the largest number is in the 31st position and the second-largest is in the 20th. This gives us a desired probability of $\frac{29!}{31!} = \frac{1}{31\cdot 30} = \frac{1}{930}$, so the answer is $\boxed{931}$.","{""bucket"": ""very_hard"", ""selection_rule"": ""HARP level in {5, 6}"", ""upstream_level"": 6}",needs_review,False,"{""answer_only_scorable"": true, ""benchmark_core"": true, ""counts_toward_official_topic_score"": true, ""scoring_metric"": ""binary_accuracy"", ""time_limit_minutes"": 30, ""topic_scoring_group"": ""probability_stochastic"", ""track"": ""answer_only_difficulty_selected_core""}","{""contest"": ""AIME"", ""problem_number"": 13, ""publisher"": ""HARP"", ""repository_url"": ""https://github.com/aadityasingh/HARP"", ""subject"": ""counting_and_probability"", ""year"": ""1987""}","{""note"": ""Repository license recorded; third-party competition question and solution rights require component-level confirmation before redistribution."", ""permission_required"": true, ""release_decision"": ""internal_only_pending_review"", ""release_track"": ""restricted_permission_required"", ""repository_license"": ""MIT""}"
harp-1991-aime-10,HARP,AIME 1991 #10,1991,probability_stochastic,combinatorics,case_analysis | combinatorial_counting | expected_value,numeric_answer,"Two three-letter strings, $aaa^{}_{}$ and $bbb^{}_{}$, are transmitted electronically. Each string is sent letter by letter. Due to faulty equipment, each of the six letters has a 1/3 chance of being received incorrectly, as an $a^{}_{}$ when it should have been a $b^{}_{}$, or as a $b^{}_{}$ when it should be an $a^{}_{}$. However, whether a given letter is received correctly or incorrectly is independent of the reception of any other letter. Let $S_a^{}$ be the three-letter string received when $aaa^{}_{}$ is transmitted and let $S_b^{}$ be the three-letter string received when $bbb^{}_{}$ is transmitted. Let $p$ be the probability that $S_a^{}$ comes before $S_b^{}$ in alphabetical order. When $p$ is written as a fraction in lowest terms, what is its numerator?",$532$,"Let us make a chart of values in alphabetical order, where $P_a,\ P_b$ are the probabilities that each string comes from $aaa$ and $bbb$ multiplied by $27$, and $S_b$ denotes the partial sums of $P_b$ (in other words, $S_b = \sum_{n=1}^{b} P_b$):
\[\begin{array}{|r||r|r|r|} \hline \text{String}&P_a&P_b&S_b\\ \hline aaa & 8 & 1 & 1 \\ aab & 4 & 2 & 3 \\ aba & 4 & 2 & 5 \\ abb & 2 & 4 & 9 \\ baa & 4 & 2 & 11 \\ bab & 2 & 4 & 15 \\ bba & 2 & 4 & 19 \\ bbb & 1 & 8 & 27 \\ \hline \end{array}\]
The probability is $p=\sum P_a \cdot (27 - S_b)$, so the answer turns out to be $\frac{8\cdot 26 + 4 \cdot 24 \ldots 2 \cdot 8 + 1 \cdot 0}{27^2} = \frac{532}{729}$, and the solution is $\boxed{532}$.","{""bucket"": ""hard_candidate"", ""selection_rule"": ""HARP level in {5, 6}"", ""upstream_level"": 5}",needs_review,False,"{""answer_only_scorable"": true, ""benchmark_core"": true, ""counts_toward_official_topic_score"": true, ""scoring_metric"": ""binary_accuracy"", ""time_limit_minutes"": 30, ""topic_scoring_group"": ""probability_stochastic"", ""track"": ""answer_only_difficulty_selected_core""}","{""contest"": ""AIME"", ""problem_number"": 10, ""publisher"": ""HARP"", ""repository_url"": ""https://github.com/aadityasingh/HARP"", ""subject"": ""counting_and_probability"", ""year"": ""1991""}","{""note"": ""Repository license recorded; third-party competition question and solution rights require component-level confirmation before redistribution."", ""permission_required"": true, ""release_decision"": ""internal_only_pending_review"", ""release_track"": ""restricted_permission_required"", ""repository_license"": ""MIT""}"
harp-1991-aime-13,HARP,AIME 1991 #13,1991,probability_stochastic,combinatorics,case_analysis | combinatorial_counting | expected_value,numeric_answer,"A drawer contains a mixture of red socks and blue socks, at most $1991$ in all. It so happens that, when two socks are selected randomly without replacement, there is a probability of exactly $\frac{1}{2}$ that both are red or both are blue. What is the largest possible number of red socks in the drawer that is consistent with this data?",$990$,"Let $r$ and $b$ denote the number of red and blue socks, respectively. Also, let $t=r+b$. The probability $P$ that when two socks are drawn randomly, without replacement, both are red or both are blue is given by
\[\frac{r(r-1)}{(r+b)(r+b-1)}+\frac{b(b-1)}{(r+b)(r+b-1)}=\frac{r(r-1)+(t-r)(t-r-1)}{t(t-1)}=\frac{1}{2}.\]
Solving the resulting quadratic equation $r^{2}-rt+t(t-1)/4=0$, for $r$ in terms of $t$, one obtains that 
\[r=\frac{t\pm\sqrt{t}}{2}\, .\]
Now, since $r$ and $t$ are positive integers, it must be the case that $t=n^{2}$, with $n\in\mathbb{N}$. Hence, $r=n(n\pm 1)/2$ would correspond to the general solution. For the present case $t\leq 1991$, and so one easily finds that $n=44$ is the largest possible integer satisfying the problem conditions. 
In summary, the solution is that the maximum number of red socks is $r=\boxed{990}$.","{""bucket"": ""very_hard"", ""selection_rule"": ""HARP level in {5, 6}"", ""upstream_level"": 6}",needs_review,False,"{""answer_only_scorable"": true, ""benchmark_core"": true, ""counts_toward_official_topic_score"": true, ""scoring_metric"": ""binary_accuracy"", ""time_limit_minutes"": 30, ""topic_scoring_group"": ""probability_stochastic"", ""track"": ""answer_only_difficulty_selected_core""}","{""contest"": ""AIME"", ""problem_number"": 13, ""publisher"": ""HARP"", ""repository_url"": ""https://github.com/aadityasingh/HARP"", ""subject"": ""counting_and_probability"", ""year"": ""1991""}","{""note"": ""Repository license recorded; third-party competition question and solution rights require component-level confirmation before redistribution."", ""permission_required"": true, ""release_decision"": ""internal_only_pending_review"", ""release_track"": ""restricted_permission_required"", ""repository_license"": ""MIT""}"
harp-1993-aime-11,HARP,AIME 1993 #11,1993,probability_stochastic,combinatorics,case_analysis | combinatorial_counting | expected_value,numeric_answer,"Alfred and Bonnie play a game in which they take turns tossing a fair coin. The winner of a game is the first person to obtain a head. Alfred and Bonnie play this game several times with the stipulation that the loser of a game goes first in the next game. Suppose that Alfred goes first in the first game, and that the probability that he wins the sixth game is $m/n\,$, where $m\,$ and $n\,$ are relatively prime positive integers. What are the last three digits of $m+n\,$?",$93$,"The probability that the $n$th flip in each game occurs and is a head is $\frac{1}{2^n}$. The first person wins if the coin lands heads on an odd numbered flip. So, the probability of the first person winning the game is $\frac{1}{2}+\frac{1}{8}+\frac{1}{32}+\cdots = \frac{\frac{1}{2}}{1-\frac{1}{4}}=\frac{2}{3}$, and the probability of the second person winning is $\frac{1}{3}$. 
Let $a_n$ be the probability that Alfred wins the $n$th game, and let $b_n$ be the probability that Bonnie wins the $n$th game. 
If Alfred wins the $n$th game, then the probability that Alfred wins the $n+1$th game is $\frac{1}{3}$. If Bonnie wins the $n$th game, then the probability that Alfred wins the $n+1$th game is $\frac{2}{3}$. 
Thus, $a_{n+1}=\frac{1}{3}a_n+\frac{2}{3}b_n$. 
Similarly, $b_{n+1}=\frac{2}{3}a_n+\frac{1}{3}b_n$. 
Since Alfred goes first in the $1$st game, $(a_1,b_1)=\left(\frac{2}{3}, \frac{1}{3}\right)$. 
Using these recursive equations: 
$(a_2,b_2)=\left(\frac{4}{9}, \frac{5}{9}\right)$ 
$(a_3,b_3)=\left(\frac{14}{27}, \frac{13}{27}\right)$
$(a_4,b_4)=\left(\frac{40}{81}, \frac{41}{81}\right)$ 
$(a_5,b_5)=\left(\frac{122}{243}, \frac{121}{243}\right)$ 
$(a_6,b_6)=\left(\frac{364}{729}, \frac{365}{729}\right)$ 
Since $a_6=\frac{364}{729}$, $m+n = 1093 \equiv \boxed{93} \pmod{1000}$.","{""bucket"": ""hard_candidate"", ""selection_rule"": ""HARP level in {5, 6}"", ""upstream_level"": 5}",needs_review,False,"{""answer_only_scorable"": true, ""benchmark_core"": true, ""counts_toward_official_topic_score"": true, ""scoring_metric"": ""binary_accuracy"", ""time_limit_minutes"": 30, ""topic_scoring_group"": ""probability_stochastic"", ""track"": ""answer_only_difficulty_selected_core""}","{""contest"": ""AIME"", ""problem_number"": 11, ""publisher"": ""HARP"", ""repository_url"": ""https://github.com/aadityasingh/HARP"", ""subject"": ""counting_and_probability"", ""year"": ""1993""}","{""note"": ""Repository license recorded; third-party competition question and solution rights require component-level confirmation before redistribution."", ""permission_required"": true, ""release_decision"": ""internal_only_pending_review"", ""release_track"": ""restricted_permission_required"", ""repository_license"": ""MIT""}"
harp-1995-aime-15,HARP,AIME 1995 #15,1995,probability_stochastic,combinatorics,case_analysis | combinatorial_counting | expected_value,numeric_answer,"Let $p_{}$ be the probability that, in the process of repeatedly flipping a fair coin, one will encounter a run of $5$ heads before one encounters a run of $2$ tails. Given that $p_{}$ can be written in the form $m/n$ where $m_{}$ and $n_{}$ are relatively prime positive integers, find $m+n$.",$37$,"Think of the problem as a sequence of <tt>H</tt>'s and <tt>T</tt>'s. No two <tt>T</tt>'s can occur in a row, so the sequence is blocks of $1$ to $4$ <tt>H</tt>'s separated by <tt>T</tt>'s and ending in $5$ <tt>H</tt>'s. Since the first letter could be <tt>T</tt> or the sequence could start with a block of <tt>H</tt>'s, the total probability is that $3/2$ of it has to start with an <tt>H</tt>. 
The answer to the problem is then the sum of all numbers of the form $\frac 32 \left( \frac 1{2^a} \cdot \frac 12 \cdot \frac 1{2^b} \cdot \frac 12 \cdot \frac 1{2^c} \cdots \right) \cdot \left(\frac 12\right)^5$, where $a,b,c \ldots$ are all numbers $1-4$, since the blocks of <tt>H</tt>'s can range from $1-4$ in length. The sum of all numbers of the form $(1/2)^a$ is $1/2+1/4+1/8+1/16=15/16$, so if there are n blocks of <tt>H</tt>'s before the final five <tt>H</tt>'s, the answer can be rewritten as the sum of all numbers of the form $\frac 32\left( \left(\frac {15}{16}\right)^n \cdot \left(\frac 12\right)^n \right) \cdot \left(\frac 1{32}\right)=\frac 3{64}\left(\frac{15}{32}\right)^n$, where $n$ ranges from $0$ to $\infty$, since that's how many blocks of <tt>H</tt>'s there can be before the final five. This is an infinite geometric series whose sum is $\frac{3/64}{1-(15/32)}=\frac{3}{34}$, so the answer is $\boxed{37}$.","{""bucket"": ""very_hard"", ""selection_rule"": ""HARP level in {5, 6}"", ""upstream_level"": 6}",needs_review,False,"{""answer_only_scorable"": true, ""benchmark_core"": true, ""counts_toward_official_topic_score"": true, ""scoring_metric"": ""binary_accuracy"", ""time_limit_minutes"": 30, ""topic_scoring_group"": ""probability_stochastic"", ""track"": ""answer_only_difficulty_selected_core""}","{""contest"": ""AIME"", ""problem_number"": 15, ""publisher"": ""HARP"", ""repository_url"": ""https://github.com/aadityasingh/HARP"", ""subject"": ""counting_and_probability"", ""year"": ""1995""}","{""note"": ""Repository license recorded; third-party competition question and solution rights require component-level confirmation before redistribution."", ""permission_required"": true, ""release_decision"": ""internal_only_pending_review"", ""release_track"": ""restricted_permission_required"", ""repository_license"": ""MIT""}"
harp-1999-aime-10,HARP,AIME 1999 #10,1999,probability_stochastic,combinatorics,case_analysis | combinatorial_counting | expected_value,numeric_answer,"Ten points in the plane are given, with no three collinear. Four distinct segments joining pairs of these points are chosen at random, all such segments being equally likely. The probability that some three of the segments form a triangle whose vertices are among the ten given points is $m/n,$ where $m_{}$ and $n_{}$ are relatively prime positive integers. Find $m+n.$",$489$,"Note that 4 points can NEVER form 2 triangles. Therefore, we just need to multiply the probability that the first three segments picked form a triangle by 4. We can pick any segment for the first choice, then only segments that share an endpoint with the first one, then the one segment that completes the triangle. Note that the fourth segment doesn't matter in this case.
Note that there are $(9 - 1) \times 2 = 16$ segments that share an endpoint with the first segment. The answer is then $4 \times \frac{16}{44} \times \frac{1}{43} = \frac{16}{11} \times \frac{1}{43} = \frac{16}{473} \implies m + n = \boxed{489}$","{""bucket"": ""hard_candidate"", ""selection_rule"": ""HARP level in {5, 6}"", ""upstream_level"": 5}",needs_review,False,"{""answer_only_scorable"": true, ""benchmark_core"": true, ""counts_toward_official_topic_score"": true, ""scoring_metric"": ""binary_accuracy"", ""time_limit_minutes"": 30, ""topic_scoring_group"": ""probability_stochastic"", ""track"": ""answer_only_difficulty_selected_core""}","{""contest"": ""AIME"", ""problem_number"": 10, ""publisher"": ""HARP"", ""repository_url"": ""https://github.com/aadityasingh/HARP"", ""subject"": ""counting_and_probability"", ""year"": ""1999""}","{""note"": ""Repository license recorded; third-party competition question and solution rights require component-level confirmation before redistribution."", ""permission_required"": true, ""release_decision"": ""internal_only_pending_review"", ""release_track"": ""restricted_permission_required"", ""repository_license"": ""MIT""}"
harp-1999-aime-13,HARP,AIME 1999 #13,1999,probability_stochastic,combinatorics,case_analysis | combinatorial_counting | expected_value,numeric_answer,"Forty teams play a tournament in which every team plays every other team exactly once. No ties occur, and each team has a $50 \%$ chance of winning any game it plays. The probability that no two teams win the same number of games is $\frac mn,$ where $m_{}$ and $n_{}$ are relatively prime positive integers. Find $\log_2 n.$",$742$,"There are ${40 \choose 2} = 780$ total pairings of teams, and thus $2^{780}$ possible outcomes. In order for no two teams to win the same number of games, they must each win a different number of games. Since the minimum and maximum possible number of games won are 0 and 39 respectively, and there are 40 teams in total, each team corresponds uniquely with some $k$, with $0 \leq k \leq 39$, where $k$ represents the number of games the team won. With this in mind, we see that there are a total of $40!$ outcomes in which no two teams win the same number of games. Further, note that these are all the valid combinations, as the team with 1 win must beat the team with 0 wins, the team with 2 wins must beat the teams with 1 and 0 wins, and so on; thus, this uniquely defines a combination.
The desired probability is thus $\frac{40!}{2^{780}}$. We wish to simplify this into the form $\frac{m}{n}$, where $m$ and $n$ are relatively prime. The only necessary step is to factor out all the powers of 2 from $40!$; the remaining number is clearly relatively prime to all powers of 2. 
The number of powers of 2 in $40!$ is $\left \lfloor \frac{40}{2} \right \rfloor + \left \lfloor \frac{40}{4} \right \rfloor + \left \lfloor \frac{40}{8} \right \rfloor + \left \lfloor \frac{40}{16} \right \rfloor + \left \lfloor \frac{40}{32} \right \rfloor = 20 + 10 + 5 + 2 + 1 = 38.$ 
$780-38 = \boxed{742}$.","{""bucket"": ""very_hard"", ""selection_rule"": ""HARP level in {5, 6}"", ""upstream_level"": 6}",needs_review,False,"{""answer_only_scorable"": true, ""benchmark_core"": true, ""counts_toward_official_topic_score"": true, ""scoring_metric"": ""binary_accuracy"", ""time_limit_minutes"": 30, ""topic_scoring_group"": ""probability_stochastic"", ""track"": ""answer_only_difficulty_selected_core""}","{""contest"": ""AIME"", ""problem_number"": 13, ""publisher"": ""HARP"", ""repository_url"": ""https://github.com/aadityasingh/HARP"", ""subject"": ""counting_and_probability"", ""year"": ""1999""}","{""note"": ""Repository license recorded; third-party competition question and solution rights require component-level confirmation before redistribution."", ""permission_required"": true, ""release_decision"": ""internal_only_pending_review"", ""release_track"": ""restricted_permission_required"", ""repository_license"": ""MIT""}"
harp-2001-aime_i-10,HARP,AIME_I 2001 #10,2001,probability_stochastic,combinatorics,case_analysis | combinatorial_counting | expected_value,numeric_answer,"Let $S$ be the set of points whose coordinates $x,$ $y,$ and $z$ are integers that satisfy $0\le x\le2,$ $0\le y\le3,$ and $0\le z\le4.$ Two distinct points are randomly chosen from $S.$ The probability that the midpoint of the segment they determine also belongs to $S$ is $m/n,$ where $m$ and $n$ are relatively prime positive integers. Find $m + n.$",$200$,"The distance between the $x$, $y$, and $z$ coordinates must be even so that the midpoint can have integer coordinates. Therefore, 
* For $x$, we have the possibilities $(0,0)$, $(1,1)$, $(2,2)$, $(0,2)$, and $(2,0)$, $5$ possibilities.
* For $y$, we have the possibilities $(0,0)$, $(1,1)$, $(2,2)$, $(3,3)$, $(0,2)$, $(2,0)$, $(1,3)$, and $(3,1)$, $8$ possibilities.
* For $z$, we have the possibilities $(0,0)$, $(1,1)$, $(2,2)$, $(3,3)$, $(4,4)$, $(0,2)$, $(0,4)$, $(2,0)$, $(4,0)$, $(2,4)$, $(4,2)$, $(1,3)$, and $(3,1)$, $13$ possibilities.
However, we have $3\cdot 4\cdot 5 = 60$ cases where we have simply taken the same point twice, so we subtract those. Therefore, our answer is $\frac {5\cdot 8\cdot 13 - 60}{60\cdot 59} = \frac {23}{177}\Longrightarrow m+n = \boxed{200}$.","{""bucket"": ""hard_candidate"", ""selection_rule"": ""HARP level in {5, 6}"", ""upstream_level"": 5}",needs_review,False,"{""answer_only_scorable"": true, ""benchmark_core"": true, ""counts_toward_official_topic_score"": true, ""scoring_metric"": ""binary_accuracy"", ""time_limit_minutes"": 30, ""topic_scoring_group"": ""probability_stochastic"", ""track"": ""answer_only_difficulty_selected_core""}","{""contest"": ""AIME_I"", ""problem_number"": 10, ""publisher"": ""HARP"", ""repository_url"": ""https://github.com/aadityasingh/HARP"", ""subject"": ""counting_and_probability"", ""year"": ""2001""}","{""note"": ""Repository license recorded; third-party competition question and solution rights require component-level confirmation before redistribution."", ""permission_required"": true, ""release_decision"": ""internal_only_pending_review"", ""release_track"": ""restricted_permission_required"", ""repository_license"": ""MIT""}"
harp-2001-aime_i-15,HARP,AIME_I 2001 #15,2001,probability_stochastic,combinatorics,case_analysis | combinatorial_counting | expected_value,numeric_answer,"The numbers $1, 2, 3, 4, 5, 6, 7,$ and $8$ are randomly written on the faces of a regular octahedron so that each face contains a different number. The probability that no two consecutive numbers, where $8$ and $1$ are considered to be consecutive, are written on faces that share an edge is $m/n,$ where $m$ and $n$ are relatively prime positive integers. Find $m + n.$",$85$,"Choose one face of the octahedron randomly and label it with $1$. There are three faces adjacent to this one, which we will call A-faces. There are three faces adjacent to two of the A-faces, which we will call B-faces, and one face adjacent to the three B-faces, which we will call the C-face.
Clearly, the labels for the A-faces must come from the set $\{3,4,5,6,7\}$, since these faces are all adjacent to $1$. There are thus $5 \cdot 4 \cdot 3 = 60$ ways to assign the labels for the A-faces. 
The labels for the B-faces and C-face are the two remaining numbers from the above set, plus $2$ and $8$. The number on the C-face must not be consecutive to any of the numbers on the B-faces. 
From here it is easiest to brute force the $10$ possibilities for the $4$ numbers on the B and C faces:
* 2348 (2678): 8(2) is the only one not adjacent to any of the others, so it goes on the C-face. 4(6) has only one B-face it can go to, while 2 and 3 (7 and 8) can be assigned randomly to the last two. 2 possibilities here.
* 2358 (2578): 5 cannot go on any of the B-faces, so it must be on the C-face. 3 and 8 (2 and 7) have only one allowable B-face, so just 1 possibility here.
* 2368 (2478): 6(4) cannot go on any of the B-faces, so it must be on the C-face. 3 and 8 (2 and 7) have only one allowable B-face, so 1 possibility here.
* 2458 (2568): All of the numbers have only one B-face they could go to. 2 and 4 (6 and 8) can go on the same, so one must go to the C-face. Only 2(8) is not consecutive with any of the others, so it goes on the C-face. 1 possibility.
* 2378: None of the numbers can go on the C-face because they will be consecutive with one of the B-face numbers. So this possibility is impossible.
* 2468: Both 4 and 6 cannot go on any B-face. They cannot both go on the C-face, so this possibility is impossible.
There is a total of $10$ possibilities. There are $3!=6$ permutations (rotations/reflections) of each, so $60$ acceptable ways to fill in the rest of the octahedron given the $1$. There are $7!=5040$ ways to randomly fill in the rest of the octahedron. So the probability is $\frac {60}{5040} = \frac {1}{84}$. The answer is $\boxed{85}$.","{""bucket"": ""very_hard"", ""selection_rule"": ""HARP level in {5, 6}"", ""upstream_level"": 6}",needs_review,False,"{""answer_only_scorable"": true, ""benchmark_core"": true, ""counts_toward_official_topic_score"": true, ""scoring_metric"": ""binary_accuracy"", ""time_limit_minutes"": 30, ""topic_scoring_group"": ""probability_stochastic"", ""track"": ""answer_only_difficulty_selected_core""}","{""contest"": ""AIME_I"", ""problem_number"": 15, ""publisher"": ""HARP"", ""repository_url"": ""https://github.com/aadityasingh/HARP"", ""subject"": ""counting_and_probability"", ""year"": ""2001""}","{""note"": ""Repository license recorded; third-party competition question and solution rights require component-level confirmation before redistribution."", ""permission_required"": true, ""release_decision"": ""internal_only_pending_review"", ""release_track"": ""restricted_permission_required"", ""repository_license"": ""MIT""}"
harp-2001-aime_ii-11,HARP,AIME_II 2001 #11,2001,probability_stochastic,combinatorics,case_analysis | combinatorial_counting | expected_value,numeric_answer,"Club Truncator is in a soccer league with six other teams, each of which it plays once. In any of its 6 matches, the probabilities that Club Truncator will win, lose, or tie are each $\frac {1}{3}$. The probability that Club Truncator will finish the season with more wins than losses is $\frac {m}{n}$, where $m$ and $n$ are relatively prime positive integers. Find $m + n$.",$341$,"Note that the probability that Club Truncator will have more wins than losses is equal to the probability that it will have more losses than wins; the only other possibility is that they have the same number of wins and losses. Thus, by the complement principle, the desired probability is half the probability that Club Truncator does not have the same number of wins and losses.
The possible ways to achieve the same number of wins and losses are $0$ ties, $3$ wins and $3$ losses; $2$ ties, $2$ wins, and $2$ losses; $4$ ties, $1$ win, and $1$ loss; or $6$ ties. Since there are $6$ games, there are $\frac{6!}{3!3!}$ ways for the first, and $\frac{6!}{2!2!2!}$, $\frac{6!}{4!}$, and $1$ ways for the rest, respectively, out of a total of $3^6$. This gives a probability of $141/729$. Then the desired answer is $\frac{1 - \frac{141}{729}}{2} = \frac{98}{243}$, so the answer is $m+n = \boxed{341}$.","{""bucket"": ""hard_candidate"", ""selection_rule"": ""HARP level in {5, 6}"", ""upstream_level"": 5}",needs_review,False,"{""answer_only_scorable"": true, ""benchmark_core"": true, ""counts_toward_official_topic_score"": true, ""scoring_metric"": ""binary_accuracy"", ""time_limit_minutes"": 30, ""topic_scoring_group"": ""probability_stochastic"", ""track"": ""answer_only_difficulty_selected_core""}","{""contest"": ""AIME_II"", ""problem_number"": 11, ""publisher"": ""HARP"", ""repository_url"": ""https://github.com/aadityasingh/HARP"", ""subject"": ""counting_and_probability"", ""year"": ""2001""}","{""note"": ""Repository license recorded; third-party competition question and solution rights require component-level confirmation before redistribution."", ""permission_required"": true, ""release_decision"": ""internal_only_pending_review"", ""release_track"": ""restricted_permission_required"", ""repository_license"": ""MIT""}"
harp-2002-aime_ii-12,HARP,AIME_II 2002 #12,2002,probability_stochastic,combinatorics,case_analysis | combinatorial_counting | expected_value,numeric_answer,"A basketball player has a constant probability of $.4$ of making any given shot, independent of previous shots. Let $a_n$ be the ratio of shots made to shots attempted after $n$ shots. The probability that $a_{10} = .4$ and $a_n\le.4$ for all $n$ such that $1\le n\le9$ is given to be $p^aq^br/\left(s^c\right)$ where $p$, $q$, $r$, and $s$ are primes, and $a$, $b$, and $c$ are positive integers. Find $\left(p+q+r+s\right)\left(a+b+c\right)$.",$660$,"We graph the $10$ shots on a grid. Suppose that a made shot is represented by a step of $(0,1)$, and a missed shot is represented by $(1,0)$. Then the basketball player's shots can be represented by the number of paths from $(0,0)$ to $(6,4)$ that always stay below the line $y=\frac{2x}{3}$. We can find the number of such paths using a Pascal's Triangle type method below, computing the number of paths to each point that only move right and up.
[asy] size(150); for (int i=0;i<7;++i) {draw((i,0)--(i,4));} for (int i=0;i<5;++i) {draw((0,i)--(6,i));} draw((0,0)--(6,4),dashed); label(""$1$"",(0,0),SE,fontsize(8)); label(""$1$"",(1,0),SE,fontsize(8)); label(""$1$"",(2,0),SE,fontsize(8)); label(""$1$"",(2,1),SE,fontsize(8)); label(""$1$"",(3,0),SE,fontsize(8)); label(""$2$"",(3,1),SE,fontsize(8)); label(""$2$"",(3,2),SE,fontsize(8)); label(""$1$"",(4,0),SE,fontsize(8)); label(""$3$"",(4,1),SE,fontsize(8)); label(""$5$"",(4,2),SE,fontsize(8)); label(""$1$"",(5,0),SE,fontsize(8)); label(""$4$"",(5,1),SE,fontsize(8)); label(""$9$"",(5,2),SE,fontsize(8)); label(""$9$"",(5,3),SE,fontsize(8)); label(""$1$"",(6,0),SE,fontsize(8)); label(""$5$"",(6,1),SE,fontsize(8)); label(""$14$"",(6,2),SE,fontsize(8)); label(""$23$"",(6,3),SE,fontsize(8)); label(""$23$"",(6,4),SE,fontsize(8)); [/asy]
Therefore, there are $23$ ways to shoot $4$ makes and $6$ misses under the given conditions. The probability of each possible sequence occurring is $(.4)^4(.6)^6$. Hence the desired probability is
\[\frac{23\cdot 2^4\cdot 3^6}{5^{10}},\]
and the answer is $(23+2+3+5)(4+6+10)=\boxed{660}$.","{""bucket"": ""hard_candidate"", ""selection_rule"": ""HARP level in {5, 6}"", ""upstream_level"": 5}",needs_review,False,"{""answer_only_scorable"": true, ""benchmark_core"": true, ""counts_toward_official_topic_score"": true, ""scoring_metric"": ""binary_accuracy"", ""time_limit_minutes"": 30, ""topic_scoring_group"": ""probability_stochastic"", ""track"": ""answer_only_difficulty_selected_core""}","{""contest"": ""AIME_II"", ""problem_number"": 12, ""publisher"": ""HARP"", ""repository_url"": ""https://github.com/aadityasingh/HARP"", ""subject"": ""counting_and_probability"", ""year"": ""2002""}","{""note"": ""Repository license recorded; third-party competition question and solution rights require component-level confirmation before redistribution."", ""permission_required"": true, ""release_decision"": ""internal_only_pending_review"", ""release_track"": ""restricted_permission_required"", ""repository_license"": ""MIT""}"
harp-2003-aime_ii-13,HARP,AIME_II 2003 #13,2003,probability_stochastic,combinatorics,case_analysis | combinatorial_counting | expected_value,numeric_answer,"A bug starts at a vertex of an equilateral triangle. On each move, it randomly selects one of the two vertices where it is not currently located, and crawls along a side of the triangle to that vertex. Given that the probability that the bug moves to its starting vertex on its tenth move is $m/n,$ where $m$ and $n$ are relatively prime positive integers, find $m + n.$",$683$,"Let $P_n$ represent the probability that the bug is at its starting vertex after $n$ moves. If the bug is on its starting vertex after $n$ moves, then it must be not on its starting vertex after $n-1$ moves. At this point it has $\frac{1}{2}$ chance of reaching the starting vertex in the next move. Thus $P_n=\frac{1}{2}(1-P_{n-1})$. 
$P_0=1$, so now we can build it up:
$P_1=0$,
$P_2=\frac{1}{2}$,
$P_3=\frac{1}{4}$,
$P_4=\frac{3}{8}$,
$P_5=\frac{5}{16}$,
$P_6=\frac{11}{32}$,
$P_7=\frac{21}{64}$,
$P_8=\frac{43}{128}$,
$P_9=\frac{85}{256}$,
$P_{10}=\frac{171}{512}$,
Thus the answer is $171+512=$$\boxed{683}$","{""bucket"": ""very_hard"", ""selection_rule"": ""HARP level in {5, 6}"", ""upstream_level"": 6}",needs_review,False,"{""answer_only_scorable"": true, ""benchmark_core"": true, ""counts_toward_official_topic_score"": true, ""scoring_metric"": ""binary_accuracy"", ""time_limit_minutes"": 30, ""topic_scoring_group"": ""probability_stochastic"", ""track"": ""answer_only_difficulty_selected_core""}","{""contest"": ""AIME_II"", ""problem_number"": 13, ""publisher"": ""HARP"", ""repository_url"": ""https://github.com/aadityasingh/HARP"", ""subject"": ""counting_and_probability"", ""year"": ""2003""}","{""note"": ""Repository license recorded; third-party competition question and solution rights require component-level confirmation before redistribution."", ""permission_required"": true, ""release_decision"": ""internal_only_pending_review"", ""release_track"": ""restricted_permission_required"", ""repository_license"": ""MIT""}"
harp-2004-aime_ii-15,HARP,AIME_II 2004 #15,2004,probability_stochastic,combinatorics,case_analysis | combinatorial_counting | expected_value,numeric_answer,"A long thin strip of paper is $1024$ units in length, $1$ unit in width, and is divided into $1024$ unit squares. The paper is folded in half repeatedly. For the first fold, the right end of the paper is folded over to coincide with and lie on top of the left end. The result is a $512$ by $1$ strip of double thickness. Next, the right end of this strip is folded over to coincide with and lie on top of the left end, resulting in a $256$ by $1$ strip of quadruple thickness. This process is repeated $8$ more times. After the last fold, the strip has become a stack of $1024$ unit squares. How many of these squares lie below the square that was originally the $942$nd square counting from the left?",$593$,"Number the squares $0, 1, 2, 3, ... 2^{k} - 1$. In this case $k = 10$, but we will consider more generally to find an inductive solution. Call $s_{n, k}$ the number of squares below the $n$ square after the final fold in a strip of length $2^{k}$.
Now, consider the strip of length $1024$. The problem asks for $s_{941, 10}$. We can derive some useful recurrences for $s_{n, k}$ as follows: Consider the first fold. Each square $s$ is now paired with the square $2^{k} - s - 1$. Now, imagine that we relabel these pairs with the indices $0, 1, 2, 3... 2^{k - 1} - 1$ - then the $s_{n, k}$ value of the pairs correspond with the $s_{n, k - 1}$ values - specifically, double, and maybe $+ 1$ (if the member of the pair that you're looking for is the top one at the final step).
So, after the first fold on the strip of length $1024$, the $941$ square is on top of the $82$ square. We can then write
\[s_{941, 10} = 2s_{82, 9} + 1\]
(We add one because $941$ is the odd member of the pair, and it will be on top. This is more easily visually demonstrated than proven.) We can repeat this recurrence, adding one every time we pair an odd to an even (but ignoring the pairing if our current square is the smaller of the two):
\[s_{82, 9} = 2s_{82, 8} = 4s_{82, 7} = 8s_{127 - 82, 6} = 8s_{45, 6}\]
\[s_{45, 6} = 2s_{63 - 45, 5} + 1 = 2s_{18, 5} + 1 = 4s_{31 - 18, 4} + 1 = 4s_{13, 4} + 1\]
\[s_{13, 4} = 2s_{15 - 13, 3} + 1 = 2s_{2, 3}+1\]
We can easily calculate $s_{2, 3} = 4$ from a diagram. Plugging back in,
\begin{align*} s_{13, 4} &= 9 \\ s_{45, 6} &= 37 \\ s_{82, 9} &= 296 \\ s_{941, 10} &= \boxed{593}\end{align*}","{""bucket"": ""very_hard"", ""selection_rule"": ""HARP level in {5, 6}"", ""upstream_level"": 6}",needs_review,False,"{""answer_only_scorable"": true, ""benchmark_core"": true, ""counts_toward_official_topic_score"": true, ""scoring_metric"": ""binary_accuracy"", ""time_limit_minutes"": 30, ""topic_scoring_group"": ""probability_stochastic"", ""track"": ""answer_only_difficulty_selected_core""}","{""contest"": ""AIME_II"", ""problem_number"": 15, ""publisher"": ""HARP"", ""repository_url"": ""https://github.com/aadityasingh/HARP"", ""subject"": ""counting_and_probability"", ""year"": ""2004""}","{""note"": ""Repository license recorded; third-party competition question and solution rights require component-level confirmation before redistribution."", ""permission_required"": true, ""release_decision"": ""internal_only_pending_review"", ""release_track"": ""restricted_permission_required"", ""repository_license"": ""MIT""}"
harp-2006-aime_ii-10,HARP,AIME_II 2006 #10,2006,probability_stochastic,combinatorics,case_analysis | combinatorial_counting | expected_value,numeric_answer,"Seven teams play a soccer tournament in which each team plays every other team exactly once. No ties occur, each team has a $50\%$ chance of winning each game it plays, and the outcomes of the games are independent. In each game, the winner is awarded a point and the loser gets 0 points. The total points are accumulated to decide the ranks of the teams. In the first game of the tournament, team $A$ beats team $B.$ The probability that team $A$ finishes with more points than team $B$ is $m/n,$ where $m$ and $n$ are relatively prime positive integers. Find $m+n.$",$831$,"The results of the five remaining games are independent of the first game, so by symmetry, the probability that $A$ scores higher than $B$ in these five games is equal to the probability that $B$ scores higher than $A$. We let this probability be $p$; then the probability that $A$ and $B$ end with the same score in these five games is $1-2p$.
Of these three cases ($|A| > |B|, |A| < |B|, |A|=|B|$), the last is the easiest to calculate (see solution 2 for a way to directly calculate the other cases). 
There are ${5\choose k}$ ways to $A$ to have $k$ victories, and ${5\choose k}$ ways for $B$ to have $k$ victories. Summing for all values of $k$,
$1-2p = \frac{1}{2^{5} \times 2^{5}}\left(\sum_{k=0}^{5} {5\choose k}^2\right) = \frac{1^2+5^2+10^2+10^2+5^2+1^2}{1024} = \frac{126}{512}.$
Thus $p = \frac 12 \left(1-\frac{126}{512}\right) = \frac{193}{512}$. The desired probability is the sum of the cases when $|A| \ge |B|$, so the answer is $\frac{126}{512} + \frac{193}{512} = \frac{319}{512}$, and $m+n = \boxed{831}$.","{""bucket"": ""hard_candidate"", ""selection_rule"": ""HARP level in {5, 6}"", ""upstream_level"": 5}",needs_review,False,"{""answer_only_scorable"": true, ""benchmark_core"": true, ""counts_toward_official_topic_score"": true, ""scoring_metric"": ""binary_accuracy"", ""time_limit_minutes"": 30, ""topic_scoring_group"": ""probability_stochastic"", ""track"": ""answer_only_difficulty_selected_core""}","{""contest"": ""AIME_II"", ""problem_number"": 10, ""publisher"": ""HARP"", ""repository_url"": ""https://github.com/aadityasingh/HARP"", ""subject"": ""counting_and_probability"", ""year"": ""2006""}","{""note"": ""Repository license recorded; third-party competition question and solution rights require component-level confirmation before redistribution."", ""permission_required"": true, ""release_decision"": ""internal_only_pending_review"", ""release_track"": ""restricted_permission_required"", ""repository_license"": ""MIT""}"
harp-2007-aime_ii-10,HARP,AIME_II 2007 #10,2007,probability_stochastic,combinatorics,case_analysis | combinatorial_counting | expected_value,numeric_answer,"Let $S$ be a set with six elements. Let $\mathcal{P}$ be the set of all subsets of $S.$ Subsets $A$ and $B$ of $S$, not necessarily distinct, are chosen independently and at random from $\mathcal{P}$. The probability that $B$ is contained in one of $A$ or $S-A$ is $\frac{m}{n^{r}},$ where $m$, $n$, and $r$ are positive integers, $n$ is prime, and $m$ and $n$ are relatively prime. Find $m+n+r.$ (The set $S-A$ is the set of all elements of $S$ which are not in $A.$)",$710$,"Let $|S|$ denote the number of elements in a general set $S$. We use complementary counting. 
There is a total of $2^6$ elements in $P$, so the total number of ways to choose $A$ and $B$ is $(2^6)^2 = 2^{12}$.
Note that the number of $x$-element subset of $S$ is $\binom{6}{x}$. In general, for $0 \le |A| \le 6$, in order for $B$ to be in neither $A$ nor $S-A$, $B$ must have at least one element from both $A$ and $S-A$. In other words, $B$ must contain any subset of $A$ and $S-A$ except for the empty set $\{\}$. This can be done in $\binom{6}{|A|} (2^{|A|} - 1)(2^{6-|A|} - 1)$ ways. As $|A|$ ranges from $0$ to $6$, we can calculate the total number of unsuccessful outcomes to be \[\sum_{|A| = 0}^{6} \binom{6}{|A|} (2^{|A|} - 1)(2^{6-|A|} - 1) = 2702.\] So our desired answer is \[1 - \dfrac{2702}{2^{12}} = \dfrac{697}{2^{11}} \Rightarrow \boxed{710}.\]","{""bucket"": ""hard_candidate"", ""selection_rule"": ""HARP level in {5, 6}"", ""upstream_level"": 5}",needs_review,False,"{""answer_only_scorable"": true, ""benchmark_core"": true, ""counts_toward_official_topic_score"": true, ""scoring_metric"": ""binary_accuracy"", ""time_limit_minutes"": 30, ""topic_scoring_group"": ""probability_stochastic"", ""track"": ""answer_only_difficulty_selected_core""}","{""contest"": ""AIME_II"", ""problem_number"": 10, ""publisher"": ""HARP"", ""repository_url"": ""https://github.com/aadityasingh/HARP"", ""subject"": ""counting_and_probability"", ""year"": ""2007""}","{""note"": ""Repository license recorded; third-party competition question and solution rights require component-level confirmation before redistribution."", ""permission_required"": true, ""release_decision"": ""internal_only_pending_review"", ""release_track"": ""restricted_permission_required"", ""repository_license"": ""MIT""}"
harp-2010-aime_ii-13,HARP,AIME_II 2010 #13,2010,probability_stochastic,combinatorics,case_analysis | combinatorial_counting | expected_value,numeric_answer,"The $52$ cards in a deck are numbered $1, 2, \cdots, 52$. Alex, Blair, Corey, and Dylan each picks a card from the deck without replacement and with each card being equally likely to be picked, The two persons with lower numbered cards form a team, and the two persons with higher numbered cards form another team. Let $p(a)$ be the probability that Alex and Dylan are on the same team, given that Alex picks one of the cards $a$ and $a+9$, and Dylan picks the other of these two cards. The minimum value of $p(a)$ for which $p(a)\ge\frac{1}{2}$ can be written as $\frac{m}{n}$. where $m$ and $n$ are relatively prime positive integers. Find $m+n$.",$263$,"Once the two cards are drawn, there are $\dbinom{50}{2} = 1225$ ways for the other two people to draw. Alex and Dylan are the team with higher numbers if Blair and Corey both draw below $a$, which occurs in $\dbinom{a-1}{2}$ ways. Alex and Dylan are the team with lower numbers if Blair and Corey both draw above $a+9$, which occurs in $\dbinom{43-a}{2}$ ways. Thus, \[p(a)=\frac{\dbinom{43-a}{2}+\dbinom{a-1}{2}}{1225}.\] Simplifying, we get $p(a)=\frac{(43-a)(42-a)+(a-1)(a-2)}{2\cdot1225}$, so we need $(43-a)(42-a)+(a-1)(a-2)\ge (1225)$. If $a=22+b$, then \begin{align*}(43-a)(42-a)+(a-1)(a-2)&=(21-b)(20-b)+(21+b)(20+b)=2b^2+2(21)(20)\ge (1225) \\ b^2\ge \frac{385}{2} &= 192.5 >13^2 \end{align*} So $b> 13$ or $b< -13$, and $a=22+b<9$ or $a>35$, so $a=8$ or $a=36$. Thus, $p(8) = \frac{616}{1225} = \frac{88}{175}$, and the answer is $88+175 = \boxed{263}$.","{""bucket"": ""very_hard"", ""selection_rule"": ""HARP level in {5, 6}"", ""upstream_level"": 6}",needs_review,False,"{""answer_only_scorable"": true, ""benchmark_core"": true, ""counts_toward_official_topic_score"": true, ""scoring_metric"": ""binary_accuracy"", ""time_limit_minutes"": 30, ""topic_scoring_group"": ""probability_stochastic"", ""track"": ""answer_only_difficulty_selected_core""}","{""contest"": ""AIME_II"", ""problem_number"": 13, ""publisher"": ""HARP"", ""repository_url"": ""https://github.com/aadityasingh/HARP"", ""subject"": ""counting_and_probability"", ""year"": ""2010""}","{""note"": ""Repository license recorded; third-party competition question and solution rights require component-level confirmation before redistribution."", ""permission_required"": true, ""release_decision"": ""internal_only_pending_review"", ""release_track"": ""restricted_permission_required"", ""repository_license"": ""MIT""}"
harp-2011-aime_i-10,HARP,AIME_I 2011 #10,2011,probability_stochastic,combinatorics,case_analysis | combinatorial_counting | expected_value,numeric_answer,The probability that a set of three distinct vertices chosen at random from among the vertices of a regular n-gon determine an obtuse triangle is $\frac{93}{125}$ . Find the sum of all possible values of $n$.,$503$,"Inscribe the regular polygon inside a circle. A triangle inside this circle will be obtuse if and only if its three vertices lie on one side of a diameter of the circle. (This is because if an inscribed angle on a circle is obtuse, the arc it spans must be 180 degrees or greater).
Break up the problem into two cases: an even number of sides $2n$, or an odd number of sides $2n-1$. For polygons with $2n$ sides, the circumdiameter has endpoints on $2$ vertices. There are $n-1$ points on one side of a diameter, plus $1$ of the endpoints of the diameter for a total of $n$ points. For polygons with $2n - 1$ points, the circumdiameter has $1$ endpoint on a vertex and $1$ endpoint on the midpoint of the opposite side. There are also $n - 1$ points on one side of the diameter, plus the vertex for a total of $n$ points on one side of the diameter.
Case 1: $2n$-sided polygon. There are clearly $\binom{2n}{3}$ different triangles total. To find triangles that meet the criteria, choose the left-most point. There are obviously $2n$ choices for this point. From there, the other two points must be within the $n-1$ points remaining on the same side of the diameter. So our desired probability is
$\frac{2n\binom{n-1}{2}}{\binom{2n}{3}}$
$=\frac{n(n-1)(n-2)}{\frac{2n(2n-1)(2n-2)}{6}}$
$=\frac{6n(n-1)(n-2)}{2n(2n-1)(2n-2)}$
$=\frac{3(n-2)}{2(2n-1)}$
so $\frac{93}{125}=\frac{3(n-2)}{2(2n-1)}$
$186(2n-1)=375(n-2)$.
$372n-186=375n-750$
$3n=564$
$n=188$ and so the polygon has $376$ sides.
Case 2: $2n-1$-sided polygon. Similarly, $\binom{2n-1}{3}$ total triangles. Again choose the leftmost point, with $2n-1$ choices. For the other two points, there are again $\binom{n-1}{2}$ possibilities.
The probability is $\frac{(2n-1)\binom{n-1}{2}}{\binom{2n-1}{3}}$
$=\frac{3(2n-1)(n-1)(n-2)}{(2n-1)(2n-2)(2n-3)}$
$=\frac{3(n-2)}{2(2n-3)}$
so $\frac{93}{125}=\frac{3(n-2)}{2(2n-3)}$
$186(2n-3)=375(n-2)$
$375n-750=372n-558$
$3n=192$
$n=64$ and our polygon has $127$ sides.
Adding, $127+376=\boxed{503}$","{""bucket"": ""hard_candidate"", ""selection_rule"": ""HARP level in {5, 6}"", ""upstream_level"": 5}",needs_review,False,"{""answer_only_scorable"": true, ""benchmark_core"": true, ""counts_toward_official_topic_score"": true, ""scoring_metric"": ""binary_accuracy"", ""time_limit_minutes"": 30, ""topic_scoring_group"": ""probability_stochastic"", ""track"": ""answer_only_difficulty_selected_core""}","{""contest"": ""AIME_I"", ""problem_number"": 10, ""publisher"": ""HARP"", ""repository_url"": ""https://github.com/aadityasingh/HARP"", ""subject"": ""counting_and_probability"", ""year"": ""2011""}","{""note"": ""Repository license recorded; third-party competition question and solution rights require component-level confirmation before redistribution."", ""permission_required"": true, ""release_decision"": ""internal_only_pending_review"", ""release_track"": ""restricted_permission_required"", ""repository_license"": ""MIT""}"
harp-2011-aime_ii-12,HARP,AIME_II 2011 #12,2011,probability_stochastic,combinatorics,case_analysis | combinatorial_counting | expected_value,numeric_answer,"Nine delegates, three each from three different countries, randomly select chairs at a round table that seats nine people. Let the probability that each delegate sits next to at least one delegate from another country be $\frac{m}{n}$, where $m$ and $n$ are relatively prime positive integers. Find $m + n$.",$97$,"Use complementary probability and Principle of Inclusion-Exclusion. If we consider the delegates from each country to be indistinguishable and number the chairs, we have \[\frac{9!}{(3!)^3} = \frac{9\cdot8\cdot7\cdot6\cdot5\cdot4}{6\cdot6} = 6\cdot8\cdot7\cdot5 = 30\cdot56\] total ways to seat the candidates. 
Of these, there are $3 \times 9 \times \frac{6!}{(3!)^2}$ ways to have the candidates of at least some one country sit together. This comes to \[\frac{27\cdot6\cdot5\cdot4}6 = 27\cdot 20.\]
Among these there are $3 \times 9 \times 4$ ways for candidates from two countries to each sit together. This comes to $27\cdot 4.$
Finally, there are $9 \times 2 = 18.$ ways for the candidates from all the countries to sit in three blocks (9 clockwise arrangements, and 9 counter-clockwise arrangements).
So, by PIE, the total count of unwanted arrangements is $27\cdot 20 - 27\cdot 4 + 18 = 16\cdot27 + 18 = 18\cdot25.$ So the fraction \[\frac mn = \frac{30\cdot 56 - 18\cdot 25}{30\cdot 56} = \frac{56 - 15}{56} = \frac{41}{56}.\] Thus $m + n = 56 + 41 = \boxed{97}.$","{""bucket"": ""hard_candidate"", ""selection_rule"": ""HARP level in {5, 6}"", ""upstream_level"": 5}",needs_review,False,"{""answer_only_scorable"": true, ""benchmark_core"": true, ""counts_toward_official_topic_score"": true, ""scoring_metric"": ""binary_accuracy"", ""time_limit_minutes"": 30, ""topic_scoring_group"": ""probability_stochastic"", ""track"": ""answer_only_difficulty_selected_core""}","{""contest"": ""AIME_II"", ""problem_number"": 12, ""publisher"": ""HARP"", ""repository_url"": ""https://github.com/aadityasingh/HARP"", ""subject"": ""counting_and_probability"", ""year"": ""2011""}","{""note"": ""Repository license recorded; third-party competition question and solution rights require component-level confirmation before redistribution."", ""permission_required"": true, ""release_decision"": ""internal_only_pending_review"", ""release_track"": ""restricted_permission_required"", ""repository_license"": ""MIT""}"
harp-2011-aime_ii-15,HARP,AIME_II 2011 #15,2011,probability_stochastic,combinatorics,case_analysis | combinatorial_counting | expected_value,numeric_answer,"Let $P(x) = x^2 - 3x - 9$. A real number $x$ is chosen at random from the interval $5 \le x \le 15$. The probability that $\lfloor\sqrt{P(x)}\rfloor = \sqrt{P(\lfloor x \rfloor)}$ is equal to $\frac{\sqrt{a} + \sqrt{b} + \sqrt{c} - d}{e}$ , where $a$, $b$, $c$, $d$, and $e$ are positive integers. Find $a + b + c + d + e$.",$850$,"Table of values of $P(x)$:
\begin{align*} P(5) &= 1 \\ P(6) &= 9 \\ P(7) &= 19 \\ P(8) &= 31 \\ P(9) &= 45 \\ P(10) &= 61 \\ P(11) &= 79 \\ P(12) &= 99 \\ P(13) &= 121 \\ P(14) &= 145 \\ P(15) &= 171 \\ \end{align*}
In order for $\lfloor \sqrt{P(x)} \rfloor = \sqrt{P(\lfloor x \rfloor)}$ to hold, $\sqrt{P(\lfloor x \rfloor)}$ must be an integer and hence $P(\lfloor x \rfloor)$ must be a perfect square. This limits $x$ to $5 \le x < 6$ or $6 \le x < 7$ or $13 \le x < 14$ since, from the table above, those are the only values of $x$ for which $P(\lfloor x \rfloor)$ is an perfect square. However, in order for $\sqrt{P(x)}$ to be rounded down to $P(\lfloor x \rfloor)$, $P(x)$ must be less than the next perfect square after $P(\lfloor x \rfloor)$ (for the said intervals). Now, we consider the three cases:
Case $5 \le x < 6$:
$P(x)$ must be less than the first perfect square after $1$, which is $4$, <i>i.e.</i>:
$1 \le P(x) < 4$ (because $\lfloor \sqrt{P(x)} \rfloor = 1$ implies $1 \le \sqrt{P(x)} < 2$)
Since $P(x)$ is increasing for $x \ge 5$, we just need to find the value $v \ge 5$ where $P(v) = 4$, which will give us the working range $5 \le x < v$.
\begin{align*} v^2 - 3v - 9 &= 4 \\ v &= \frac{3 + \sqrt{61}}{2} \end{align*}
So in this case, the only values that will work are $5 \le x < \frac{3 + \sqrt{61}}{2}$.
Case $6 \le x < 7$:
$P(x)$ must be less than the first perfect square after $9$, which is $16$.
\begin{align*} v^2 - 3v - 9 &= 16 \\ v &= \frac{3 + \sqrt{109}}{2} \end{align*}
So in this case, the only values that will work are $6 \le x < \frac{3 + \sqrt{109}}{2}$.
Case $13 \le x < 14$:
$P(x)$ must be less than the first perfect square after $121$, which is $144$.
\begin{align*} v^2 - 3v - 9 &= 144 \\ v &= \frac{3 + \sqrt{621}}{2} \end{align*}
So in this case, the only values that will work are $13 \le x < \frac{3 + \sqrt{621}}{2}$.
Now, we find the length of the working intervals and divide it by the length of the total interval, $15 - 5 = 10$:
\begin{align*} \frac{\left( \frac{3 + \sqrt{61}}{2} - 5 \right) + \left( \frac{3 + \sqrt{109}}{2} - 6 \right) + \left( \frac{3 + \sqrt{621}}{2} - 13 \right)}{10} \\ &= \frac{\sqrt{61} + \sqrt{109} + \sqrt{621} - 39}{20} \end{align*}
Thus, the answer is $61 + 109 + 621 + 39 + 20 = \boxed{850}$.","{""bucket"": ""very_hard"", ""selection_rule"": ""HARP level in {5, 6}"", ""upstream_level"": 6}",needs_review,False,"{""answer_only_scorable"": true, ""benchmark_core"": true, ""counts_toward_official_topic_score"": true, ""scoring_metric"": ""binary_accuracy"", ""time_limit_minutes"": 30, ""topic_scoring_group"": ""probability_stochastic"", ""track"": ""answer_only_difficulty_selected_core""}","{""contest"": ""AIME_II"", ""problem_number"": 15, ""publisher"": ""HARP"", ""repository_url"": ""https://github.com/aadityasingh/HARP"", ""subject"": ""counting_and_probability"", ""year"": ""2011""}","{""note"": ""Repository license recorded; third-party competition question and solution rights require component-level confirmation before redistribution."", ""permission_required"": true, ""release_decision"": ""internal_only_pending_review"", ""release_track"": ""restricted_permission_required"", ""repository_license"": ""MIT""}"
harp-2014-aime_i-11,HARP,AIME_I 2014 #11,2014,probability_stochastic,combinatorics,case_analysis | combinatorial_counting | expected_value,numeric_answer,"A token starts at the point $(0,0)$ of an $xy$-coordinate grid and then makes a sequence of six moves. Each move is 1 unit in a direction parallel to one of the coordinate axes. Each move is selected randomly from the four possible directions and independently of the other moves. The probability the token ends at a point on the graph of $|y|=|x|$ is $\frac{m}{n}$, where $m$ and $n$ are relatively prime positive integers. Find $m+n$.",$391$,"Perform the coordinate transformation $(x, y)\rightarrow (x+y, x-y)$. Then we can see that a movement up, right, left, or down in the old coordinates adds the vectors $\langle 1, -1 \rangle$, $\langle 1, 1 \rangle$, $\langle -1, -1 \rangle$, $\langle -1, 1 \rangle$ respectively. Moreover, the transformation takes the equation $|y| = |x|$ to the union of the x and y axis. Exactly half of the moves go up in the new coordinates, and half of them go down. In order to end up on the x axis, we need to go up thrice and down thrice. The number of possible sequences of up and down moves is the number of permutations of $UUUDDD$, which is just $\binom63 = 20$. The probability of any of these sequences happening is $\left(\frac12\right)^6$. Thus, the probability of ending on the x axis is $\frac{20}{2^6}$. Similarly, the probability of ending on the y axis is the same. 
However, we overcount exactly one case: ending at $(0, 0)$. Since ending on the x axis and ending on the y axis are independent events, the probability of both is simply $\left(\frac{20}{2^6}\right)^2 = \frac{25}{256}$. Using PIE, the total probability is $\frac{20}{64} + \frac{20}{64} - \frac{25}{256} = \frac{135}{256}$, giving an answer of $\boxed{391}$.","{""bucket"": ""hard_candidate"", ""selection_rule"": ""HARP level in {5, 6}"", ""upstream_level"": 5}",needs_review,False,"{""answer_only_scorable"": true, ""benchmark_core"": true, ""counts_toward_official_topic_score"": true, ""scoring_metric"": ""binary_accuracy"", ""time_limit_minutes"": 30, ""topic_scoring_group"": ""probability_stochastic"", ""track"": ""answer_only_difficulty_selected_core""}","{""contest"": ""AIME_I"", ""problem_number"": 11, ""publisher"": ""HARP"", ""repository_url"": ""https://github.com/aadityasingh/HARP"", ""subject"": ""counting_and_probability"", ""year"": ""2014""}","{""note"": ""Repository license recorded; third-party competition question and solution rights require component-level confirmation before redistribution."", ""permission_required"": true, ""release_decision"": ""internal_only_pending_review"", ""release_track"": ""restricted_permission_required"", ""repository_license"": ""MIT""}"
harp-2014-aime_i-12,HARP,AIME_I 2014 #12,2014,probability_stochastic,combinatorics,case_analysis | combinatorial_counting | expected_value,numeric_answer,"Let $A=\{1,2,3,4\}$, and $f$ and $g$ be randomly chosen (not necessarily distinct) functions from $A$ to $A$. The probability that the range of $f$ and the range of $g$ are disjoint is $\tfrac{m}{n}$, where $m$ and $n$ are relatively prime positive integers. Find $m$.",$453$,"The natural way to go is casework. And the natural process is to sort $f$ and $g$ based on range size! Via Pigeonhole Principle, we see that the only real possibilities are: $f 1 g 1; f 1 g 2; f 1 g 3; f 2 g 2$. Note that the $1, 2$ and $1, 3$ cases are symmetrical and we need just a $*2$. Note also that the total number of cases is $4^4*4^4=4^8$.
$f 1 g 1$: clearly, we choose one number as the range for $f$, one for $g$, yielding $12$ possibilities.
$f 1 g 2$ with symmetry (WLOG $f$ has 1 element): start by selecting numbers for the ranges. This yields $4$ for the one number in $f$, and $3$ options for the two numbers for $g$. Afterwards, note that the function with 2 numbers in the range can have $4+6+4=14$ arrangements of these two numbers (1 of one, 3 of the other *2 and 2 of each). Therefore, we have $2*12*14$ possibilities, the 2 from symmetry.
$f 2 g 2$: no symmetry, still easy! Just note that we have $6$ choices of which numbers go to $f$ and $g$, and within each, $14*14=196$ choices for the orientation of each of the two numbers. That's $6*196$ possibilities.
$f 1 g 3$: again, symmetrical (WLOG $f$ has one element): $4$ ways to select the single element for $f$, and then find the number of ways to distribute the $3$ distinct numbers in the range for $g$. The only arrangement for the frequency of each number is ${1, 1, 2}$ in some order. Therefore, we have $3$ ways to choose which number is the one represented twice, and then note that there are $12$ ways to arrange these! The number of possibilities in this situation is $2 * 4 * 3 * 12$.
Total, divided by $4^8$, gets $\frac{3 * (1 + 2 * 7^2 + 2^2 * 7 + 2^3 * 3)}{4^7}$, with numerator $\boxed{453}$.","{""bucket"": ""hard_candidate"", ""selection_rule"": ""HARP level in {5, 6}"", ""upstream_level"": 5}",needs_review,False,"{""answer_only_scorable"": true, ""benchmark_core"": true, ""counts_toward_official_topic_score"": true, ""scoring_metric"": ""binary_accuracy"", ""time_limit_minutes"": 30, ""topic_scoring_group"": ""probability_stochastic"", ""track"": ""answer_only_difficulty_selected_core""}","{""contest"": ""AIME_I"", ""problem_number"": 12, ""publisher"": ""HARP"", ""repository_url"": ""https://github.com/aadityasingh/HARP"", ""subject"": ""counting_and_probability"", ""year"": ""2014""}","{""note"": ""Repository license recorded; third-party competition question and solution rights require component-level confirmation before redistribution."", ""permission_required"": true, ""release_decision"": ""internal_only_pending_review"", ""release_track"": ""restricted_permission_required"", ""repository_license"": ""MIT""}"
harp-2014-aime_ii-13,HARP,AIME_II 2014 #13,2014,probability_stochastic,combinatorics,case_analysis | combinatorial_counting | expected_value,numeric_answer,"Ten adults enter a room, remove their shoes, and toss their shoes into a pile. Later, a child randomly pairs each left shoe with a right shoe without regard to which shoes belong together. The probability that for every positive integer $k<5$, no collection of $k$ pairs made by the child contains the shoes from exactly $k$ of the adults is $\frac{m}{n}$, where m and n are relatively prime positive integers. Find $m+n.$",$28$,"Label the left shoes be $L_1,\dots, L_{10}$ and the right shoes $R_1,\dots, R_{10}$. Notice that there are $10!$ possible pairings.
Let a pairing be ""bad"" if it violates the stated condition. We would like a better condition to determine if a given pairing is bad.
Note that, in order to have a bad pairing, there must exist a collection of $k<5$ pairs that includes both the left and the right shoes of $k$ adults; in other words, it is bad if it is possible to pick $k$ pairs and properly redistribute all of its shoes to exactly $k$ people.
Thus, if a left shoe is a part of a bad collection, its corresponding right shoe must also be in the bad collection (and vice versa). To search for bad collections, we can start at an arbitrary right shoe (say $R_1$), check the left shoe it is paired with (say $L_i$), and from the previous observation, we know that $R_i$ must also be in the bad collection. Then we may check the left shoe paired with $R_i$, find its counterpart, check its left pair, find its counterpart, etc. until we have found $L_1$. We can imagine each right shoe ""sending"" us to another right shoe (via its paired left shoe) until we reach the starting right shoe, at which point we know that we have found a bad collection if we have done this less than $5$ times. 
Effectively we have just traversed a <i>cycle.</i> (Note: This is the cycle notation of permutations.) The only condition for a bad pairing is that there is a cycle with length less than $5$; thus, we need to count pairings where every cycle has length at least $5$. This is only possible if there is a single cycle of length $10$ or two cycles of length $5$. 
The first case yields $9!$ working pairings. The second case yields $\frac{{10\choose 5}}{2}\cdot{4!}^2=\frac{10!}{2 \cdot {5!}^2} \cdot {4!}^2$ pairings. Therefore, taking these cases out of a total of $10!$, the probability is $\frac{1}{10}+\frac{1}{50} = \frac{3}{25}$, for an answer of $\boxed{28}$.","{""bucket"": ""very_hard"", ""selection_rule"": ""HARP level in {5, 6}"", ""upstream_level"": 6}",needs_review,False,"{""answer_only_scorable"": true, ""benchmark_core"": true, ""counts_toward_official_topic_score"": true, ""scoring_metric"": ""binary_accuracy"", ""time_limit_minutes"": 30, ""topic_scoring_group"": ""probability_stochastic"", ""track"": ""answer_only_difficulty_selected_core""}","{""contest"": ""AIME_II"", ""problem_number"": 13, ""publisher"": ""HARP"", ""repository_url"": ""https://github.com/aadityasingh/HARP"", ""subject"": ""counting_and_probability"", ""year"": ""2014""}","{""note"": ""Repository license recorded; third-party competition question and solution rights require component-level confirmation before redistribution."", ""permission_required"": true, ""release_decision"": ""internal_only_pending_review"", ""release_track"": ""restricted_permission_required"", ""repository_license"": ""MIT""}"
harp-2016-aime_i-13,HARP,AIME_I 2016 #13,2016,probability_stochastic,combinatorics,case_analysis | combinatorial_counting | expected_value,numeric_answer,"Freddy the frog is jumping around the coordinate plane searching for a river, which lies on the horizontal line $y = 24$. A fence is located at the horizontal line $y = 0$. On each jump Freddy randomly chooses a direction parallel to one of the coordinate axes and moves one unit in that direction. When he is at a point where $y=0$, with equal likelihoods he chooses one of three directions where he either jumps parallel to the fence or jumps away from the fence, but he never chooses the direction that would have him cross over the fence to where $y < 0$. Freddy starts his search at the point $(0, 21)$ and will stop once he reaches a point on the river. Find the expected number of jumps it will take Freddy to reach the river.",$273$,"Clearly Freddy's $x$-coordinate is irrelevant, so we let $E(y)$ be the expected value of the number of jumps it will take him to reach the river from a given $y$-coordinate. Observe that $E(24)=0$, and \[E(y)=1+\frac{E(y+1)+E(y-1)+2E(y)}{4}\] for all $y$ such that $1\le y\le 23$. Also note that $E(0)=1+\frac{2E(0)+E(1)}{3}$. This gives $E(0)=E(1)+3$. Plugging this into the equation for $E(1)$ gives that \[E(1)=1+\frac{E(2)+3E(1)+3}{4},\] or $E(1)=E(2)+7$. Iteratively plugging this in gives that $E(n)=E(n+1)+4n+3$. Thus $E(23)=E(24)+95$, $E(22)=E(23)+91=E(24)+186$, and $E(21)=E(22)+87=E(24)+273=\boxed{273}$.","{""bucket"": ""very_hard"", ""selection_rule"": ""HARP level in {5, 6}"", ""upstream_level"": 6}",needs_review,False,"{""answer_only_scorable"": true, ""benchmark_core"": true, ""counts_toward_official_topic_score"": true, ""scoring_metric"": ""binary_accuracy"", ""time_limit_minutes"": 30, ""topic_scoring_group"": ""probability_stochastic"", ""track"": ""answer_only_difficulty_selected_core""}","{""contest"": ""AIME_I"", ""problem_number"": 13, ""publisher"": ""HARP"", ""repository_url"": ""https://github.com/aadityasingh/HARP"", ""subject"": ""counting_and_probability"", ""year"": ""2016""}","{""note"": ""Repository license recorded; third-party competition question and solution rights require component-level confirmation before redistribution."", ""permission_required"": true, ""release_decision"": ""internal_only_pending_review"", ""release_track"": ""restricted_permission_required"", ""repository_license"": ""MIT""}"
harp-2018-aime_i-12,HARP,AIME_I 2018 #12,2018,probability_stochastic,combinatorics,case_analysis | combinatorial_counting | expected_value,numeric_answer,"For every subset $T$ of $U = \{ 1,2,3,\ldots,18 \}$, let $s(T)$ be the sum of the elements of $T$, with $s(\emptyset)$ defined to be $0$. If $T$ is chosen at random among all subsets of $U$, the probability that $s(T)$ is divisible by $3$ is $\frac{m}{n}$, where $m$ and $n$ are relatively prime positive integers. Find $m$.",$683$,"The question asks us for the probability that a randomly chosen subset of the set of the first 18 positive integers has the property that the sum of its elements is divisible by 3. Note that the total number of subsets is $2^{18}$ because each element can either be in or not in the subset. To find the probability, we will find the total numbers of ways the problem can occur and divide by $2^{18}$.
To simplify the problem, let's convert the set to mod 3:
\[U' = \{1,2,0,1,2,0,1,2,0,1,2,0,1,2,0,1,2,0\}\]
Note that there are six elements congruent to 0 mod 3, 6 congruent to 1 mod 3, and 6 congruent to 2 mod 3. After conversion to mod three, the problem is the same but we're dealing with much simpler numbers. Let's apply casework on this converted set based on $S = s(T')$, the sum of the elements of a subset $T'$ of $U'$.
$\textbf{Case 1: }S=0$
In this case, we can restrict the subsets to subsets that only contain 0. There are six 0's and each one can be in or out of the subset, for a total of $2^{6} = 64$ subsets. In fact, for every case we will have, we can always add a sequence of 0's and the total sum will not change, so we will have to multiply by 64 for each case. Therefore, let's just calculate the total number of ways we can have each case and remember to multiply it in after summing up the cases. This is equivalent to finding the number of ways you can choose such subsets without including the 0's. Therefore this case gives us $\boxed{1}$ way.
$\textbf{Case 2: }S= 3$
In this case and each of the subsequent cases, we denote the number of 1's in the case and the number of two's in the case as $x, y$ respectively. Then in this case we have two subcases;
$x, y = 3,0:$ This case has $\tbinom{6}{3} \cdot \tbinom{6}{0} = 20$ ways.
$x, y = 1,1:$ This case has $\tbinom{6}{1} \cdot \tbinom{6}{1} = 36$ ways.
In total, this case has $20+36=\boxed{56}$ ways.
$\textbf{Case 3: }S=6$
In this case, there are 4 subcases;
$x, y = 6,0:$ This case has $\tbinom{6}{6} \cdot \tbinom{6}{0} = 1$ way.
$x, y = 4,1:$ This case has $\tbinom{6}{4} \cdot \tbinom{6}{1} = 90$ ways.
$x, y = 2,2:$ This case has $\tbinom{6}{2} \cdot \tbinom{6}{2} = 225$ ways.
$x, y = 0,3:$ This case has $\tbinom{6}{0} \cdot \tbinom{6}{3} = 20$ ways.
In total, this case has $1+90+225+20=\boxed{336}$ ways.
Note that for each case, the # of 1's goes down by 2 and the # of 2's goes up by 1. This is because the sum is fixed, so when we change one it must be balanced out by the other. This is similar to the Diophantine equation $x + 2y= S$ and the total number of solutions will be $\tbinom{6}{x} \cdot \tbinom{6}{y}$. From here we continue our casework, and our subcases will be coming out quickly as we have realized this relation.
$\textbf{Case 4: }S=9$
In this case we have 3 subcases:
$x, y = 5,2:$ This case has $\tbinom{6}{5} \cdot \tbinom{6}{1} = 90$ ways.
$x, y = 3,3:$ This case has $\tbinom{6}{3} \cdot \tbinom{6}{3} = 400$ ways.
$x, y = 1,4:$ This case has $\tbinom{6}{1} \cdot \tbinom{6}{4} = 90$ ways.
In total, this case has $90+400+90=\boxed{580}$ ways.
$\textbf{Case 5: } S=12$
In this case we have 4 subcases:
$x, y = 6,3:$ This case has $\tbinom{6}{6} \cdot \tbinom{6}{3} = 20$ ways.
$x, y = 4,4:$ This case has $\tbinom{6}{4} \cdot \tbinom{6}{4} = 225$ ways.
$x, y = 2,5:$ This case has $\tbinom{6}{2} \cdot \tbinom{6}{5} = 90$ ways.
$x, y = 0,6:$ This case has $\tbinom{6}{0} \cdot \tbinom{6}{6} = 1$ way.
Therefore the total number of ways in this case is $20 + 225 + 90 + 1=\boxed{336}$. 
Here we notice something interesting. Not only is the answer the same as Case 3, the subcases deliver the exact same answers, just in reverse order. Why is that?
We discover the pattern that the values of $x, y$ of each subcase of Case 5 can be obtained by subtracting the corresponding values of $x, y$ of each subcase in Case 3 from 6 ( For example, the subcase 0, 6 in Case 5 corresponds to the subcase 6, 0 in Case 3). Then by the combinatorial identity, $\tbinom{6}{k} = \tbinom{6}{6-k}$, which is why each subcase evaluates to the same number. But can we extend this reasoning to all subcases to save time?
Let's write this proof formally. Let $W_S$ be the number of subsets of the set $\{1,2,1,2,1,2,1,2,1,2,1,2\}$ (where each 1 and 2 is distinguishable) such that the sum of the elements of the subset is $S$ and $S$ is divisible by 3. We define the empty set as having a sum of 0. We claim that $W_S = W_{18-S}$.
$W_S = \sum_{i=1}^{|D|} \tbinom{6}{x_i}\tbinom{6}{y_i}$ if and only if there exists $x_i, y_i$ that satisfy $0\leq x_i \leq 6$, $0\leq y_i \leq 6$, $x_i + 2y_i = S$, and $D$ is the set of the pairs $x_i, y_i$. This is because for each pair $x_i$, $y_i$ there are six elements of the same residue mod(3) to choose $x_i$ and $y_i$ numbers from, and their value sum must be $S$.
Let all $x_n$, $y_n$ satisfy $x_n = 6-x_i$ and $y_n = 6-y_i$.
We can rewrite the equation $x_i+ 2y_i = S \implies -x_i- 2y_i = -S \implies 6-x_i+ 6-2y_i= 12 - S$
$\implies 6-x_i+12-2y_i = 18-S \implies 6-x_i + 2(6-y_i) = 18-S$
\[\implies x_n + 2y_n = 18 - S\]
Therefore, since $0\leq x_i, y_i\leq 6$ and $x_n = 6-x_i$ and $y_n = 6-y_i$, $0\leq x_n, y_n\leq 6$. As shown above, $x_n + 2y_n = 18 - S$ and since $S$ and 18 are divisible by 3, 18 -$S$ is divisible by 3. Therefore, by the fact that $W_S = \sum_{i=1}^{|D|} \tbinom{6}{x_i}\tbinom{6}{y_i}$, we have that;
$W_{18-S} = \sum_{n=1}^{|D|} \tbinom{6}{x_n}\tbinom{6}{y_n} \implies W_{18-S} = \sum_{i=1}^{|D|} \tbinom{6}{6-x_i}\tbinom{6}{6-y_i} \implies W_{18-S} = \sum_{i=1}^{|D|} \tbinom{6}{x_i}\tbinom{6}{y_i} = W_S$, proving our claim.
We have found our shortcut, so instead of bashing out the remaining cases, we can use this symmetry. The total number of ways over all the cases is $\sum_{k=0}^{6} W_{3k} = 2 \cdot (1+56+336)+580 = 1366$. The final answer is $\frac{2^{6}\cdot 1366}{2^{18}} = \frac{1366}{2^{12}} = \frac{683}{2^{11}}.$
There are no more 2's left to factor out of the numerator, so we are done and the answer is $\boxed{\boxed{683}}$.","{""bucket"": ""hard_candidate"", ""selection_rule"": ""HARP level in {5, 6}"", ""upstream_level"": 5}",needs_review,False,"{""answer_only_scorable"": true, ""benchmark_core"": true, ""counts_toward_official_topic_score"": true, ""scoring_metric"": ""binary_accuracy"", ""time_limit_minutes"": 30, ""topic_scoring_group"": ""probability_stochastic"", ""track"": ""answer_only_difficulty_selected_core""}","{""contest"": ""AIME_I"", ""problem_number"": 12, ""publisher"": ""HARP"", ""repository_url"": ""https://github.com/aadityasingh/HARP"", ""subject"": ""counting_and_probability"", ""year"": ""2018""}","{""note"": ""Repository license recorded; third-party competition question and solution rights require component-level confirmation before redistribution."", ""permission_required"": true, ""release_decision"": ""internal_only_pending_review"", ""release_track"": ""restricted_permission_required"", ""repository_license"": ""MIT""}"
harp-2018-aime_ii-13,HARP,AIME_II 2018 #13,2018,probability_stochastic,combinatorics,case_analysis | combinatorial_counting | expected_value,numeric_answer,"Misha rolls a standard, fair six-sided die until she rolls $1-2-3$ in that order on three consecutive rolls. The probability that she will roll the die an odd number of times is $\dfrac{m}{n}$ where $m$ and $n$ are relatively prime positive integers. Find $m+n$.",$647$,"Let $P_n$ be the probability of getting consecutive $1,2,3$ rolls in $n$ rolls and not rolling $1,2,3$ prior to the nth roll. 
Let $x = P_3+P_5+...=1-(P_4+P_6+..)$. Following Solution 2, one can see that
\[P_{n+1}=P_{n}-\frac{P_{n-2}}{6^3}\]
for all positive integers $n \ge 5$. Summing for $n=5,7,...$ gives
\[(1-x)-\frac{1}{6^3}=x-\frac{1}{6^3}-\frac{x}{6^3}\]
\[\implies x = \frac{m}{n} = \frac{216}{431} \implies m+n=216+431= \boxed{647}\]","{""bucket"": ""very_hard"", ""selection_rule"": ""HARP level in {5, 6}"", ""upstream_level"": 6}",needs_review,False,"{""answer_only_scorable"": true, ""benchmark_core"": true, ""counts_toward_official_topic_score"": true, ""scoring_metric"": ""binary_accuracy"", ""time_limit_minutes"": 30, ""topic_scoring_group"": ""probability_stochastic"", ""track"": ""answer_only_difficulty_selected_core""}","{""contest"": ""AIME_II"", ""problem_number"": 13, ""publisher"": ""HARP"", ""repository_url"": ""https://github.com/aadityasingh/HARP"", ""subject"": ""counting_and_probability"", ""year"": ""2018""}","{""note"": ""Repository license recorded; third-party competition question and solution rights require component-level confirmation before redistribution."", ""permission_required"": true, ""release_decision"": ""internal_only_pending_review"", ""release_track"": ""restricted_permission_required"", ""repository_license"": ""MIT""}"
harp-2021-aime_i-12,HARP,AIME_I 2021 #12,2021,probability_stochastic,combinatorics,case_analysis | combinatorial_counting | expected_value,numeric_answer,"Let $A_1A_2A_3\ldots A_{12}$ be a dodecagon ($12$-gon). Three frogs initially sit at $A_4,A_8,$ and $A_{12}$. At the end of each minute, simultaneously, each of the three frogs jumps to one of the two vertices adjacent to its current position, chosen randomly and independently with both choices being equally likely. All three frogs stop jumping as soon as two frogs arrive at the same vertex at the same time. The expected number of minutes until the frogs stop jumping is $\frac mn$, where $m$ and $n$ are relatively prime positive integers. Find $m+n$.",$19$,"Define the <b>distance</b> between two frogs as the number of sides between them that do not contain the third frog.
Let $E(a,b,c)$ denote the expected number of minutes until the frogs stop jumping, such that the distances between the frogs are $a,b,$ and $c$ (in either clockwise or counterclockwise order). Without the loss of generality, assume that $a\leq b\leq c.$
We wish to find $E(4,4,4).$ Note that:
1. At any moment before the frogs stop jumping, the only possibilities for $(a,b,c)$ are $(4,4,4),(2,4,6),$ and $(2,2,8).$
2. $E(a,b,c)$ does not depend on the actual positions of the frogs, but depends on the distances between the frogs.
3. At the end of each minute, each frog has $2$ outcomes. So, there are $2^3=8$ outcomes in total.
We have the following system of equations:
\begin{align*} E(4,4,4)&=1+\frac{2}{8}E(4,4,4)+\frac{6}{8}E(2,4,6), \\ E(2,4,6)&=1+\frac{4}{8}E(2,4,6)+\frac{1}{8}E(4,4,4)+\frac{1}{8}E(2,2,8), \\ E(2,2,8)&=1+\frac{2}{8}E(2,2,8)+\frac{2}{8}E(2,4,6). \end{align*}
Rearranging and simplifying each equation, we get
\begin{align*} E(4,4,4)&=\frac{4}{3}+E(2,4,6), &(1) \\ E(2,4,6)&=2+\frac{1}{4}E(4,4,4)+\frac{1}{4}E(2,2,8), &\hspace{12.75mm}(2) \\ E(2,2,8)&=\frac{4}{3}+\frac{1}{3}E(2,4,6). &(3) \end{align*}
Substituting $(1)$ and $(3)$ into $(2),$ we obtain \[E(2,4,6)=2+\frac{1}{4}\left[\frac{4}{3}+E(2,4,6)\right]+\frac{1}{4}\left[\frac{4}{3}+\frac{1}{3}E(2,4,6)\right],\] from which $E(2,4,6)=4.$ Substituting this into $(1)$ gives $E(4,4,4)=\frac{16}{3}.$
Therefore, the answer is $16+3=\boxed{19}.$","{""bucket"": ""hard_candidate"", ""selection_rule"": ""HARP level in {5, 6}"", ""upstream_level"": 5}",needs_review,False,"{""answer_only_scorable"": true, ""benchmark_core"": true, ""counts_toward_official_topic_score"": true, ""scoring_metric"": ""binary_accuracy"", ""time_limit_minutes"": 30, ""topic_scoring_group"": ""probability_stochastic"", ""track"": ""answer_only_difficulty_selected_core""}","{""contest"": ""AIME_I"", ""problem_number"": 12, ""publisher"": ""HARP"", ""repository_url"": ""https://github.com/aadityasingh/HARP"", ""subject"": ""counting_and_probability"", ""year"": ""2021""}","{""note"": ""Repository license recorded; third-party competition question and solution rights require component-level confirmation before redistribution."", ""permission_required"": true, ""release_decision"": ""internal_only_pending_review"", ""release_track"": ""restricted_permission_required"", ""repository_license"": ""MIT""}"
harp-2024-aime_i-11,HARP,AIME_I 2024 #11,2024,probability_stochastic,combinatorics,case_analysis | combinatorial_counting | expected_value,numeric_answer,"Each vertex of a regular octagon is independently colored either red or blue with equal probability. The probability that the octagon can then be rotated so that all of the blue vertices end up at positions where there were originally red vertices is $\tfrac{m}{n}$, where $m$ and $n$ are relatively prime positive integers. What is $m+n$?",$371$,"Notice that the question's condition mandates all blues to go to reds, but reds do not necessarily have to go to blue. Let us do casework on how many blues there are. 
If there are no blues whatsoever, there is only one case. This case is valid, as all of the (zero) blues have gone to reds. (One could also view it as: the location of all the blues now were not previously red.) Thus, we have $1$. 
If there is a single blue somewhere, there are $8$ cases - where can the blue be? Each of these is valid. 
If there are two blues, again, every case is valid, and there are $\dbinom82=28$ cases. 
If there are three blues, every case is again valid; there are $\dbinom83=56$ such cases. 
The case with four blues is trickier. Let us look at all possible subcases. 
If all four are adjacent (as in the diagram below), it is obvious: we can simply reverse the diagram (rotate it by $4$ units) to achieve the problem's condition. There are $8$ possible ways to have $4$ adjacent blues, so this subcase contributes $8$. 
[asy] import graph; void oct11(int[] pts) { pair[] vertices = {(0,0),(1,0),(1.707,0.707),(1.707,1.707),(1,2.414),(0,2.414),(-0.707,1.707),(-0.707,0.707)}; draw((0,0)--(1,0)--(1.707,0.707)--(1.707,1.707)--(1,2.414)--(0,2.414)--(-0.707,1.707)--(-0.707,0.707)--cycle); for (int i = 0; i < 8; i+=1) { if (pts[i] == 0) { dot(vertices[i], blue); } if (pts[i] == 1) { dot(vertices[i], red); } } }; int[] sus = {0,0,0,0,1,1,1,1}; oct11(sus); [/asy]
If three are adjacent and one is one away (as shown in the diagram below), we can not rotate the diagram to satisfy the question. This subcase does not work. 
[asy] import graph; void oct11(int[] pts) { pair[] vertices = {(0,0),(1,0),(1.707,0.707),(1.707,1.707),(1,2.414),(0,2.414),(-0.707,1.707),(-0.707,0.707)}; draw((0,0)--(1,0)--(1.707,0.707)--(1.707,1.707)--(1,2.414)--(0,2.414)--(-0.707,1.707)--(-0.707,0.707)--cycle); for (int i = 0; i < 8; i+=1) { if (pts[i] == 0) { dot(vertices[i], blue); } if (pts[i] == 1) { dot(vertices[i], red); } } }; int[] sus = {0,0,0,1,0,1,1,1}; oct11(sus); [/asy]
If three are adjacent and one is two away, obviously it is not possible as there is nowhere for the three adjacent blues to go. 
[asy] import graph; void oct11(int[] pts) { pair[] vertices = {(0,0),(1,0),(1.707,0.707),(1.707,1.707),(1,2.414),(0,2.414),(-0.707,1.707),(-0.707,0.707)}; draw((0,0)--(1,0)--(1.707,0.707)--(1.707,1.707)--(1,2.414)--(0,2.414)--(-0.707,1.707)--(-0.707,0.707)--cycle); for (int i = 0; i < 8; i+=1) { if (pts[i] == 0) { dot(vertices[i], blue); } if (pts[i] == 1) { dot(vertices[i], red); } } }; int[] sus = {0,0,0,1,1,0,1,1}; oct11(sus); [/asy]
If there are two adjacent pairs that are $1$ apart, it is not possible since we do not have anywhere to put the two pairs. 
[asy] import graph; void oct11(int[] pts) { pair[] vertices = {(0,0),(1,0),(1.707,0.707),(1.707,1.707),(1,2.414),(0,2.414),(-0.707,1.707),(-0.707,0.707)}; draw((0,0)--(1,0)--(1.707,0.707)--(1.707,1.707)--(1,2.414)--(0,2.414)--(-0.707,1.707)--(-0.707,0.707)--cycle); for (int i = 0; i < 8; i+=1) { if (pts[i] == 0) { dot(vertices[i], blue); } if (pts[i] == 1) { dot(vertices[i], red); } } }; int[] sus = {0,0,1,0,0,1,1,1}; oct11(sus); [/asy]
If there are two adjacent pairs that are $2$ apart, all of these cases are possible as we can rotate the diagram by $2$ vertices to work. There are $4$ of these cases. 
[asy] import graph; void oct11(int[] pts) { pair[] vertices = {(0,0),(1,0),(1.707,0.707),(1.707,1.707),(1,2.414),(0,2.414),(-0.707,1.707),(-0.707,0.707)}; draw((0,0)--(1,0)--(1.707,0.707)--(1.707,1.707)--(1,2.414)--(0,2.414)--(-0.707,1.707)--(-0.707,0.707)--cycle); for (int i = 0; i < 8; i+=1) { if (pts[i] == 0) { dot(vertices[i], blue); } if (pts[i] == 1) { dot(vertices[i], red); } } }; int[] sus = {0,0,1,1,0,0,1,1}; oct11(sus); [/asy]
If there is one adjacent pair and there are two separate ones each a distance of $1$ from the other, this case does not work. 
[asy] import graph; void oct11(int[] pts) { pair[] vertices = {(0,0),(1,0),(1.707,0.707),(1.707,1.707),(1,2.414),(0,2.414),(-0.707,1.707),(-0.707,0.707)}; draw((0,0)--(1,0)--(1.707,0.707)--(1.707,1.707)--(1,2.414)--(0,2.414)--(-0.707,1.707)--(-0.707,0.707)--cycle); for (int i = 0; i < 8; i+=1) { if (pts[i] == 0) { dot(vertices[i], blue); } if (pts[i] == 1) { dot(vertices[i], red); } } }; int[] sus = {0,0,1,0,1,0,1,1}; oct11(sus); [/asy]
If we have one adjacent pair and two separate ones that are $2$ away from each other, we can flip the diagram by $4$ vertices. There are $8$ of these cases. 
[asy] import graph; void oct11(int[] pts) { pair[] vertices = {(0,0),(1,0),(1.707,0.707),(1.707,1.707),(1,2.414),(0,2.414),(-0.707,1.707),(-0.707,0.707)}; draw((0,0)--(1,0)--(1.707,0.707)--(1.707,1.707)--(1,2.414)--(0,2.414)--(-0.707,1.707)--(-0.707,0.707)--cycle); for (int i = 0; i < 8; i+=1) { if (pts[i] == 0) { dot(vertices[i], blue); } if (pts[i] == 1) { dot(vertices[i], red); } } }; int[] sus = {0,0,1,0,1,1,0,1}; oct11(sus); [/asy]
Finally, if the red and blues alternate, we can simply shift the diagram by a single vertex to satisfy the question. Thus, all of these cases work, and we have $2$ subcases. 
There can not be more than $4$ blues, so we are done. 
Our total is $1+8+28+56+8+4+8+2=115$. There are $2^8=256$ possible colorings, so we have $\dfrac{115}{256}$ and our answer is $115+256=\boxed{371}$.","{""bucket"": ""hard_candidate"", ""selection_rule"": ""HARP level in {5, 6}"", ""upstream_level"": 5}",needs_review,False,"{""answer_only_scorable"": true, ""benchmark_core"": true, ""counts_toward_official_topic_score"": true, ""scoring_metric"": ""binary_accuracy"", ""time_limit_minutes"": 30, ""topic_scoring_group"": ""probability_stochastic"", ""track"": ""answer_only_difficulty_selected_core""}","{""contest"": ""AIME_I"", ""problem_number"": 11, ""publisher"": ""HARP"", ""repository_url"": ""https://github.com/aadityasingh/HARP"", ""subject"": ""counting_and_probability"", ""year"": ""2024""}","{""note"": ""Repository license recorded; third-party competition question and solution rights require component-level confirmation before redistribution."", ""permission_required"": true, ""release_decision"": ""internal_only_pending_review"", ""release_track"": ""restricted_permission_required"", ""repository_license"": ""MIT""}"
jane-street-2017-03,Jane Street Monthly Puzzles,Birthday Bash,2017-03,probability_stochastic,combinatorics | algorithms_computation,inclusion_exclusion | combinatorial_counting | dynamic_programming | numerical_root_finding | computational_verification,probabilistic_process | code_search | numeric_answer,"What is the minimum size of a randomly selected group of people such that there
is a greater than 50% chance they can celebrate the birthday of at least one
person in the group on every day of the year? Assume that all years have 365
days, and that birthdays are evenly spread throughout the year.
As always, you can use whatever techniques/resources you want to try and answer
this puzzle, and we don’t expect you to submit anything other than your answer.
That said, if you want to challenge yourself, see how far you can get just using
your intuition! How about if you add pencil & paper? How about if you add a
calculator? It could be difficult to arrive at an exact answer via these
methods, but if so, how tightly can you bound the answer?",2287,"The answer to this month’s puzzle is that
2287
people are needed in order to
make the probability that each birthday is covered greater than 50%.
This number isn’t necessarily easy to compute, but there are some approximations
we can make which show us the answer should be on that order.
If we had asked for the average number of people needed (instead of the median),
that would’ve been equivalent to the “coupon collector problem”. The average
number of people needed would’ve been 365 * (1/365 + 1/364 + 1/363 + … + 1) =
roughly 2365. Given that the average case incorporates what should be a long
tail on the right side of the distribution, the average should be greater than
the median, and thus 2365 would be an upper bound.
We can also get a lower bound. For a given day D, the probability of at least 1
out of N people having their birthday on that day would be [1 – (364/365)^N].
Given that at least 1 person has their birthday on D, it makes it slightly less
likely that the other days are covered. But if we ignore this effect and assume
independence, we could ask how large N would need to be in order for the product
of all 365 days’ individual probabilities to exceed 0.5. The expression [1 –
(364/365)^N]^365 becomes greater than 0.5 when N reaches 2285, so 2285 would be
a lower bound.
Congratulations to everyone who solved this month’s puzzle!","{""bucket"": ""collection_override_hard_candidate"", ""evidence"": ""Jane Street monthly puzzle collection; unified difficulty calibration pending""}",machine_checked,False,"{""answer_only_scorable"": true, ""benchmark_core"": true, ""counts_toward_official_topic_score"": true, ""scoring_metric"": ""binary_accuracy"", ""time_limit_minutes"": 30, ""topic_scoring_group"": ""probability_stochastic"", ""track"": ""answer_only_collection_core""}","{""publisher"": ""Jane Street Group, LLC"", ""question_url"": ""https://www.janestreet.com/puzzles/birthday-bash-index/"", ""retrieved_at"": ""2026-09-21T09:12:16.663589+00:00"", ""solution_url"": ""https://www.janestreet.com/puzzles/birthday-bash-solution""}","{""permission_required"": true, ""redistribution_scope"": ""restricted_staging_only"", ""release_track"": ""restricted_permission_required"", ""rights_status"": ""pending_direct_permission""}"
jane-street-2020-02,Jane Street Monthly Puzzles,Single-Cross,2020-02,probability_stochastic,geometry_spatial | optimization,geometric_probability | calculus_integration | continuous_optimization | symmetry_reduction | exact_arithmetic,probabilistic_process | geometry_problem | optimization_challenge | exact_value,"A random line segment of length D is chosen on a plane marked with an
infinite checkerboard grid (i.e., a unit side length square grid).
What length D maximizes the probability that the segment crosses
exactly one line on the checkerboard grid, and what is this maximal
probability?",D = 1; probability = 2/π,"The answer to this month’s puzzle is that
D = 1
and the resulting
probability is
2/π
(or about .6366). Some of you were able to
determine this via simulation, and others went for a more analytical
approach. Click
here
for our write-up of the solution.
Congratulations to all of our solvers!

[Official solution resources]
- https://www.janestreet.com/static/pdfs/puzzles/feb-2020-solution.pdf","{""bucket"": ""collection_override_hard_candidate"", ""evidence"": ""Jane Street monthly puzzle collection; unified difficulty calibration pending""}",machine_checked,True,"{""answer_only_scorable"": true, ""benchmark_core"": true, ""counts_toward_official_topic_score"": true, ""scoring_metric"": ""binary_accuracy"", ""time_limit_minutes"": 30, ""topic_scoring_group"": ""probability_stochastic"", ""track"": ""answer_only_collection_core""}","{""publisher"": ""Jane Street Group, LLC"", ""question_url"": ""https://www.janestreet.com/puzzles/single-cross-index/"", ""retrieved_at"": ""2026-09-21T09:11:58.110834+00:00"", ""solution_url"": ""https://www.janestreet.com/puzzles/single-cross-solution""}","{""permission_required"": true, ""redistribution_scope"": ""restricted_staging_only"", ""release_track"": ""restricted_permission_required"", ""rights_status"": ""pending_direct_permission""}"
jane-street-2020-10,Jane Street Monthly Puzzles,Candy Collectors,2020-10,probability_stochastic,combinatorics | algorithms_computation,combinatorial_counting | inclusion_exclusion | dynamic_programming | statistical_independence | computational_verification,probabilistic_process | code_search | exact_value,"Five children went trick-or-treating together and decided to randomly
split their candy haul at the end of the night. As it turned out, they
got a total of 25 pieces of candy, 5 copies each of 5 different types
(they live in a small town). They distribute the candies by choosing
an ordering of the 25 uniformly at random from all shufflings, and
then giving the first 5 to the first child, the second 5 to the
second, and so on.
What is the probability that each child has one type of candy that
they have strictly more of than every other trick-or-treater? Give
your (exact!) answer in a lowest terms fraction.
November update:
correct solutions to this puzzle have come in more
slowly than others, so we are going to keep it up for an extra month
and will have a new puzzle on the site in early December.",318281087/8016470462,"The probability that every child would have strictly more of a candy
than each other trick-or-treater was precisely
318281087/8016470462
, which comes to just under 4%. The most
straightforward way to compute this was to assign a particular candy
to each child and compute the probability of that (writing some code
certainly helped here) and then multiplying the result by 120 to
account for the disjoint other assignments of candy to
trick-or-treater.
Congrats to the following solvers who managed to submit the precise
probability correctly!","{""bucket"": ""collection_override_hard_candidate"", ""evidence"": ""Jane Street monthly puzzle collection; unified difficulty calibration pending""}",machine_checked,False,"{""answer_only_scorable"": true, ""benchmark_core"": true, ""counts_toward_official_topic_score"": true, ""scoring_metric"": ""binary_accuracy"", ""time_limit_minutes"": 30, ""topic_scoring_group"": ""probability_stochastic"", ""track"": ""answer_only_collection_core""}","{""publisher"": ""Jane Street Group, LLC"", ""question_url"": ""https://www.janestreet.com/puzzles/candy-collectors-index/"", ""retrieved_at"": ""2026-09-21T09:11:54.449235+00:00"", ""solution_url"": ""https://www.janestreet.com/puzzles/candy-collectors-solution""}","{""permission_required"": true, ""redistribution_scope"": ""restricted_staging_only"", ""release_track"": ""restricted_permission_required"", ""rights_status"": ""pending_direct_permission""}"
jane-street-2021-01,Jane Street Monthly Puzzles,Figurine Figuring,2021-01,probability_stochastic,algorithms_computation | combinatorics,expected_value | dynamic_programming | combinatorial_counting | sorting_ordering | computational_verification,probabilistic_process | code_search | approximate_value,"Jane received 78 figurines as gifts this holiday season: 12 drummers
drumming, 11 pipers piping, 10 lords a-leaping, etc., down to 1
partridge in a pear tree. They are all mixed together in a big bag.
She agrees with her friend Alex that this seems like too many
figurines for one person to have, so she decides to give some of her
figurines to Alex. Jane will uniformly randomly pull figurines out of
the bag one at a time until she pulls out the partridge in a pear
tree, and will give Alex all of the figurines she pulled out of the
bag (except the partridge, that’s Jane’s favorite).
If
n
is the maximum number of any one type of ornament that Alex gets,
what is the expected value of
n
, to seven significant figures?",6.859787,"This month’s puzzle required a careful computation to remain
tractable. One approach that would work: by keeping track of the
position of the partridge figurine and the maximum count of identical
figurines drawn before it as the twelve different sets of figurines
were inserted into the permutation reduced the space into a matrix of
size 78 x 12. The final expected value was approximately
6.859787
.
Congratulations to everyone who found the expected value to within the
requested accuracy.","{""bucket"": ""collection_override_hard_candidate"", ""evidence"": ""Jane Street monthly puzzle collection; unified difficulty calibration pending""}",machine_checked,False,"{""answer_only_scorable"": true, ""benchmark_core"": true, ""counts_toward_official_topic_score"": true, ""scoring_metric"": ""binary_accuracy"", ""time_limit_minutes"": 30, ""topic_scoring_group"": ""probability_stochastic"", ""track"": ""answer_only_collection_core""}","{""publisher"": ""Jane Street Group, LLC"", ""question_url"": ""https://www.janestreet.com/puzzles/figurine-figuring-index/"", ""retrieved_at"": ""2026-09-21T09:11:53.398088+00:00"", ""solution_url"": ""https://www.janestreet.com/puzzles/figurine-figuring-solution""}","{""permission_required"": true, ""redistribution_scope"": ""restricted_staging_only"", ""release_track"": ""restricted_permission_required"", ""rights_status"": ""pending_direct_permission""}"
jane-street-2021-04,Jane Street Monthly Puzzles,Bracketology 101,2021-04,probability_stochastic,algorithms_computation | optimization | game_theory_strategy,dynamic_programming | combinatorial_counting | conditional_probability | exhaustive_search | optimization_modeling,probabilistic_process | game_strategy | optimization_challenge | approximate_value,"There’s a certain insanity in the air this time of the year that gets us thinking about tournament brackets. Consider a tournament with 16 competitors, seeded 1-16, and arranged in the single-elimination bracket pictured above (identical to a “region” of the NCAA Division 1 basketball tournament). Assume that when the X-seed plays the Y-seed, the X-seed has a Y/(X+Y) probability of winning. E.g. in the first round, the 5-seed has a 12/17 chance of beating the 12-seed.
Suppose the 2-seed has the chance to secretly swap two teams’ placements in the bracket before the tournament begins. So, for example, say they choose to swap the 8- and 16-seeds. Then the 8-seed would play their first game against the 1-seed and have a 1/9 chance of advancing to the next round, and the 16-seed would play their first game against the 9-seed and have a 9/25 chance of advancing.
What seeds should the 2-seed swap to maximize their (the 2-seed’s) probability of winning the tournament, and how much does the swap increase that probability? Give your answer to six significant figures.

[Official puzzle resources]
- https://www.janestreet.com/puzzles/2021-04-01-bracketology-101.png",Swap seeds 3 and 16; improvement = 6.55795%,"The most straightforward way to solve this puzzle was to compute the
probability distributions of the winners of each match recursively,
given each swap. The most advantageous swap for the 2-seed is to swap
seeds
3 and 16
, which increases the 2-seed’s probability of winning by
6.55795%
. One easy mistake to make was to accidentally report the
1-seed’s probability of winning after swapping the 2-seed with the
1-seed. This swap is good for the 2-seed, but only increases their
probability of winning from 21.6040% to 23.0283%, so 1.4243%.
The following puzzlers managed to find the correct swap and the
increase in probability.","{""bucket"": ""collection_override_hard_candidate"", ""evidence"": ""Jane Street monthly puzzle collection; unified difficulty calibration pending""}",machine_checked,True,"{""answer_only_scorable"": true, ""benchmark_core"": true, ""counts_toward_official_topic_score"": true, ""scoring_metric"": ""binary_accuracy"", ""time_limit_minutes"": 30, ""topic_scoring_group"": ""probability_stochastic"", ""track"": ""answer_only_collection_core""}","{""publisher"": ""Jane Street Group, LLC"", ""question_url"": ""https://www.janestreet.com/puzzles/bracketology-101-index/"", ""retrieved_at"": ""2026-09-21T09:11:51.839528+00:00"", ""solution_url"": ""https://www.janestreet.com/puzzles/bracketology-101-solution""}","{""permission_required"": true, ""redistribution_scope"": ""restricted_staging_only"", ""release_track"": ""restricted_permission_required"", ""rights_status"": ""pending_direct_permission""}"
jane-street-2021-08,Jane Street Monthly Puzzles,Robot Tug-of-War,2021-08,probability_stochastic,algebra_equations | game_theory_strategy,differential_equations | calculus_integration | symmetry_reduction | numerical_root_finding | algebraic_manipulation,probabilistic_process | game_strategy | approximate_value,"The
Robot Weightlifting World
Championship
was such a huge success that the organizers have hired you to help
design its sequel: a Robot Tug-of-War Competition!
In each one-on-one matchup, two robots are tied together with a
rope. The center of the rope has a marker that begins above position 0
on the ground. The robots then alternate pulling on the rope. The
first robot pulls in the positive direction towards 1; the second
robot pulls in the negative direction towards
-1.
Each pull moves
the marker a uniformly random draw from [0,1] towards the pulling
robot. If the marker first leaves the interval
[‑½,½]
past ½,
the first robot wins. If instead it first leaves the interval past
-½,
then the second robot wins.
However, the organizers quickly noticed that the robot going second is
at a disadvantage. They want to handicap the first robot by changing
the initial position of the marker on the rope to be at some negative
real number. Your job is to compute the position of the marker that
makes each matchup a 50-50 competition between the robots.
Find this
position to seven significant digits
—the integrity of the Robot
Tug-of-War Competition hangs in the balance!",-0.2850001…,"In order to find the starting position of the tug-of-war to make a
fair fight, we define the function
f
on [-0.5,0.5] as
f
(
x
) =: Prob(Player 1 wins at a starting position of x).
The symmetry of the game implies
f
(
x
) = Prob(Player 1 wins in the first move) + ∫
x
½
Prob(Player 2 wins starting at position (-
y
))
dy
= (½ +
x
) + ∫
x
½
(1 -
f
(-
y
))
dy
.
Differentiating and applying the fundamental theorem of calculus, we get
f’
(
x
) = 1 - (1 -
f
(-
x
)) =
f
(-
x
).
Differentiating again and employing the chain rule, and then substituting the equation above, we get
f’’
(
x
) =
f’
(-
x
)·(-1) = -
f’
(-
x
) = -
f
(
x
). The general solution to this differential equation is
f
(
x
) =
A
sin(
x
) +
B
cos(
x
).
We need two boundary conditions to determine
f
exactly. First, it’s clear we must have
f
(½) = 1. Second, from the above formula,
f’
(0) =
f
(0)
Therefore,
A
sin(½) +
B
cos(½) = 1, and
A
cos(0) -
B
sin(0) =
A
sin(0) +
B
cos(0).
The second equation implies
A
=
B
, and the first equation then gives
A
=
B
= 1/(sin(½) + cos(½)), so
f
(
x
) = (sin(
x
) + cos(
x
))/(sin(½) + cos(½)).
Therefore the answer is the solution to (sin(
x
) +
cos(
x
))/(sin(½) + cos(½)) = ½ on [-½,0]. A calculator can give this
to the desired accuracy,
-0.2850001…
, or by using that
sin(
x
) + cos(
x
) = √(2)·sin(
x
+ 𝜋/4)
we can exactly solve that the answer is arcsin(sin(½ + 𝜋/4)/2) - 𝜋/4.
Congrats to this month’s solvers who successfully found the answer for
running an honest robot tug-of-war!","{""bucket"": ""collection_override_hard_candidate"", ""evidence"": ""Jane Street monthly puzzle collection; unified difficulty calibration pending""}",machine_checked,False,"{""answer_only_scorable"": true, ""benchmark_core"": true, ""counts_toward_official_topic_score"": true, ""scoring_metric"": ""binary_accuracy"", ""time_limit_minutes"": 30, ""topic_scoring_group"": ""probability_stochastic"", ""track"": ""answer_only_collection_core""}","{""publisher"": ""Jane Street Group, LLC"", ""question_url"": ""https://www.janestreet.com/puzzles/robot-tug-of-war-index/"", ""retrieved_at"": ""2026-09-21T09:11:49.722447+00:00"", ""solution_url"": ""https://www.janestreet.com/puzzles/robot-tug-of-war-solution""}","{""permission_required"": true, ""redistribution_scope"": ""restricted_staging_only"", ""release_track"": ""restricted_permission_required"", ""rights_status"": ""pending_direct_permission""}"
jane-street-2021-12,Jane Street Monthly Puzzles,Robot Archery,2021-12,probability_stochastic,game_theory_strategy | algebra_equations,recurrence_relations | differential_equations | conditional_probability | equation_systems | exact_arithmetic,probabilistic_process | game_strategy | approximate_value,"After a grueling year filled with a wide variety of
robot
sporting
events
, we have arrived at the final event of the year:
Robot Archery
. Four robots have qualified for this year’s finals, and have been seeded in the following order:
Robot
Seed
Aaron
1
Barron
2
Caren
3
Darrin
4
The robots will take turns shooting arrows at a target
1
, starting with Aaron and proceeding in order by seed. When it is a given robot’s turn, they shoot a single arrow. If it is closer to the center of the target than
all
previous arrows by all players, that robot remains in the tournament, going to the back of the queue to await their next turn. Otherwise that robot is eliminated immediately. The last robot remaining in the queue is the winner.
For example, here is how
last year’s
finals went, in which
Caren
was the winner. (Oddly enough it involved the same robots in the same seeding.)
Turn
Robot
Distance
1
Aaron
10nm
2
Barron
8nm
3
Caren
7nm
4
Darrin
1km
5
Aaron
9nm
6
Barron
2nm
7
Caren
1nm
8
Barron
1Ym
2
To ten decimal places, what is the probability that
Darrin
will be this year’s winner?
(Or, if you want to send in the
exact answer
, that’s fine too!)
[1] Each robot is equally skilled. Which is to say: for any region
R
on the target with nonzero area, the robots all have the same positive probability of landing an arrow within
R
on any given shot.
[2] It’s a large target.","P₄,₄(1) ≈ 0.18343765086","[Above is a Mathematica-derived solution to the systems of equations
described in the 4-player tournament described below]
Without loss of generality we can assume an arrow’s distance to the center of the target is U[0,1] distributed. Let
P
j,k
(
x
) denote the probability that Player
j
out of
k
in the
current
line will eventually win the game, given that the current best dart is at distance
x
.
In a 2-player archery tournament, we would have
P
1,2
(
x
) +
P
2,2
(
x
) = 1,
P
1,2
(0) = 0, and
P
1,2
(
x
) = ∫
0
x
P
2,2
(
u
) d
u
. Taking derivatives of both sides in that last equation and substituing gives
P
‘
1,2
(
x
) = −
P
1,2
(x). Solving gives
P
1,2
(
x
) = 1−e
−
x
.
In the 3-player version of the game, we get the following system of equations:
P
1,3
(
x
) = ∫
0
x
P
3,3
(
u
) d
u
P
2,3
(
x
) = (1 -
x
)
P
1,2
(
x
) + ∫
0
x
P
1,3
(
u
) d
u
P
1,3
(
x
) +
P
2,3
(
x
) +
P
3,3
(
x
) = 1
P
1,3
(0) =
P
2,3
(0) = 0.
And for the 4-player version we have the following:
P
1,4
(
x
) = ∫
0
x
P
4,4
(
u
) d
u
P
2,4
(
x
) = (1 -
x
)
P
1,3
(
x
) + ∫
0
x
P
1,4
(
u
) d
u
P
3,4
(
x
) = (1 -
x
)
P
2,3
(
x
) + ∫
0
x
P
2,4
(
u
) d
u
P
1,4
(
x
) +
P
2,4
(
x
) +
P
3,4
(
x
) +
P
4,4
(
x
) = 1
P
1,4
(0) =
P
2,4
(0) =
P
3,4
(0) = 0.
In particular we have
P
4,4
(1) = (-5/4)*(cos(1) + sin(1)) + (1/2)*
e
-1
+ (
e
-1/2
)*(cos(sqrt(3)/2) + 5/sqrt(3)*sin(sqrt(3)/2)), or approximately 0.18343765086.
Congrats to this month’s solvers!

[Official solution resources]
- https://www.janestreet.com/puzzles/2021-12-01-robot-archery-solution.png","{""bucket"": ""collection_override_hard_candidate"", ""evidence"": ""Jane Street monthly puzzle collection; unified difficulty calibration pending""}",machine_checked,True,"{""answer_only_scorable"": true, ""benchmark_core"": true, ""counts_toward_official_topic_score"": true, ""scoring_metric"": ""binary_accuracy"", ""time_limit_minutes"": 30, ""topic_scoring_group"": ""probability_stochastic"", ""track"": ""answer_only_collection_core""}","{""publisher"": ""Jane Street Group, LLC"", ""question_url"": ""https://www.janestreet.com/puzzles/robot-archery-index/"", ""retrieved_at"": ""2026-09-21T09:11:47.731909+00:00"", ""solution_url"": ""https://www.janestreet.com/puzzles/robot-archery-solution""}","{""permission_required"": true, ""redistribution_scope"": ""restricted_staging_only"", ""release_track"": ""restricted_permission_required"", ""rights_status"": ""pending_direct_permission""}"
jane-street-2022-07,Jane Street Monthly Puzzles,Andy's Morning Stroll,2022-07,probability_stochastic,graph_network | geometry_spatial,random_walk | markov_chain | expected_value | graph_modeling | symmetry_reduction,probabilistic_process | graph_problem | approximate_value,"Andy the ant has spent most of his days living on a strange land
consisting of white hexagons that are surrounded by alternating black
pentagons and white hexagons (three of each), and black pentagons
surrounded by five white hexagons. To us this land is familiar as the
classic
soccer ball
we
see above on the left. Due to Andy’s tiny size and terrible eyesight,
he doesn’t notice the curvature of the land and avoids the black
pentagons because he suspects they may be bottomless pits.
Every morning he wakes up on a white hexagon, leaves some pheromones
to mark it as his special
home
space, and starts his random morning
stroll. Every step on this stroll takes him to one of the three
neighboring white hexagons with equal probability. He ends his stroll
as soon as he first returns to his home space. As an example, on
exactly 1/3 of mornings Andy’s stroll is 2 steps long, as he randomly
visits one of the three neighbors, and then has a 1/3 probability of
returning immediately to the home hexagon.
This morning, his soccer ball bounced through a kitchen with an
infinite (at least practically speaking…) regular hexagonal floor
tiling consisting of black and white hexagons, a small part of which
is shown above on the right. In this tiling every white hexagon is
surrounded by alternating black and white hexagons, and black hexagons
are surrounded by six white hexagons. Andy fell off the ball and woke
up on a white hexagon. He didn’t notice any change in his
surroundings, and goes about his normal morning routine.
Let
p
be the probability that his morning stroll on this new land is
strictly more
steps than the expected number of steps his strolls on
the soccer ball took.
Find
p
, rounded to seven significant digits
.

[Official puzzle resources]
- https://www.janestreet.com/puzzles/andys-morning-stroll.png",0.4480326…,"Andy normally strolls across the hexagons of a soccer ball. To find
the average length of this stroll, which turns out to be exactly 20,
we could set up a series of equations, but the following intuitive
argument may be more satisfying.
Imagine Andy took an extremely long stroll on these hexagons without
stopping and we chopped that stroll into segments starting and ending
at his home square. The symmetry of the ball suggests, in the limit of
the length of the stroll going to infinity, exactly 1/20 of the
hexagons Andy visits will be his home hexagon. This means the sum of
the lengths of all the segments, divided by the number of segments,
will approach 20. But this limiting ratio is exactly the average
length of a stroll starting and ending at his home hexagon!
So now we need to compute the probability that his stroll on the
kitchen floor will strictly exceed twenty steps. This was a bit of a
computational exercise, we can construct a transition matrix showing
that this probability, to seven significant digits, is
0.4480326…
Congrats to this month’s solvers!","{""bucket"": ""collection_override_hard_candidate"", ""evidence"": ""Jane Street monthly puzzle collection; unified difficulty calibration pending""}",machine_checked,True,"{""answer_only_scorable"": true, ""benchmark_core"": true, ""counts_toward_official_topic_score"": true, ""scoring_metric"": ""binary_accuracy"", ""time_limit_minutes"": 30, ""topic_scoring_group"": ""probability_stochastic"", ""track"": ""answer_only_collection_core""}","{""publisher"": ""Jane Street Group, LLC"", ""question_url"": ""https://www.janestreet.com/puzzles/andys-morning-stroll-index/"", ""retrieved_at"": ""2026-09-21T09:11:43.955508+00:00"", ""solution_url"": ""https://www.janestreet.com/puzzles/andys-morning-stroll-solution""}","{""permission_required"": true, ""redistribution_scope"": ""restricted_staging_only"", ""release_track"": ""restricted_permission_required"", ""rights_status"": ""pending_direct_permission""}"
jane-street-2023-08,Jane Street Monthly Puzzles,Single-Cross 2,2023-08,probability_stochastic,geometry_spatial | optimization,geometric_probability | spherical_geometry | calculus_integration | continuous_optimization | numerical_root_finding,probabilistic_process | geometry_problem | optimization_challenge | approximate_value,"Consider 3-space (i.e.
R
3
) partitioned into a grid of unit
cubes with faces defined by the planes of all points with at least one
integer coordinate. For a fixed positive real number
D
, a random
line segment of length
D
(chosen uniformly in location and
orientation) is placed in this cubic lattice.
What length
D
maximizes the probability that the endpoints of the
segment lie in orthogonally adjacent unit cubes (that is, the segment
crosses exactly one integer-coordinate plane), and what is this
maximal probability? Give your answer as a
comma-separated pair of
values to 10 significant places
(e.g. “1.234567891,0.2468135792”).",D ≈ 0.7452572091; maximum probability ≈ 0.5095346021,"August’s puzzle was a three dimensional throwback to
Single Cross
from three years ago. Careful computation determined that for lengths D <= 1, the probability of a single cross comes to the pleasantly symmetric spherical coordinate double integral. (As seen above.)
This double integral miraculously simplifies to (1/(4π))*D(-16D + 3D^2 + 6π). This function has a local maximum at D = (16 - sqrt(256 - 54π))/9 ~
0.7452572091
, with value ~
0.5095346021
. The argument that there can’t be a second higher local maximum with D > 1 is left to the puzzler.
Congrats to this month’s solvers who successfully completed the optimal length and probability!

[Official solution resources]
- https://www.janestreet.com/puzzles/20230905_single_cross_2.PNG","{""bucket"": ""collection_override_hard_candidate"", ""evidence"": ""Jane Street monthly puzzle collection; unified difficulty calibration pending""}",machine_checked,True,"{""answer_only_scorable"": true, ""benchmark_core"": true, ""counts_toward_official_topic_score"": true, ""scoring_metric"": ""binary_accuracy"", ""time_limit_minutes"": 30, ""topic_scoring_group"": ""probability_stochastic"", ""track"": ""answer_only_collection_core""}","{""publisher"": ""Jane Street Group, LLC"", ""question_url"": ""https://www.janestreet.com/puzzles/single-cross-2-index/"", ""retrieved_at"": ""2026-09-21T09:11:37.138574+00:00"", ""solution_url"": ""https://www.janestreet.com/puzzles/single-cross-2-solution""}","{""permission_required"": true, ""redistribution_scope"": ""restricted_staging_only"", ""release_track"": ""restricted_permission_required"", ""rights_status"": ""pending_direct_permission""}"
jane-street-2024-02,Jane Street Monthly Puzzles,Some Off Square,2024-02,probability_stochastic,geometry_spatial,geometric_probability | coordinate_geometry | calculus_integration | symmetry_reduction | area_dissection,probabilistic_process | geometry_problem | exact_value,"A circle is randomly generated by sampling two points uniformly and
independently from the interior of a square and using these points to determine its diameter. What is the probability
that the circle has a part of it that is off the square?
Give your
answer in exact terms
.

[Official puzzle resources]
- https://www.janestreet.com/puzzles/some_off_square.png",1 − π/6,"This month’s puzzle asked solvers to determine the likelihood that a circle with a randomly determined diameter — its endpoints chosen uniformly from within a square — would have some part of it protruding off the square.
One approach, sketched out in part above, is to instead consider the situation where the circle’s
center
and a point on the perimeter are chosen at random. One can show that there is a π/24 chance that the circle thus determined will be contained within the square.
Now, imagine choosing these circles by first selecting the point on the
perimeter
and then selecting the center. By doubling the vector from the perimeter point to the center, we get a vector which comprises the circle’s diameter. (That is, its new endpoint is the point one would need to select under the original problem statement in order to obtain the same circle.) However, with probability 3/4, that point is located outside the square! So the space of circles chosen by diameter is a uniform one-fourth of the circles chosen by radius. Crucially, all the circles that are entirely within the square can be selected by every diameter (by definition of them being entirely within the square), so the uniformity of the subspace is known for circles entirely contained within the square.
This means we have a π/6 chance of the circle being entirely within the square, so our answer is the complement
1
of this value, namely
1−π/6
.
Congrats to this month’s solvers!
Which is not, as we got a handful of times, “5π/6” :-)
↩

[Official solution resources]
- https://www.janestreet.com/puzzles/some-off-solution.png","{""bucket"": ""collection_override_hard_candidate"", ""evidence"": ""Jane Street monthly puzzle collection; unified difficulty calibration pending""}",machine_checked,True,"{""answer_only_scorable"": true, ""benchmark_core"": true, ""counts_toward_official_topic_score"": true, ""scoring_metric"": ""binary_accuracy"", ""time_limit_minutes"": 30, ""topic_scoring_group"": ""probability_stochastic"", ""track"": ""answer_only_collection_core""}","{""publisher"": ""Jane Street Group, LLC"", ""question_url"": ""https://www.janestreet.com/puzzles/some-off-square-index/"", ""retrieved_at"": ""2026-09-21T09:11:33.700557+00:00"", ""solution_url"": ""https://www.janestreet.com/puzzles/some-off-square-solution""}","{""permission_required"": true, ""redistribution_scope"": ""restricted_staging_only"", ""release_track"": ""restricted_permission_required"", ""rights_status"": ""pending_direct_permission""}"
jane-street-2024-11,Jane Street Monthly Puzzles,Beside the Point,2024-11,probability_stochastic,geometry_spatial,geometric_probability | coordinate_geometry | calculus_integration | symmetry_reduction | area_dissection,probabilistic_process | geometry_problem | exact_value,"Two random points, one red and one blue, are chosen uniformly and independently from the interior of a square. To ten decimal places
1
, what is the probability that there exists a point on the side of the square
closest to the blue point
that is equidistant to both the blue point and the red point?
(Or, if you want to send in the
exact answer
, that’s fine too!)
↩

[Official puzzle resources]
- https://www.janestreet.com/puzzles/november-2024.png",(1 + 2π − ln(4)) / 12 (≈ 0.4914075788),"For our November puzzle you had to compute the probability that two ordered points,
randomly uniformly selected from a square, would have an equidistant point on the edge
closest to the first point in the pair. Given the first point, without loss of generality
uniformly selected from a lower triangular octant of the square outlined in black above,
the second point would need to be in the blue-shaded symmetric difference of two circles
centered at the bottom vertices of the square that pass through the first point.
The precision requested for the answer meant an analytical solution likely would be
required. Below the diagram is an integral expressing the total area of these blue-shaded
regions, which comes to
(1 + 2π - ln(4))/12
, or approximately
0.4914075788…
Congrats to the November solvers that computed the tricky probability!

[Official solution resources]
- https://www.janestreet.com/puzzles/beside-point-sol.png","{""bucket"": ""collection_override_hard_candidate"", ""evidence"": ""Jane Street monthly puzzle collection; unified difficulty calibration pending""}",machine_checked,True,"{""answer_only_scorable"": true, ""benchmark_core"": true, ""counts_toward_official_topic_score"": true, ""scoring_metric"": ""binary_accuracy"", ""time_limit_minutes"": 30, ""topic_scoring_group"": ""probability_stochastic"", ""track"": ""answer_only_collection_core""}","{""publisher"": ""Jane Street Group, LLC"", ""question_url"": ""https://www.janestreet.com/puzzles/beside-the-point-index/"", ""retrieved_at"": ""2026-09-21T09:11:28.442443+00:00"", ""solution_url"": ""https://www.janestreet.com/puzzles/beside-the-point-solution""}","{""permission_required"": true, ""redistribution_scope"": ""restricted_staging_only"", ""release_track"": ""restricted_permission_required"", ""rights_status"": ""pending_direct_permission""}"
jane-street-2025-04,Jane Street Monthly Puzzles,"Sum One, Somewhere",2025-04,probability_stochastic,graph_network | algorithms_computation,recurrence_relations | fixed_point_analysis | graph_modeling | numerical_root_finding | statistical_independence,probabilistic_process | graph_problem | approximate_value,"For a fixed
p
, independently label the nodes of an infinite complete binary tree 0 with
probability
p
, and 1 otherwise. For what
p
is there exactly a 1/2 probability that
there exists an infinite path down the tree that sums to
at most 1
(that is, all nodes
visited, with the possible exception of one, will be labeled 0). Find this value of
p
accurate to
10 decimal places
.

[Official puzzle resources]
- https://www.janestreet.com/puzzles/sum-one-somewhere.png",0.5306035754…,"For a fixed
p
, let f(
p
) be the probability that the tree has an
infinite path of sum zero, and g(
p
) the probability that the tree has
an infinite path of sum at most 1. This month’s problem is asking to
find the
p
such that g(
p
) = 1/2.
Using the decomposition of a binary tree into its root and its two subtrees, we see
f(
p
) =
p
·(2f(
p
) - f(
p
)
2
)
which simplifies to
f(
p
) = 2 - 1/
p
.
Further, we see
g(
p
) =
p
·(2g(
p
) - g(
p
)
2
) + (1-
p
)·(2f(
p
) - f(
p
)
2
).
Plugging in g(
p
) = 1/2 we end up with a cubic equation in
p
:
3
p
3
- 10
p
2
+ 12
p
- 4 = 0
with approximate solution
0.5306035754…
Congrats to this month’s solvers!","{""bucket"": ""collection_override_hard_candidate"", ""evidence"": ""Jane Street monthly puzzle collection; unified difficulty calibration pending""}",machine_checked,True,"{""answer_only_scorable"": true, ""benchmark_core"": true, ""counts_toward_official_topic_score"": true, ""scoring_metric"": ""binary_accuracy"", ""time_limit_minutes"": 30, ""topic_scoring_group"": ""probability_stochastic"", ""track"": ""answer_only_collection_core""}","{""publisher"": ""Jane Street Group, LLC"", ""question_url"": ""https://www.janestreet.com/puzzles/sum-one-somewhere-index/"", ""retrieved_at"": ""2026-09-21T09:11:26.130838+00:00"", ""solution_url"": ""https://www.janestreet.com/puzzles/sum-one-somewhere-solution""}","{""permission_required"": true, ""redistribution_scope"": ""restricted_staging_only"", ""release_track"": ""restricted_permission_required"", ""rights_status"": ""pending_direct_permission""}"
jane-street-2026-03,Jane Street Monthly Puzzles,Planetary Parade,2026-03,probability_stochastic,geometry_spatial | combinatorics,geometric_probability | spherical_geometry | combinatorial_counting | symmetry_reduction | calculus_integration,probabilistic_process | geometry_problem | multi_part | exact_value,"We are enjoying a planetary parade during the beginning of this month
here on Earth, but my alien friend from the distant planet Pyrknot
(well modeled as a perfect sphere) isn’t too impressed. Their
single-star system has six planets other than Pyrknot with such
chaotic orbits that each night these planets independently appear in
uniformly random locations in the Pyrknothian sky (the planets aren’t
visible in daylight). If at a given moment there exists somewhere
on Pyrknot that all six planets are visible, then from my friend’s
position on the surface they have an
α
probability of also seeing
all of the planets.
My friend is considering building a tower to improve their chances of
seeing these planetary parades. Assume the tower allows the viewing of
every celestial body that could be seen from at least one location on
the surface of Pyrknot less than a distance
r
from the base of the
tower. In the limit of
r
being small compared to the radius
R
of
Pyrknot, the new probability of seeing the planetary parade from the
top of the tower is linearly approximated by
α
+
β
·(
r
/
R
). Find
α
and
β
in exact terms.",α = 1/44; β = 5/44,"This month we had to compute some tricky probabilities involving
planetary observability in the Pyrknot star system. We are told that
the six “coplanets” to Pyrknot have indepedent uniform positions in
the sky, and are not visible in daylight (so we also need to treat the
star as a seventh celestial body that can’t be in the sky for a
planetary parade to occur). So to find α we can reason in the
following way:
From each point on Pyrknot’s surface one can see exactly half of the
full sphere of the sky, and so each of the celestial bodies defines a
great circle dividing Pyrknot into the half that can see that body and
the half that cannot. Now, these great circles chop up the surface of
Pyrknot into a graph with a number of vertices V, edges E, and
faces (or regions) F, that satisfy the Euler characteristic formula
for a sphere of V - E + F = 2. We know
All pairs of great circles intersect each other at two vertices, so V = 2 * (7 * 6 / 2) = 42.
Each of the seven great circles is divided into 12 edges from these vertices, so E = 7 * 12 = 84.
Therefore F = 2 - V + E = 2 - 42 + 84 = 44.
So you end up with 44 different regions that each would see a distinct
subset of the planets ignoring the fact that when their star is
visible no planets can be seen. Either one or zero of those regions
can see a planetary parade at a given moment and so conditional on one
region seeing one, you are 1/44 to be inside the same region as that
someone (the regions are all equal in expected area by symmetry).
Now, if you build a tower that allows you to see any celestial body
visible from a point up to
r
distance away on the surface of
Pyrknot, to first order you are pushing outward the borders of the
region by
r
and so improve your probability proportional to the
length of the perimeter of the region. But not quite, because 1/7 of
the boundary of the region (in expectation) is caused by the day/night
boundary on Pyrknot, and if your tower is near this boundary you could
actually ruin seeing a planetary parade by the top of your tower being
in daylight. Egads!
The expected perimeter of the region is just
(1/44) * [total perimeter of all regions] = 1/44 * [14 * 2π
R
] = (7/11)π
R
.
Now 6/7 of that perimeter expands by a distance
r
and 1/7 of that
perimeter contracts by a distance
r
. To first order the absolute
difference in area is
(6/11)π
R
⋅
r
- (1/11)π
R
⋅
r
= (5/11)π
R
⋅
r
.
As a percentage of the full area of Pyrknot, 4π
R
2
, this difference is
[(5/11)π
R
⋅
r
] / [4π
R
2
] = (5/44)(
r
/
R
)
And thus
α = 1/44
and
β = 5/44
.
Congrats to the solvers able to reason out this tricky astronomical setup!","{""bucket"": ""collection_override_hard_candidate"", ""evidence"": ""Jane Street monthly puzzle collection; unified difficulty calibration pending""}",machine_checked,False,"{""answer_only_scorable"": true, ""benchmark_core"": true, ""counts_toward_official_topic_score"": true, ""scoring_metric"": ""binary_accuracy"", ""time_limit_minutes"": 30, ""topic_scoring_group"": ""probability_stochastic"", ""track"": ""answer_only_collection_core""}","{""publisher"": ""Jane Street Group, LLC"", ""question_url"": ""https://www.janestreet.com/puzzles/planetary-parade-index/"", ""retrieved_at"": ""2026-09-21T09:11:20.363830+00:00"", ""solution_url"": ""https://www.janestreet.com/puzzles/planetary-parade-solution""}","{""permission_required"": true, ""redistribution_scope"": ""restricted_staging_only"", ""release_track"": ""restricted_permission_required"", ""rights_status"": ""pending_direct_permission""}"
jane-street-2026-08,Jane Street Monthly Puzzles,Andy's Afternoon Amble,2026-08,probability_stochastic,graph_network | geometry_spatial,random_walk | markov_chain | graph_modeling | equation_systems | symmetry_reduction,probabilistic_process | graph_problem | exact_value,"Andy the ant has moved on from his classic ‘Telstar’
soccer
ball
homeland to live on
a simpler spherical surface consisting of four white hexagons that are surrounded by
alternating black triangles and white hexagons (three of each), and four black triangles
surrounded by three white hexagons. To us this land is a truncated tetrahedron blown up
into a sphere we see above on the left. Due to Andy’s tiny size and terrible eyesight, he
doesn’t notice the curvature of the land and avoids the black triangles because he
suspects they may be bottomless pits.
Much like his morning routine, every afternoon he wakes up from his nap on a white
hexagon, leaves some pheromones to mark it as his special
home
space, and starts his
random amble. Every step on this walk takes him to one of the three neighboring
white hexagons with equal probability. He ends his amble as soon as he first returns to
his home space, which he recognizes but cannot distinguish the edges of (i.e. he doesn’t
know if he returned across the same edge as he left). As an example, on exactly 1/3 of
afternoons Andy’s amble is 2 steps long, as he randomly visits one of the three neighbors,
and then has a 1/3 probability of returning immediately to the home hexagon.
This afternoon his truncated tetrahedral homeland bounced through the very same kitchen with
an infinite regular hexagonal floor tiling consisting of black and white hexagons, shown
above on the right. In this tiling every white hexagon is surrounded by alternating black
and white hexagons, and black hexagons are surrounded by six white hexagons. Andy fell off
the ball and woke up on a white hexagon. He didn’t notice any change in his surroundings,
and goes about his normal amble.
Throughout his walk, Andy remembers the turns he’s taken. Let
p
be the probability
that by the end of his afternoon amble on this new land he has discovered that he is no
longer on the truncated tetrahedral sphere.
Find
p
in exact terms
.

[Official puzzle resources]
- https://www.janestreet.com/puzzles/andys-afternoon-amble.gif",11/20,"Andy normally strolls across the hexagons of a truncated tetrahedron. Every hexagon that isn’t his home hexagon is adjacent to it, so as soon as he moves back to what he thinks is his home hexagon on the tiled floor, he finds out he’s not on the truncated hexagon unless he also happens to return to the home hexagon there (the moments when Andy encounters a red hexagon instead of his home green hexagon, in this image we assume without loss of generality that Andy’s first move was moving ‘southeast’). A nice system of equations can be set up, reduced to 4 states using the symmetry of the 6-cycle of hexagons he moves into (which he interprets to be the 3-cycle of blue nonhome hexagons on the truncated tetrahedron).
Let
p
i
be the probability that, starting
i
hexagons away from the tile adjacent to his home hexagon, Andy leaves the 6-cycle from the tile adjacent to his home hexagon. The blue 6-cycle hexagons are labeled with their value of
i
on the tiled floor. So
p
0
is the probability he doesn’t notice he’s not on the truncated tetrahedron anymore. Since every move has probability 1/3, we can deduce
p
0
= 1/3 + 2/3 *
p
1
p
1
= 1/3 *
p
0
+ 1/3 *
p
2
p
2
= 1/3 *
p
1
+ 1/3 *
p
3
p
3
= 2/3 *
p
2
These can be solved to determine that
p
0
= 9/20. We were asked for the probability that Andy discovers he isn’t on the truncated tetrahedron, which is the complement of this probability,
11/20
.
Congrats to this month’s solvers!

[Official solution resources]
- https://www.janestreet.com/puzzles/andys-afternoon-amble-solution.gif","{""bucket"": ""collection_override_hard_candidate"", ""evidence"": ""Jane Street monthly puzzle collection; unified difficulty calibration pending""}",machine_checked,True,"{""answer_only_scorable"": true, ""benchmark_core"": true, ""counts_toward_official_topic_score"": true, ""scoring_metric"": ""binary_accuracy"", ""time_limit_minutes"": 30, ""topic_scoring_group"": ""probability_stochastic"", ""track"": ""answer_only_collection_core""}","{""publisher"": ""Jane Street Group, LLC"", ""question_url"": ""https://www.janestreet.com/puzzles/andys-afternoon-amble-index/"", ""retrieved_at"": ""2026-09-21T09:11:17.805449+00:00"", ""solution_url"": ""https://www.janestreet.com/puzzles/andys-afternoon-amble-solution""}","{""permission_required"": true, ""redistribution_scope"": ""restricted_staging_only"", ""release_track"": ""restricted_permission_required"", ""rights_status"": ""pending_direct_permission""}"
